DATE,MKTRF,SMB,MGMT,PERF,RF
19630102,-0.005400,0.0099781773,0.0062336411,-0.006542413,0.00010
19630103,0.016600,0.004781452,0.0045756841,-0.02094581,0.00010
19630104,0.006800,-0.004450548,0.0031640111,-0.006272261,0.00010
19630107,0.000600,0.005247487,0.0045940604,-0.000360012,0.00010
19630108,0.009000,-0.00053283,0.0007292418,0.0025695,0.00010
19630109,-0.001600,0.0036014808,0.0022261965,0.0064036381,0.00010
19630110,0.001900,-0.004536161,0.0046709642,-0.003377832,0.00010
19630111,0.002500,0.0004097691,0.000468924,0.0004840946,0.00010
19630114,0.005700,-0.000790377,-0.003544338,-0.00831472,0.00010
19630115,-0.001000,0.0041277359,0.0005721818,0.0056787133,0.00010
19630116,-0.006900,0.0028106415,0.0020486131,0.0082196343,0.00010
19630117,0.006600,-0.001367739,-0.001934607,0.0000358082,0.00010
19630118,0.000200,0.0027222424,-0.00307521,0.0024131919,0.00010
19630121,0.001400,0.00008513,0.0017219346,0.0021631598,0.00010
19630122,0.002600,0.0067946951,-0.002492356,-0.007975192,0.00010
19630123,0.002300,0.0002013105,0.0002457132,-0.000737282,0.00010
19630124,0.001600,0.0021913062,-0.003607837,0.0030201677,0.00010
19630125,0.002500,-0.003735577,0.0042360064,0.0034106235,0.00010
19630128,0.004000,-0.004144988,-0.000837862,0.0004563105,0.00010
19630129,0.000200,-0.000691021,0.0008289611,-0.000863978,0.00010
19630130,-0.005600,0.0054546918,-0.002898191,-0.000368684,0.00010
19630131,0.004400,-0.00516604,-0.000134056,-0.002149676,0.00010
19630201,0.001800,0.0029977117,-0.001409704,0.0024327157,0.00010
19630204,-0.002000,0.0005747847,0.0005207474,0.0009164819,0.00010
19630205,-0.000700,-0.000924457,-0.001102751,-0.000329738,0.00010
19630206,0.004800,0.0015597223,-0.000374039,0.0004716094,0.00010
19630207,-0.002900,0.0035138434,0.0023999792,0.0059177577,0.00010
19630208,0.000400,0.0023255017,-0.000424712,0.0049371895,0.00010
19630211,-0.005000,0.0044063826,-0.003807875,-0.005649588,0.00010
19630212,0.000400,-0.001356533,0.0008166225,-0.008413643,0.00010
19630213,0.004700,-0.002528759,0.0044795677,-0.007154112,0.00010
19630214,0.003000,0.0030368624,0.0058101565,-0.00754264,0.00010
19630215,0.001400,-0.002132821,-0.000899589,0.0037046024,0.00010
19630218,0.001500,0.0014028836,0.0021935621,-0.004131831,0.00010
19630219,-0.004200,-0.001004589,0.0031611494,0.0019103437,0.00010
19630220,-0.005100,0.0002107742,-0.001192081,0.0028101064,0.00010
19630221,0.001100,0.0014699134,-0.00008971,0.0005314371,0.00010
19630225,-0.006000,0.0074411046,0.0015226368,-0.00023187,0.00010
19630226,0.000900,-0.002866588,-0.000611975,0.0025282555,0.00010
19630227,-0.006500,0.0034097872,0.0001039125,0.0051817396,0.00010
19630228,-0.011400,-0.004461396,0.0016396931,0.002540424,0.00010
19630301,-0.003400,0.0025884764,-0.00192318,0.0011050611,0.00010
19630304,0.009100,-0.005267001,0.0002371977,-0.003420817,0.00010
19630305,-0.000300,0.0009685449,0.0024828698,0.0045210206,0.00010
19630306,0.001700,-0.002007517,-0.00035157,0.0011037671,0.00010
19630307,0.005800,-0.005004828,-0.000720042,-0.000812611,0.00010
19630308,0.001300,0.0020652365,0.0028048803,0.0040509576,0.00010
19630311,0.002100,-0.002844507,-0.000770584,0.0035051929,0.00010
19630312,0.002400,-0.001815075,-0.000297401,-0.001930018,0.00010
19630313,0.003100,0.0009158782,0.0013906906,0.0038688641,0.00010
19630314,-0.004500,0.0007189882,0.001767915,0.0028870478,0.00010
19630315,0.003900,-0.000612987,-0.001489125,0.0040829503,0.00010
19630318,-0.004300,0.0007734984,-0.000696146,0.0048429282,0.00010
19630319,-0.002300,-0.000657143,0.0002216401,0.0000993564,0.00010
19630320,0.007100,-0.00374168,-0.000532253,-0.008180032,0.00010
19630321,-0.001300,-0.001008227,0.0026504372,0.0051589865,0.00010
19630322,0.004400,0.0004636351,-0.001967478,-0.002000825,0.00010
19630325,0.000300,0.0011810439,0.0004129613,0.0035233451,0.00010
19630326,0.002600,-0.001817241,-0.002080786,-0.002628107,0.00010
19630327,0.004000,-0.000289471,0.0005957258,-0.003676813,0.00010
19630328,-0.001300,0.0028892197,0.0008420555,0.0019009458,0.00010
19630329,0.000000,0.0033390125,0.0017858684,0.0023718085,0.00010
19630401,0.003600,-0.000129929,0.001895998,-0.001046541,0.00010
19630402,-0.000300,0.002376211,-0.001938839,0.0047896909,0.00010
19630403,0.007100,-0.006959143,-0.002212917,0.0008085055,0.00010
19630404,0.006200,-0.00424927,-0.001360733,0.0004172671,0.00010
19630405,0.005500,-0.00276211,-0.004041766,-0.006198168,0.00010
19630408,0.003300,-0.003254529,-0.000816658,-0.008834626,0.00010
19630409,-0.000800,0.0028055847,0.0035600305,-0.002353361,0.00010
19630410,-0.002600,-0.001562769,0.0050419052,0.003499579,0.00010
19630411,0.006600,-0.002846653,0.0008759907,-0.00326294,0.00010
19630415,0.003800,-0.002029406,-0.00048187,0.0030545285,0.00010
19630416,0.000800,-0.000941018,-0.000638229,0.0036077544,0.00010
19630417,-0.002300,-0.001543642,0.00004623,0.0032912015,0.00010
19630418,0.000800,-0.003275499,0.0041474483,-0.000420268,0.00010
19630419,0.004700,0.0011357296,0.0004827055,-0.003229944,0.00010
19630422,0.000500,0.0014740286,-0.001470516,0.0065680579,0.00010
19630423,0.003600,-0.004176248,-0.000406208,0.0075760806,0.00010
19630424,0.002600,0.0003261384,0.00166068,-0.006344126,0.00010
19630425,0.000600,-0.002397043,0.0001330035,-0.00021989,0.00010
19630426,-0.000600,0.0024207587,-0.00045449,-0.001218961,0.00010
19630429,-0.000900,-0.004114533,-0.001813649,-0.00029773,0.00010
19630430,0.002000,-0.004762459,0.0009028187,0.0030801706,0.00010
19630501,0.002500,0.0002287243,-0.004700052,0.0010032085,0.00010
19630502,0.002500,-0.001096486,0.0003882846,0.0003330444,0.00010
19630503,-0.001800,0.0046050687,-0.000938549,-0.001824733,0.00010
19630506,-0.006400,0.0023141942,0.0042043836,-0.002431161,0.00010
19630507,-0.000400,-0.000189706,-0.00067485,0.0000299855,0.00010
19630508,0.007800,0.001653261,0.0017633837,0.0031150348,0.00010
19630509,0.004300,-0.000282375,0.0018917078,0.0015062215,0.00010
19630510,0.003100,0.0019440629,0.0029241114,0.0016686524,0.00010
19630513,0.000300,0.0005592469,0.0029640253,-0.001131196,0.00010
19630514,-0.002800,0.008351008,-0.001545288,-0.003461952,0.00010
19630515,0.002500,-0.003234511,0.0012375539,-0.001376546,0.00010
19630516,-0.002300,-0.001744528,-0.002325667,-0.003819281,0.00010
19630517,0.000800,0.0011571182,0.0011571208,0.0014508486,0.00010
19630520,-0.004000,0.0035853722,-0.00192367,-0.000272415,0.00010
19630521,0.002200,-0.000409736,0.0057524631,-0.000874708,0.00010
19630522,0.000400,0.0030558674,0.0021088914,0.0030108097,0.00010
19630523,-0.000800,0.0020222145,-0.001249313,-0.001394515,0.00010
19630524,-0.001100,-0.000155314,-0.0029439,0.0024450372,0.00010
19630527,-0.001100,-0.001404154,4.028991E-6,-0.000324849,0.00010
19630528,0.001800,0.0001806664,0.0031451631,0.0029183871,0.00010
19630529,0.004300,0.0001336069,0.0057364558,0.0044970643,0.00010
19630531,0.005500,-0.001820376,-0.001371993,0.0021434901,0.00010
19630603,-0.000800,-0.007349801,-0.003625445,-0.003829288,0.00010
19630604,-0.000100,-0.002881644,-0.006104294,-0.001289219,0.00010
19630605,-0.002500,-0.00265301,-0.003795071,-0.00218721,0.00010
19630606,0.000100,-0.000794509,-0.001138811,0.0003228351,0.00010
19630607,-0.001900,0.0012134588,-0.002280852,0.0006277265,0.00010
19630610,-0.005600,-0.000159117,-0.001830017,-0.0008952,0.00010
19630611,0.000900,0.0008186425,-0.001883125,0.0021719884,0.00010
19630612,0.004900,0.0033860294,-0.002741576,0.0027441762,0.00010
19630613,-0.002600,0.0007474863,-0.001132511,0.0015434857,0.00010
19630614,0.000700,0.0006111637,0.0019913935,-0.002991084,0.00010
19630617,-0.003900,0.0005797734,-0.000436043,-0.002034451,0.00010
19630618,0.001300,-0.003242815,-0.001267522,0.0035812979,0.00010
19630619,0.000700,0.0031083998,-0.00071292,0.0001495312,0.00010
19630620,-0.001000,-0.000473301,0.0017748489,-0.001353196,0.00010
19630621,0.003100,0.0041161933,0.0000629477,0.0010699756,0.00010
19630624,-0.000900,0.0033671135,-0.003851245,0.0043323044,0.00010
19630625,-0.002400,0.0020734197,0.0012175039,0.0018653571,0.00010
19630626,-0.009200,0.0030644877,0.0006311216,-0.002601566,0.00010
19630627,-0.004900,-0.004875071,0.000893953,-0.004740582,0.00010
19630628,0.004000,0.0010966203,-0.000499213,0.0014688955,0.00010
19630701,-0.006700,0.0045114254,-0.000365229,-0.005122016,0.00010
19630702,0.007900,-0.003148381,-0.001586007,0.0014282502,0.00010
19630703,0.006300,-0.002942307,-0.002196483,0.0039805827,0.00010
19630705,0.004000,-0.002920369,-0.005155368,0.0033235083,0.00010
19630708,-0.006300,-0.001178318,-0.001782515,-0.007650596,0.00010
19630709,0.004500,-0.005050131,0.0004270536,0.0011188819,0.00010
19630710,-0.001800,-0.000881465,-0.002497738,0.0010615963,0.00010
19630711,-0.001600,-0.00066121,-0.000845886,-0.002674681,0.00010
19630712,-0.001200,-0.002553135,-0.000329014,-0.002173524,0.00010
19630715,-0.006200,0.000250153,0.0022164817,-0.002855892,0.00010
19630716,-0.000700,0.0011437426,-0.000848194,0.0003161856,0.00010
19630717,-0.003300,-0.001088931,0.0018658843,0.0000601309,0.00010
19630718,-0.005400,0.0001344943,0.0009366626,-0.002810499,0.00010
19630719,-0.002300,0.0016513946,-0.002608525,-0.001199871,0.00010
19630722,-0.007000,-0.000773498,-0.002115577,-0.004822854,0.00010
19630723,0.000100,-0.003863989,-0.00259883,0.0025165685,0.00010
19630724,0.004600,-0.002102521,-0.003283806,0.0024104216,0.00010
19630725,-0.000400,0.0017712768,0.0026336362,-0.001123779,0.00010
19630726,0.003500,-0.000768242,-0.001375952,-0.002713491,0.00010
19630729,0.001100,0.0002743497,0.000505831,-0.0011875,0.00010
19630730,0.008400,0.001476416,-0.001725442,0.0071101943,0.00010
19630731,-0.001300,-0.003019962,0.0028235587,-0.000803326,0.00010
19630801,-0.000800,-0.000793985,0.0016239062,-0.000830988,0.00010
19630802,0.002900,-0.002058382,0.0043116434,0.0034931467,0.00010
19630805,0.005700,-0.002350084,0.0019181151,0.0023365727,0.00010
19630806,0.006000,-0.00697396,-0.001584397,0.0036332164,0.00010
19630807,-0.001900,0.0027161651,0.0006246898,-0.005145925,0.00010
19630808,0.001400,0.0011818033,-0.002662119,0.0002482715,0.00010
19630809,0.006000,0.001974786,-0.000386126,0.0022591233,0.00010
19630812,0.002400,0.0021881039,0.0014587555,0.0001116221,0.00010
19630813,0.002700,-0.006111536,0.0013634853,0.0031831781,0.00010
19630814,0.002900,0.0000323649,-0.000854809,0.0016977048,0.00010
19630815,0.004300,-0.002179861,-0.00184869,-0.00108452,0.00010
19630816,0.001500,0.0030922766,-0.002166134,-0.000481178,0.00010
19630819,-0.000500,0.0032994936,-0.001094394,-0.00157268,0.00010
19630820,-0.000500,0.0000174012,0.0011491808,-0.000020659,0.00010
19630821,-0.001100,0.0014017261,0.0017515768,0.0008745943,0.00010
19630822,0.003800,0.0015779139,0.0033992697,0.0026559398,0.00010
19630823,0.003400,-0.001405146,-0.000496507,0.0019944733,0.00010
19630826,0.001800,-0.00243202,0.0010884734,0.0000273231,0.00010
19630827,-0.004400,0.0008781913,-0.001831065,0.001482895,0.00010
19630828,0.007700,0.0044112337,0.0019706121,0.0046544138,0.00010
19630829,0.001800,-0.000341678,-0.001016995,-0.000611397,0.00010
19630830,0.004400,-0.001079561,-0.002842936,0.0013036107,0.00010
19630903,0.002300,-0.004672236,0.0040194466,0.0020830471,0.00010
19630904,-0.000100,-0.000841821,0.002188457,-0.001610251,0.00010
19630905,0.004700,0.0032312793,0.0014153455,0.0008168407,0.00010
19630906,-0.002700,-0.001376247,0.0036437815,0.0049718588,0.00010
19630909,-0.003600,0.0008508787,0.0007228824,-0.000948064,0.00010
19630910,0.005200,-0.0020665,0.0021737702,0.0008595058,0.00010
19630911,0.002400,-0.004672359,-0.000628678,0.0045505172,0.00010
19630912,-0.000900,-0.000408091,-0.005216864,0.0027872248,0.00010
19630913,0.000200,0.0031812192,-0.002390721,-2.169605E-6,0.00010
19630916,-0.001600,0.0016666171,0.0007193545,0.0033322647,0.00010
19630917,0.000300,-0.00007858,0.0011323741,0.001728451,0.00010
19630918,-0.004300,-0.003649028,-0.002921927,-0.000953635,0.00010
19630919,0.005200,-0.004076286,0.0029576818,0.000359952,0.00010
19630920,0.000400,-0.001999952,0.00175218,0.0009952978,0.00010
19630923,-0.005000,-0.000710103,0.0023292546,-0.003533562,0.00010
19630924,0.003500,-0.000690755,-0.004889694,0.002842982,0.00010
19630925,-0.005800,-0.001765719,-0.000125197,-0.002663142,0.00010
19630926,-0.008200,0.0050384233,0.0006476642,-0.002354333,0.00010
19630927,-0.001800,0.0005612001,0.0027816221,-0.000419807,0.00010
19630930,-0.006000,0.0023508293,-0.002864689,-0.004590358,0.00010
19631001,0.006500,-0.00356493,-0.001102559,0.0046892712,0.00010
19631002,0.001000,-0.002352425,-0.001527212,0.0004590423,0.00010
19631003,0.006600,0.0067558599,0.0022032012,0.0019453496,0.00010
19631004,0.000000,-0.000898152,0.0017605974,0.0025618516,0.00010
19631007,-0.002300,0.0002216739,0.0024937591,0.0020855324,0.00010
19631008,-0.001400,0.0003014367,-0.000702213,-0.00240337,0.00010
19631009,-0.006100,-0.002142204,0.0004046267,-0.002612766,0.00010
19631010,0.000800,-0.001168918,-0.00529373,-0.001921743,0.00010
19631011,0.001300,0.001883596,0.0027793073,0.0043450629,0.00010
19631014,0.000500,0.0017905746,-0.000258871,0.0033620779,0.00010
19631015,0.001700,-0.003455176,0.0037509131,0.0006071786,0.00010
19631016,0.008900,-0.006319106,-0.003725765,0.0052266163,0.00010
19631017,0.001400,0.0033039737,-0.000752427,0.0072162881,0.00010
19631018,0.000900,-0.00316761,0.0002719285,-0.001497501,0.00010
19631021,0.000400,-0.001270216,0.0034944778,0.0015177385,0.00010
19631022,-0.005400,0.0000183554,-0.002011855,-0.003068719,0.00010
19631023,0.000300,-0.001430616,-0.000197852,0.0019264999,0.00010
19631024,0.003500,-0.001965916,0.0011841845,0.0032506691,0.00010
19631025,0.008500,-0.001543678,-0.006162881,0.005995137,0.00010
19631028,0.004100,-0.006228398,-0.003279185,0.0085421942,0.00010
19631029,-0.000400,0.0060098667,0.0034018286,0.004249473,0.00010
19631030,-0.007900,0.0083657219,0.000888174,-0.004470397,0.00010
19631031,0.002100,0.0035519647,-0.00155892,0.0021718271,0.00010
19631101,-0.001800,0.0014566449,0.0001349351,0.0005742361,0.00020
19631104,-0.004300,0.0017389188,0.0015152745,-0.005033234,0.00020
19631106,-0.007700,0.0002779943,0.0037778479,-0.006201529,0.00020
19631107,0.003300,0.0031098228,-0.004654371,-0.00179232,0.00020
19631108,0.005400,-0.002671834,-0.001659111,0.0037739967,0.00020
19631111,0.002000,0.0024952043,0.0000825805,0.0015176414,0.00020
19631112,-0.003700,0.0023253454,-0.005111127,-0.000832217,0.00020
19631113,0.000500,0.004213435,-0.005943338,-0.003627769,0.00020
19631114,-0.004100,0.0012252828,0.0028419539,-0.003534958,0.00020
19631115,-0.007500,0.0052893143,-0.000467463,-0.007436653,0.00020
19631118,-0.007400,0.0075693091,-0.002921528,-0.006621774,0.00020
19631119,0.001000,-0.00738306,0.0021545592,0.0013719032,0.00020
19631120,0.007600,-0.010714714,-0.008803171,0.0022507844,0.00020
19631121,-0.012500,-0.005058428,0.001341085,-0.006521706,0.00020
19631122,-0.028900,0.0001304234,0.016394423,-0.005087663,0.00020
19631126,0.039300,-0.012411447,-0.010730678,0.0170498519,0.00020
19631127,-0.001600,0.0048884657,0.0016393015,-0.001640111,0.00020
19631129,0.013400,-0.000109107,-0.004079398,0.000940068,0.00020
19631202,0.005300,0.0036039824,-0.004694209,0.0024578061,0.00010
19631203,-0.000500,-0.004667989,-0.003480957,0.00156314,0.00010
19631204,0.002500,-0.00038745,0.0005096032,-0.001858925,0.00010
19631205,0.005700,-0.007948151,-0.001305556,-0.002604165,0.00010
19631206,-0.003200,0.0023103917,0.0022349357,-0.000085795,0.00010
19631209,-0.001000,-0.001243773,-0.001831775,0.000811525,0.00010
19631210,0.000700,-0.000262227,0.0020851933,0.0045381448,0.00010
19631211,-0.001400,-0.001726564,0.0007886266,-0.000473969,0.00010
19631212,-0.000300,0.0019866117,0.0022647903,-0.0011768,0.00010
19631213,0.001600,-0.001506978,0.0000375659,0.0021602633,0.00010
19631216,0.002500,-0.005006327,0.0006815603,0.0030343393,0.00010
19631217,0.004400,-0.003549161,0.0026550619,0.0059116259,0.00010
19631218,-0.001800,-0.00258731,0.0082407517,-0.002307025,0.00010
19631219,-0.003400,-0.001521122,0.0006984885,0.0033351452,0.00010
19631220,-0.002000,-0.007450182,0.0003632209,-0.00582546,0.00010
19631223,-0.006000,-0.000140155,0.0018643813,-0.00214977,0.00010
19631224,0.002300,0.0085951923,-0.003215063,0.0038143737,0.00010
19631226,0.004700,0.0001285057,0.0023580093,-0.001686111,0.00010
19631227,0.001600,0.0005100959,-0.000950646,-0.001297221,0.00010
19631230,0.001000,0.0007109726,-0.001203824,0.0043236405,0.00010
19631231,0.005600,-0.00130098,-0.001590688,-0.00177228,0.00010
19640102,0.006000,0.0112096521,0.0039633903,0.002645263,0.00010
19640103,0.001700,0.0001222946,0.0023601462,-0.001496861,0.00010
19640106,0.002400,-0.00163402,0.0023424688,0.0038641443,0.00010
19640107,0.000700,0.0027804082,0.0052209391,-0.001422059,0.00010
19640108,0.003200,0.0014126295,-0.000368599,0.003577331,0.00010
19640109,0.002900,-0.002986027,-0.003471522,0.0055295442,0.00010
19640110,-0.000500,-0.001292437,-0.001139228,-0.001747709,0.00010
19640113,-0.001100,0.0085028385,-0.00026505,0.0004420093,0.00010
19640114,0.001600,0.0030171039,0.0066985835,0.0048152837,0.00010
19640115,0.002400,-0.00257796,0.002361889,0.0022746023,0.00010
19640116,-0.000900,0.0011428399,-0.003764402,0.0042722963,0.00010
19640117,-0.000100,0.0056412742,-0.003848749,0.002872612,0.00010
19640120,-0.002100,0.0021178897,-0.00446401,0.0021576289,0.00010
19640121,0.002600,-0.002942492,-0.002810047,-0.002444472,0.00010
19640122,0.004700,-0.001725808,0.0013144741,0.0029928217,0.00010
19640123,0.000800,-0.006969756,-0.000190319,0.0014831896,0.00010
19640124,0.000300,0.0036412426,-0.000299913,0.0018334909,0.00010
19640127,-0.000900,-0.007316983,0.0052116289,0.0024094126,0.00010
19640128,0.000000,-0.005643087,0.0013730574,0.0021264376,0.00010
19640129,-0.005800,-0.002111846,0.0014546811,-0.004161834,0.00010
19640130,0.000400,0.0033804788,-0.003356626,-0.001214967,0.00010
19640131,0.003800,-0.003566931,0.0009312642,0.0036509737,0.00010
19640203,0.000000,0.0000192753,0.0010258362,0.0002311078,0.00010
19640204,-0.001300,-0.002115625,0.0022608363,-0.000469587,0.00010
19640205,-0.000800,0.0041126872,0.0021469942,-0.001134425,0.00010
19640206,0.002400,0.0004681617,-0.001044442,0.0020477631,0.00010
19640207,0.003700,0.0009391831,-0.003787087,0.0005495285,0.00010
19640210,-0.001300,-0.003105599,0.0007333707,0.0019184996,0.00010
19640211,0.003300,0.0045940446,-0.003458519,-0.000642388,0.00010
19640212,0.003000,-0.000661843,-0.004116386,-0.000234245,0.00010
19640213,0.000800,-0.002249693,-0.000366464,0.0032266542,0.00010
19640214,-0.000300,-0.000734834,0.0013182047,0.0024331102,0.00010
19640217,0.000300,0.0000809611,-0.00164304,0.001829029,0.00010
19640218,0.000100,0.001138608,0.006706737,0.0005298927,0.00010
19640219,0.001200,0.0018194493,0.002020699,0.0024181033,0.00010
19640220,0.001000,0.0004421916,0.0047731344,0.0007684421,0.00010
19640224,0.001000,0.0049930618,0.0009052884,-0.000988166,0.00010
19640225,0.000400,-0.002040265,0.0018550624,0.0008376058,0.00010
19640226,0.002800,0.0023406906,-0.002888764,0.0021172534,0.00010
19640227,-0.002800,0.0006901431,0.0022959352,0.0000345753,0.00010
19640228,0.002100,0.0006470769,0.0024196074,0.0022605866,0.00010
19640302,0.002200,0.0003285769,0.0055331751,0.0011118705,0.00010
19640303,0.002600,0.0055928762,0.0013378482,0.0036384329,0.00010
19640304,-0.002000,-0.00049453,0.003041518,-0.001243663,0.00010
19640305,0.000000,-0.001039448,0.0017875532,-0.00047507,0.00010
19640306,0.003200,0.0051476002,-0.000071061,0.0031118588,0.00010
19640309,0.000100,-0.002827435,0.0073564901,0.0024779477,0.00010
19640310,0.002800,-0.000524826,0.002643281,0.006048605,0.00010
19640311,0.004000,-0.001572273,0.0025593696,0.0006650606,0.00010
19640312,0.001800,0.0041289132,0.0020426277,0.0008288254,0.00010
19640313,0.000900,0.0033182267,0.0061962188,-0.000195301,0.00010
19640316,0.000300,0.0010675787,-0.000692296,0.0016503215,0.00010
19640317,0.001900,0.0013269529,-0.000172794,0.000638554,0.00010
19640318,0.001000,-0.000486656,0.0053200703,-0.00075322,0.00010
19640319,-0.000900,-0.00113468,0.0004354964,0.0017453064,0.00010
19640320,-0.004200,0.0009224466,-0.001477442,-0.001515582,0.00010
19640323,0.000100,0.0013618903,-0.003444553,-0.001388267,0.00010
19640324,-0.001800,-0.000138849,0.0074077526,-0.001675336,0.00010
19640325,0.002400,0.0019935874,0.0053520485,0.0025607492,0.00010
19640326,0.002600,0.0010989927,0.007678628,0.001688753,0.00010
19640330,-0.001000,0.0026642708,0.0014721283,-0.001408479,0.00010
19640331,-0.001900,0.0015399473,-0.003142914,0.0010866297,0.00010
19640401,0.003400,0.0006725895,-0.000500449,0.002206949,0.00010
19640402,0.005700,-0.001335762,-0.002253319,0.0035441616,0.00010
19640403,0.002200,-0.003573996,0.0028788455,0.0012027,0.00010
19640406,0.000700,-0.003397658,0.0046203735,0.0018310553,0.00010
19640407,-0.003400,0.0029313521,-0.007166107,-0.005586869,0.00010
19640408,0.000100,-0.001825514,-0.001606125,-0.001508166,0.00010
19640409,0.000000,0.0026999739,-0.000477816,-0.001474738,0.00010
19640410,0.001900,0.0007720321,0.0030908493,0.0008062859,0.00010
19640413,-0.000800,0.0023426583,-0.000458077,0.0035538807,0.00010
19640414,0.001900,-0.003305102,-0.005552608,-0.000369171,0.00010
19640415,0.001100,-0.003161337,0.0014275018,0.0011398937,0.00010
19640416,0.000800,-0.003108654,0.0004341654,0.0019734736,0.00010
19640417,0.003800,-0.000028039,-0.003825724,-0.000027251,0.00010
19640420,-0.000700,-0.001087552,-0.003613673,-0.000791514,0.00010
19640421,-0.000100,-0.004596937,0.0041142533,0.003000894,0.00010
19640422,-0.000500,-0.001481667,-0.002100025,-0.000390144,0.00010
19640423,-0.001700,-0.003866392,0.0048883771,-0.001747306,0.00010
19640424,-0.007800,-0.003457853,0.0010484494,-0.004164741,0.00010
19640427,-0.005400,0.0004154505,-0.002967724,-0.003767883,0.00010
19640428,0.006500,-0.000726139,0.002250396,0.002052436,0.00010
19640429,-0.004000,-0.006176029,-0.001637613,0.0021225777,0.00010
19640430,-0.002400,-0.003720952,-0.002492881,-0.005866839,0.00010
19640501,0.007800,0.0035371503,0.0054918164,0.005315701,0.00010
19640504,0.004500,0.0023078816,0.003125595,0.0068368796,0.00010
19640505,0.004600,-0.005304308,-0.000537511,0.0070741415,0.00010
19640506,0.002600,-0.00625031,-0.002754015,0.0007233136,0.00010
19640507,0.001100,-0.001565397,0.0041978899,-0.00087344,0.00010
19640508,-0.001800,0.0008284738,-0.00009563,-0.000138271,0.00010
19640511,-0.000300,0.0016306184,0.0011826503,0.0011368439,0.00010
19640512,0.003200,-0.000990386,0.000200369,0.0014122546,0.00010
19640513,-0.002500,-0.000300071,-0.001967866,-0.002853716,0.00010
19640514,-0.001200,0.0018809292,-0.001289855,-0.002007203,0.00010
19640515,0.001500,-0.003273489,0.0006492072,0.0011661122,0.00010
19640518,-0.003300,-0.002948868,-0.004781008,-0.004134547,0.00010
19640519,-0.004400,0.001945252,0.0007519276,-0.001637078,0.00010
19640520,0.004200,0.0010182022,0.00095482,0.0032953017,0.00010
19640521,0.000700,0.0015672258,0.0007863565,-0.000640502,0.00010
19640522,0.000500,0.0011033329,0.0010775187,0.000960399,0.00010
19640525,-0.001200,-0.00037893,-0.000460917,0.0016820685,0.00010
19640526,-0.001700,-0.002162026,0.0003479594,0.0002450221,0.00010
19640527,-0.001500,-0.002290121,0.0003461158,-0.000627682,0.00010
19640528,0.001600,0.0018383894,-0.001531228,0.0019371653,0.00010
19640601,-0.003500,-0.00248559,-0.001252479,-0.004693007,0.00010
19640602,-0.005200,0.0004268089,0.0047667522,-0.003988272,0.00010
19640603,-0.002600,0.0005475308,0.0017832106,-0.001242443,0.00010
19640604,-0.010300,-0.002457769,0.0008137129,-0.009109205,0.00010
19640605,0.004300,0.0008361163,0.0001056552,0.0001735432,0.00010
19640608,-0.004600,-0.00022587,-0.000623789,-0.00350915,0.00010
19640609,0.005600,-0.002138225,0.0007550804,0.0047698747,0.00010
19640610,0.003700,0.0008908516,0.0011936807,0.0025794876,0.00010
19640611,0.003000,0.0007957932,-0.000209003,0.0042218457,0.00010
19640612,-0.002300,0.0010318947,0.0006600114,0.0018057537,0.00010
19640615,0.004600,-0.001024774,-0.003777373,-0.001393253,0.00010
19640616,0.005100,0.0024914326,-0.003416043,0.0010831947,0.00010
19640617,0.005100,-0.001152795,-0.001917851,0.0005870574,0.00010
19640618,0.000000,-0.000291643,0.0015983093,0.0022494395,0.00010
19640619,0.001000,0.0013181002,0.0002018126,0.00056461,0.00010
19640622,0.002500,0.0024827555,-0.000358687,-0.000779629,0.00010
19640623,-0.003800,0.0030598672,-0.000606495,-0.001925805,0.00010
19640624,0.003500,0.0002849703,-0.006857235,0.001186254,0.00010
19640625,0.002000,0.0002383735,-0.005279587,-0.002824942,0.00010
19640626,0.002600,0.0010321087,-0.002735871,0.0008088426,0.00010
19640629,0.001800,0.0009564534,-0.006376446,-0.002690487,0.00010
19640630,0.000300,0.0021298652,-0.001490032,-0.00053745,0.00010
19640701,0.006200,-0.000201527,-0.000231478,0.0004375196,0.00010
19640702,0.003900,-0.001299059,-0.000084622,0.0010471946,0.00010
19640706,0.004100,-0.001982917,-0.000263467,0.0019816557,0.00010
19640707,0.001400,-0.00116249,0.0011879158,-0.001761687,0.00010
19640708,0.000200,0.0022694635,0.0024063409,-0.003810913,0.00010
19640709,0.001300,0.0028739107,0.00064325,-0.003700243,0.00010
19640710,0.001900,0.0025077811,0.0021536123,0.0032676004,0.00010
19640713,-0.000700,0.0014638913,-0.002590054,-0.002489227,0.00010
19640714,-0.002900,0.0001306767,0.0007136629,-0.003815204,0.00010
19640715,0.003600,0.0019239804,0.002118773,0.0008191212,0.00010
19640716,0.003100,-0.001080064,-0.000230384,-0.002453733,0.00010
19640717,0.004400,-0.004631332,-0.000696687,0.0013978192,0.00010
19640720,-0.003100,-0.000283185,0.0016824588,-0.000280483,0.00010
19640721,-0.001900,0.0033543385,-0.001867376,-0.000474682,0.00010
19640722,0.000200,0.0020041108,0.0037089814,0.0005580201,0.00010
19640723,-0.000300,0.0015106259,0.0013261265,-0.000290137,0.00010
19640724,-0.000300,0.0002060299,-0.000278254,-0.001873474,0.00010
19640727,-0.004800,0.0030542333,0.0045550689,0.0014275232,0.00010
19640728,-0.002400,0.0020900593,-0.001133046,-0.000897166,0.00010
19640729,0.001300,-0.001582152,-0.001206661,0.0016762799,0.00010
19640730,0.001300,-0.00204239,-0.001489124,-0.002384988,0.00010
19640731,0.000700,-0.001341946,0.0051343308,-0.001003933,0.00010
19640803,-0.002400,-0.004954531,-0.000508032,-0.000526455,0.00010
19640804,-0.011300,-0.00251286,-0.000617854,-0.007997913,0.00010
19640805,0.001600,-0.004443654,-0.001458163,0.0002516485,0.00010
19640806,-0.008700,0.0074112188,-0.000702428,-0.003020349,0.00010
19640807,0.005600,0.0006004494,-0.000431396,0.0025786039,0.00010
19640810,0.000200,-0.000120632,0.0008155302,-0.00396974,0.00010
19640811,-0.000100,0.0021338002,-0.002069472,0.0018576479,0.00010
19640812,0.005000,0.0032172634,-0.001577209,0.0049829923,0.00010
19640813,0.002800,0.0003908792,0.002385974,0.0013142905,0.00010
19640814,-0.001000,0.0040208779,-0.001508123,0.0015223549,0.00010
19640817,-0.000100,-0.001055784,-0.001698783,0.0016735795,0.00010
19640818,0.000600,-0.000282552,0.0044319055,0.0000479818,0.00010
19640819,-0.000900,0.0003265,0.0028720513,-0.002477377,0.00010
19640820,-0.004400,-0.003607432,-0.002690663,-0.001700943,0.00010
19640821,0.001600,0.0000637402,-0.00112472,-0.001522938,0.00010
19640824,-0.002000,0.003926882,-0.000017921,-0.000498153,0.00010
19640825,-0.005000,-0.003615147,-0.001187686,-0.006514817,0.00010
19640826,-0.001800,0.002160007,-0.000061419,-0.001188883,0.00010
19640827,0.004800,-0.001430513,-0.000129595,0.0029798887,0.00010
19640828,0.003200,0.0027893778,-0.002577498,0.0043695619,0.00010
19640831,-0.002000,0.0026560114,0.0022905414,-0.000274507,0.00010
19640901,0.004600,-0.000777015,0.0010355549,0.001074097,0.00010
19640902,0.002000,-0.000844151,-0.001748674,-0.001375288,0.00010
19640903,0.002500,-0.0044732,0.0009847873,0.0025870122,0.00010
19640904,0.002100,0.0019687998,-0.001685649,0.0010447766,0.00010
19640908,0.001200,0.0009424022,-0.000363005,-0.003690421,0.00010
19640909,0.001900,0.0017813391,0.0058776418,0.0025342777,0.00010
19640910,0.000800,0.0032390628,0.000820207,-0.000248941,0.00010
19640911,0.003300,-0.002616438,0.0065231643,0.0006882951,0.00010
19640914,-0.002400,0.0018448883,-0.001096255,-0.001556476,0.00010
19640915,-0.002300,0.0014656965,0.0007065133,0.0007819449,0.00010
19640916,0.002700,-0.001047568,-0.000656999,-0.002006194,0.00010
19640917,0.005900,-0.001929779,-0.004218603,0.0008194001,0.00010
19640918,-0.003400,-0.001100114,-0.000616643,-0.000902114,0.00010
19640921,0.004000,0.0027591258,0.0019193175,0.003920114,0.00010
19640922,0.000400,-0.001591212,-0.000230698,-0.000252345,0.00010
19640923,0.000100,0.0017837911,0.0017095082,-0.001301166,0.00010
19640924,0.001000,-0.003218241,0.0048313016,0.0005589091,0.00010
19640925,0.002000,-0.001032225,-0.000832517,-0.000498394,0.00010
19640928,0.000700,-0.005980379,0.0017594497,-0.000588599,0.00010
19640929,-0.000200,-0.000757517,-0.003068287,-0.001652442,0.00010
19640930,-0.000300,-0.000401184,-0.000142929,-0.00234347,0.00010
19641001,-0.001400,0.0015571953,-0.002100954,-0.000183523,0.00010
19641002,0.002400,0.0002558697,-0.003851953,0.0011367389,0.00010
19641005,0.004100,0.0004655719,0.0043478124,0.0011031068,0.00010
19641006,0.000200,-0.001323877,0.0019179455,0.0014926251,0.00010
19641007,-0.000300,-0.002253624,0.0020059895,-0.001868257,0.00010
19641008,0.002400,-0.000146661,-0.004406029,0.0001654293,0.00010
19641009,0.001900,0.0019147335,0.0002411196,0.0021900292,0.00010
19641012,0.000600,0.002158304,-0.003105731,0.0024172422,0.00010
19641013,-0.002500,0.0021094819,0.0021432323,-0.006122538,0.00010
19641014,-0.001700,-0.000645075,0.0018437282,-0.001457224,0.00010
19641015,-0.007000,-0.003613289,0.0022765237,-0.003532147,0.00010
19641016,0.007000,0.0013192262,0.0004800566,-0.001879314,0.00010
19641019,0.001300,0.0040571961,0.0020253756,-0.000099413,0.00010
19641020,0.002500,0.0046201521,0.0023317653,0.003462769,0.00010
19641021,-0.000600,0.0013862477,0.0010586895,-0.001792851,0.00010
19641022,-0.001600,0.0010629255,0.0005395922,-0.00036721,0.00010
19641023,0.002000,0.0000958964,-0.001569368,0.0019140713,0.00010
19641026,-0.001700,0.0021166292,0.000665795,-0.003059114,0.00010
19641027,-0.000400,-0.001438498,-0.000884683,0.0019050401,0.00010
19641028,-0.003500,-0.004709677,-0.001864332,-0.000016387,0.00010
19641029,0.000500,-0.000120305,-0.001728519,-0.001042522,0.00010
19641030,0.001800,-0.003510634,0.0009553372,-0.000127005,0.00010
19641102,0.004300,-0.002009542,-0.001241845,0.0025113949,0.00020
19641104,-0.000400,-0.000541626,0.0015715418,0.0017340839,0.00020
19641105,0.000000,-0.004620713,-0.003088113,0.0001396494,0.00020
19641106,0.001900,-0.00612552,-0.004382705,0.0025776801,0.00020
19641109,-0.000500,-0.002376443,-0.000040084,0.0001271948,0.00020
19641110,-0.004100,0.0019691637,0.0008696607,-0.005221829,0.00020
19641111,0.002600,0.0003340706,-0.000496544,-0.000891948,0.00020
19641112,0.001800,0.004006135,0.0011232024,0.000061018,0.00020
19641113,0.001000,0.0019807727,0.0033666896,0.0003470594,0.00020
19641116,0.004300,-0.001912721,0.0022044626,0.001160622,0.00020
19641117,0.004500,0.0000566135,0.0031228107,0.003216032,0.00020
19641118,0.002400,-0.005702221,0.0040501671,-0.000903692,0.00020
19641119,-0.000100,0.0005757039,-0.003247265,-0.000327439,0.00020
19641120,0.000900,-0.001673992,-0.002278178,-0.000118845,0.00020
19641123,-0.002500,0.0018849331,-0.001870256,0.0001573467,0.00020
19641124,-0.002600,-0.000100553,-0.000086905,-0.000576104,0.00020
19641125,-0.002100,0.0019322608,-0.001659215,0.0003255719,0.00020
19641127,-0.003000,0.0005616008,0.0046200631,-0.002515234,0.00020
19641130,-0.008600,0.0010082379,0.0056421643,-0.000972013,0.00020
19641201,-0.010000,0.0012362963,0.00025454,-0.003344529,0.00010
19641202,0.002800,0.0003172659,-0.006928979,0.000572994,0.00010
19641203,0.003900,-0.000097594,-0.002152881,0.0016434333,0.00010
19641204,0.001800,-0.002380706,-0.003833321,-0.0025508,0.00010
19641207,-0.000100,-0.000654234,0.0039416987,0.0011284857,0.00010
19641208,-0.003700,-0.001635537,-0.001917846,-0.000881692,0.00010
19641209,-0.006700,-0.002764529,-0.00355561,-0.002799643,0.00010
19641210,-0.000300,0.0001056694,0.0019940368,-0.000686118,0.00010
19641211,0.002200,0.0023915962,-0.001474976,-0.000587181,0.00010
19641214,-0.002600,0.0024954395,0.0004066781,-0.001207701,0.00010
19641215,-0.003500,-0.000760231,0.0007784868,-0.004280797,0.00010
19641216,0.004100,0.0009216342,-0.004192476,0.0005702263,0.00010
19641217,0.003600,0.0014011105,-0.003006291,0.0034149066,0.00010
19641218,0.004700,0.0034625821,-0.003060003,0.0035385511,0.00010
19641221,0.000700,0.00076508,0.0044572582,0.0036845832,0.00010
19641222,-0.000700,-0.000171156,-0.001951681,0.0008964641,0.00010
19641223,-0.002000,-0.001863205,-0.003235731,-0.001026435,0.00010
19641224,0.000100,0.0022019278,0.0016393835,-0.001375054,0.00010
19641228,-0.001100,0.0001904189,0.0021384926,-0.001678056,0.00010
19641229,-0.003100,-0.000354406,0.0007869166,-0.000077967,0.00010
19641230,0.005700,0.0009086771,-0.000175649,0.0013581311,0.00010
19641231,0.004900,-0.006129504,0.0016573098,0.0023298034,0.00010
19650104,-0.004500,0.0063045583,-0.004970773,-0.00447374,0.00010
19650105,0.004900,0.0059522198,0.0023909458,-0.000672436,0.00010
19650106,0.003400,0.0071091911,0.0041078838,0.0027450718,0.00010
19650107,0.004000,-0.000975853,-0.000156263,0.0023486584,0.00010
19650108,0.001700,0.0045080152,-0.000293227,0.0004279725,0.00010
19650111,0.000600,-0.002166426,-0.000351723,-0.003524042,0.00010
19650112,0.002800,-0.00195938,0.0002880636,0.001419613,0.00010
19650113,0.002800,0.0012917372,-0.001153769,-0.000863726,0.00010
19650114,0.000000,0.0000302994,0.0014884437,0.0004417978,0.00010
19650115,0.004100,0.0004056999,0.0004686597,0.0022931543,0.00010
19650118,0.002800,-0.000030287,0.000183252,-0.000224125,0.00010
19650119,0.001600,-0.002367789,-0.002760749,-0.00038364,0.00010
19650120,-0.000300,-0.001800456,-0.000056055,0.0006719915,0.00010
19650121,-0.000900,-0.000395683,0.0008840082,0.0004096481,0.00010
19650122,0.002400,-2.857192E-6,0.0027155319,0.0022782551,0.00010
19650125,0.001600,0.0043447121,-0.003132345,0.001269275,0.00010
19650126,0.001000,0.0008022604,-0.000570281,0.0017700637,0.00010
19650127,0.002800,0.0031493881,-0.000637464,-0.000192649,0.00010
19650128,0.002600,-0.000871931,-0.003219432,-0.000981152,0.00010
19650129,0.001300,0.0017041111,-0.003202428,-0.001506934,0.00010
19650201,0.000300,0.0034423786,0.0011587999,-0.001036755,0.00020
19650202,0.000500,-0.001219457,0.0005131723,-0.002929361,0.00020
19650203,0.001400,0.000201257,-0.002974359,0.000580183,0.00020
19650204,0.000000,0.0032041305,0.004754048,0.0028100542,0.00020
19650205,-0.002500,0.0056157022,0.0012556317,-0.000550607,0.00020
19650208,-0.003200,0.0041776881,-0.00087448,0.0000869505,0.00020
19650209,0.003100,0.0053802531,0.0015727312,0.0014224569,0.00020
19650210,-0.008400,-0.001065742,0.0003395452,-0.001237515,0.00020
19650211,-0.009900,0.0059966499,0.0002170455,-0.005784669,0.00020
19650212,0.006600,0.0027639713,0.0020823258,0.0038587586,0.00020
19650215,-0.000500,0.0065940493,-0.000034385,0.0021033679,0.00020
19650216,-0.003500,0.003245365,-0.001909474,0.0008200465,0.00020
19650217,0.001400,0.0031521343,-0.001760717,0.0002717489,0.00020
19650218,0.003100,-0.003074459,-0.002692749,0.0009964875,0.00020
19650219,0.002000,0.0016826963,-0.001946834,-0.001601297,0.00020
19650223,0.004800,-0.000010173,0.0020143033,0.0035465285,0.00020
19650224,0.006300,-0.003378235,-0.003197616,0.0006643698,0.00020
19650225,0.000700,-0.002615729,0.0015297228,0.0005881127,0.00020
19650226,0.002500,0.002868683,-0.00130779,0.0030438494,0.00020
19650301,-0.001400,0.0067447815,-0.001297151,-0.001229769,0.00020
19650302,0.001800,0.0038675787,0.002048178,-0.000812159,0.00020
19650303,-0.000500,0.0012312253,-0.002153644,-0.005276041,0.00020
19650304,-0.002900,0.001904408,0.0000156802,-0.002482376,0.00020
19650305,-0.001900,-0.002002836,-0.003833363,-0.000534368,0.00020
19650308,0.000400,0.0038861215,-0.00101565,0.0022835122,0.00020
19650309,-0.001600,-0.000486436,-0.00292801,0.0030537077,0.00020
19650310,-0.001000,0.0033930517,-0.003049134,-0.001254292,0.00020
19650311,0.003800,0.0009038638,-0.00498209,0.0020652029,0.00020
19650312,0.003000,0.0034915202,0.0030335083,0.004887828,0.00020
19650315,0.000600,0.0008139129,0.0025223826,0.0015933191,0.00020
19650316,-0.001200,-0.000046759,0.0038332906,-0.000481558,0.00020
19650317,-0.001500,-0.000707679,0.0013028057,0.0026541316,0.00020
19650318,-0.002600,-0.000747075,-0.002621903,-0.000712849,0.00020
19650319,-0.000100,0.0019696979,-0.000048371,0.0018555701,0.00020
19650322,-0.000100,-0.00043421,0.0015999642,-0.003271411,0.00020
19650323,0.000400,-0.000704976,-0.000928045,-0.001647714,0.00020
19650324,0.001800,0.0006965938,0.000994588,-0.002110263,0.00020
19650325,-0.002900,0.003511981,0.0012247678,0.000871859,0.00020
19650326,-0.007000,0.0005059377,0.0036617751,-0.00123307,0.00020
19650329,-0.002400,-0.00377039,0.0004314892,-0.005153918,0.00020
19650330,0.001900,-0.00163767,-0.004720694,0.0012001283,0.00020
19650331,0.000100,0.0026849421,0.0001955489,-0.000457847,0.00020
19650401,0.001600,-0.000807145,-0.003879942,0.0024401604,0.00010
19650402,0.002500,0.0022935911,0.0003291683,-0.000014094,0.00010
19650405,0.000100,0.0000459443,0.0004106071,0.0026902602,0.00010
19650406,-0.000400,0.0014139606,-0.000660564,0.0014952088,0.00010
19650407,0.000600,0.0004999106,-0.002113121,-0.000855147,0.00010
19650408,0.005200,0.0035148456,-0.003365302,0.0048988865,0.00010
19650409,0.005600,0.0010349239,-0.002187962,0.0010420071,0.00010
19650412,0.004400,0.005897712,-0.000851451,0.004576727,0.00010
19650413,0.001200,0.0026896508,0.0030840991,0.0026034104,0.00010
19650414,0.001700,-0.000032616,-0.002087225,0.0009897027,0.00010
19650415,-0.000600,0.0033708119,-0.001791806,0.0011078249,0.00010
19650419,0.003700,-0.000997761,-0.006182115,0.001585425,0.00010
19650420,-0.000300,0.0003966273,-0.001320651,-0.002200107,0.00010
19650421,-0.002300,-0.003201457,0.0005017572,0.0013334609,0.00010
19650422,0.004500,-0.005157442,-0.000543943,-0.000305614,0.00010
19650423,0.001300,0.0022860925,-0.003123263,0.0028079288,0.00010
19650426,0.000000,0.0048442615,0.001836106,-0.0002392,0.00010
19650427,0.001700,0.0013657036,0.0018749598,0.00016936,0.00010
19650428,-0.000500,0.0014064477,0.0009698443,0.0026809798,0.00010
19650429,-0.000700,0.0011755176,-0.000571251,-0.001029321,0.00010
19650430,0.001300,-0.003950121,-0.000745175,0.002707262,0.00010
19650503,0.000800,-0.005761542,-0.000576014,-0.000476626,0.00020
19650504,0.002700,-0.000662053,0.0024790804,-0.000065786,0.00020
19650505,0.002400,-0.004167193,-0.001283303,-0.000034279,0.00020
19650506,0.002400,0.0007112645,0.0017111772,0.005568659,0.00020
19650507,-0.000700,0.0007121344,-0.002191822,-0.002086307,0.00020
19650510,-0.001200,0.0027096837,0.0003540689,-0.002822437,0.00020
19650511,-0.000900,0.000271048,-0.001901681,-0.002630455,0.00020
19650512,0.003700,0.0037025041,-0.002677499,0.0024717504,0.00020
19650513,0.003200,0.0027126561,0.0024560602,0.0033340776,0.00020
19650514,-0.001600,0.0029262066,0.0040707057,-0.001866786,0.00020
19650517,-0.005400,-0.000862306,-0.003351102,-0.004615038,0.00020
19650518,-0.000700,0.0033306341,0.0015689793,0.0001581758,0.00020
19650519,0.002000,-0.000850073,0.0008322837,-0.000283294,0.00020
19650520,-0.005300,-0.000693773,0.0001288119,-0.005904241,0.00020
19650521,-0.004500,-0.000477546,0.0004949047,-0.000889437,0.00020
19650524,-0.007400,-0.003938635,-0.000197683,-0.005347543,0.00020
19650525,0.005400,0.0038620236,-0.000343599,0.0056617896,0.00020
19650526,-0.002700,-0.000861217,0.0005016493,-0.001711203,0.00020
19650527,-0.005800,-0.001626368,0.0060212946,-0.000576158,0.00020
19650528,0.006100,0.0012988565,-0.001427082,0.0060307078,0.00020
19650601,-0.007000,-0.001235286,-0.002698563,-0.008519955,0.00020
19650602,-0.007800,-0.003956687,0.0038356144,-0.002179391,0.00020
19650603,-0.002400,-0.002514084,0.0013795441,0.0012374861,0.00020
19650604,0.002100,0.0012415037,-0.000466733,0.0003335599,0.00020
19650607,-0.003400,-0.00435154,0.0029440269,-0.001124009,0.00020
19650608,-0.010700,-0.00434286,-0.000156634,-0.003468768,0.00020
19650609,-0.010400,-0.001929325,0.0052154972,-0.007070874,0.00020
19650610,-0.004300,-0.007027284,-0.004628753,-0.004351824,0.00020
19650611,0.004200,-0.000342541,0.0001044841,0.0025668621,0.00020
19650614,-0.013600,-0.004014397,0.0026083193,-0.004650085,0.00020
19650615,0.004700,0.004449146,0.0007649526,0.0056583821,0.00020
19650616,0.008900,0.0021695425,-0.006847923,0.0059474631,0.00020
19650617,0.005900,-0.003461251,-0.002565417,0.0023569295,0.00020
19650618,-0.004400,-0.00068391,0.0034498536,-0.000492199,0.00020
19650621,-0.003800,-0.002361553,0.0003538005,-0.000202656,0.00020
19650622,0.001800,-0.00306992,-0.001577831,0.0010050796,0.00020
19650623,-0.006300,0.0005970592,0.0015244232,-0.001813089,0.00020
19650624,-0.013500,-0.008114346,0.0008051494,-0.010483514,0.00020
19650625,-0.006400,-0.00115564,0.0042888014,-0.00141902,0.00020
19650628,-0.018800,-0.012751568,0.0044502963,-0.010180541,0.00020
19650629,0.008000,-0.003955429,0.0027755497,0.0092600046,0.00020
19650630,0.022000,0.0088878567,-0.009377878,0.0083386383,0.00020
19650701,0.004600,0.0036087265,0.0030113256,0.0005978093,0.00010
19650702,0.008100,0.0058287136,-0.006017394,0.002775677,0.00010
19650706,-0.001800,0.0007924048,0.0010835868,-0.003098379,0.00010
19650707,-0.003400,0.0004928274,0.0028781499,-0.002155543,0.00010
19650708,0.008000,0.0023764122,-0.003884797,0.0083547078,0.00010
19650709,0.004000,0.0012842123,-8.793542E-6,0.000073299,0.00010
19650712,0.000000,0.001224426,0.000316654,-0.001274925,0.00010
19650713,-0.001300,-0.003175175,0.0012896559,0.0015722119,0.00010
19650714,0.003000,0.0022930939,0.0000596806,0.0030276948,0.00010
19650715,-0.001000,0.0028073138,0.0008779236,-0.000037887,0.00010
19650716,-0.000400,0.0012027013,-0.000400728,-0.000470314,0.00010
19650719,-0.000900,-0.000271426,0.0041416033,0.0004057319,0.00010
19650720,-0.012400,-0.00003553,0.0058761395,-0.005925031,0.00010
19650721,-0.005500,-0.001828392,0.002581582,-0.002439938,0.00010
19650722,-0.002300,0.0026230255,0.0001345833,0.0003775315,0.00010
19650723,0.002400,-0.000230222,-0.000543452,0.0040315115,0.00010
19650726,-0.000300,0.0070554661,-0.000157959,0.0048260927,0.00010
19650727,-0.001800,-0.001454828,0.000751106,0.0002548814,0.00010
19650728,0.001600,0.0016121351,0.0020335604,0.002505006,0.00010
19650729,0.007300,0.0048641435,-0.000534827,0.0043840003,0.00010
19650730,0.006700,-0.000408465,-0.004035053,0.001087398,0.00010
19650802,0.002000,0.0004813733,-0.00014986,0.0028296423,0.00010
19650803,0.001200,-0.000056834,0.0030272863,0.0016766293,0.00010
19650804,0.004100,0.0052269754,0.0036620621,0.0013617886,0.00010
19650805,0.000200,0.0041501036,0.0007431415,0.002364289,0.00010
19650806,0.003500,-0.000589801,0.0045153483,0.0027205074,0.00010
19650809,-0.001400,0.0047652956,0.0045342257,0.0000198845,0.00010
19650810,0.000400,0.0079748576,-0.000594458,0.0007351126,0.00010
19650811,0.003300,0.0085181933,-0.000888745,-0.00126378,0.00010
19650812,0.002900,0.0036670881,-0.004795319,0.002246882,0.00010
19650813,0.004300,-0.004957224,-0.003913922,0.0031290783,0.00010
19650816,0.001100,0.0014918156,-0.002024068,0.0017317797,0.00010
19650817,0.001600,0.000340633,-0.000366779,0.0014771723,0.00010
19650818,0.000200,0.000096962,0.0000515718,0.0010479523,0.00010
19650819,-0.002400,-0.002352688,0.0005978057,0.001341389,0.00010
19650820,-0.000800,0.000611932,-0.003714532,-0.001168812,0.00010
19650823,-0.001300,0.0010127558,0.0002110991,0.0011366764,0.00010
19650824,0.001800,0.0044937255,-0.002117924,0.0033125356,0.00010
19650825,0.001400,0.0062329907,-0.001491825,0.0020139628,0.00010
19650826,0.003700,-0.001515203,-0.002043381,0.0012003756,0.00010
19650827,0.001200,-0.000476394,-0.000687122,-0.000037551,0.00010
19650830,0.000400,0.000753059,0.0006935305,-0.000907271,0.00010
19650831,-0.000500,0.0039834837,-0.000713568,-0.000830967,0.00010
19650901,0.000500,0.0001121638,-0.001130107,-0.000537862,0.00010
19650902,0.005400,-0.000800805,-0.001354384,0.0009191702,0.00010
19650903,0.004600,0.0025474642,0.0014836075,0.0007708145,0.00010
19650907,0.003200,-0.001566458,-0.002647697,0.0019419913,0.00010
19650908,0.002800,-0.000092298,-0.001260911,-0.001786946,0.00010
19650909,0.002400,-0.000121752,-0.000548372,0.0029695794,0.00010
19650910,0.002300,-0.001483757,0.0006984048,-0.000694447,0.00010
19650913,0.002500,0.0013368956,0.000310853,0.0022816355,0.00010
19650914,-0.004300,-0.00459698,0.0015153781,-0.00097022,0.00010
19650915,0.004700,-0.00510857,-0.000277356,-0.001581601,0.00010
19650916,0.005200,-0.000413699,0.0025281973,0.0048898668,0.00010
19650917,0.000300,0.005237358,-0.000179329,0.0003491783,0.00010
19650920,0.000400,0.003948353,-0.001039701,0.0012904999,0.00010
19650921,-0.002700,0.0017104377,0.0012469049,0.0000817683,0.00010
19650922,0.004700,0.0023014439,0.0022726066,0.0031937791,0.00010
19650923,-0.003900,-0.002765798,-0.001059,-0.000492576,0.00010
19650924,0.002300,0.0053217162,-0.00138132,0.0006901959,0.00010
19650927,0.005800,0.0016423975,0.0001542154,0.0055627543,0.00010
19650928,-0.002400,0.0043846644,0.0008075701,-0.000376553,0.00010
19650929,-0.004700,-0.003242636,0.0023854748,-0.005032021,0.00010
19650930,-0.000700,-0.002443161,-0.002171179,-0.000368269,0.00010
19651001,-0.000600,0.0007918552,0.0007572301,-0.004678433,0.00010
19651004,0.002400,0.0031670273,-0.001168618,0.0066320853,0.00010
19651005,0.005600,-3.050311E-6,-0.004087481,0.0010523828,0.00010
19651006,-0.000800,-0.000068709,-0.000221877,0.0012584667,0.00010
19651007,-0.000500,0.0007988568,0.0001870082,0.0005056232,0.00010
19651008,0.004800,0.0067948703,0.0008423266,0.0048541731,0.00010
19651011,0.005700,0.002077795,-0.001796987,0.0039198764,0.00010
19651012,-0.000500,0.0049258941,-0.002201897,0.0011677831,0.00010
19651013,0.000100,0.0036095732,0.0007833094,0.001432727,0.00010
19651014,-0.001500,-0.001883025,0.0019653353,-0.002905337,0.00010
19651015,0.002200,0.00432113,0.0015295323,0.0032646936,0.00010
19651018,0.002700,0.0030772196,0.0000983727,0.0049546518,0.00010
19651019,0.001100,-0.00322064,-0.002467351,-0.001562834,0.00010
19651020,-0.000100,0.0024047068,0.0037849855,-0.002146184,0.00010
19651021,0.001500,0.0036152944,0.0015090874,-0.001136678,0.00010
19651022,-0.000500,-0.000414036,0.0019077296,0.0023901081,0.00010
19651025,-0.004000,-0.004558234,0.0010218033,-0.004359764,0.00010
19651026,0.005000,-0.002261699,0.0041489998,0.0020875346,0.00010
19651027,0.003600,-0.000257944,-0.000205665,0.0058490381,0.00010
19651028,-0.003100,0.0018188985,0.0025820593,0.0009682864,0.00010
19651029,0.002600,0.0016611052,-0.001362292,-0.001083903,0.00010
19651101,-0.001000,0.0009332585,0.0017613321,-0.002697596,0.00020
19651103,0.001000,-0.001063076,0.0040984876,0.0002060678,0.00020
19651104,0.001900,-0.00237956,-0.001014922,0.0005902218,0.00020
19651105,0.001100,0.0003277427,-0.001035081,-0.001886692,0.00020
19651108,-0.003400,-0.001183143,0.002235157,0.0012520714,0.00020
19651109,-0.002400,-0.002295416,0.0003616164,-0.002640368,0.00020
19651110,-0.000900,-0.000353734,0.0000755515,0.0006138006,0.00020
19651111,0.002700,0.0014798924,0.0002876796,0.0040169311,0.00020
19651112,0.004800,0.0045125365,0.0012115312,0.0065678177,0.00020
19651115,0.001100,0.0053164715,-0.000118678,0.0057912311,0.00020
19651116,-0.001200,0.0031669856,-0.000760874,-0.000614382,0.00020
19651117,0.001500,-0.000180253,-0.00351814,-0.001528475,0.00020
19651118,-0.003500,0.002869093,0.0014515747,-0.001734166,0.00020
19651119,0.000300,0.0049314263,0.001203411,0.0029855473,0.00020
19651122,-0.005300,0.0064300655,0.0004445057,0.0016421352,0.00020
19651123,0.001700,0.0002978239,0.0002744037,0.0027951532,0.00020
19651124,0.001900,0.0020315875,-0.000360774,0.0031449748,0.00020
19651126,0.002600,0.0052992969,0.0014740454,0.0027352319,0.00020
19651129,-0.001500,0.0056360544,0.0071578782,0.0028552701,0.00020
19651130,-0.001500,0.0028190481,0.0022939317,-0.001696619,0.00020
19651201,-0.000300,0.0045567061,0.0010030748,0.0016582608,0.00020
19651202,-0.002400,0.0028166464,-0.003302281,-0.000821903,0.00020
19651203,0.000700,0.0019333566,-0.002836701,0.0032979956,0.00020
19651206,-0.007900,-0.005087979,0.0005681377,-0.004242059,0.00020
19651207,0.009600,0.0141513826,-0.000631995,0.0080159874,0.00020
19651208,-0.000700,0.0024394697,-0.000863919,0.0003904444,0.00020
19651209,0.002900,0.0006833004,0.002947257,0.0004137888,0.00020
19651210,0.002800,0.0017586934,-0.00409352,0.0017206812,0.00020
19651213,0.001000,0.0061385657,-0.004006296,0.0027467451,0.00020
19651214,0.000600,0.000094392,0.0026200435,0.0031914188,0.00020
19651215,0.001800,-0.001964538,0.0018528809,-0.000106777,0.00020
19651216,0.001600,0.008406239,-0.001514108,0.0048288013,0.00020
19651217,0.000400,0.0029096741,-0.003200374,0.0026444285,0.00020
19651220,-0.005300,0.0012660037,0.0036179127,-0.001557113,0.00020
19651221,0.003400,0.0037778547,-0.001183117,0.0012038593,0.00020
19651222,0.001600,-0.00794605,-0.005796225,-0.00434486,0.00020
19651223,-0.001600,-0.003990896,0.0010875558,-0.004192289,0.00020
19651227,-0.006600,-0.003499941,0.0083746566,-0.001332045,0.00020
19651228,-0.000500,0.001545114,-0.002319901,-0.000387285,0.00020
19651229,0.002900,0.001487186,-0.001306193,0.0012708335,0.00020
19651230,0.003600,0.0015148688,0.0011777435,0.0003144356,0.00020
19651231,0.002600,-0.001842142,0.0070209097,0.0030378645,0.00020
19660103,-0.002200,0.0103275253,0.0005388185,-0.005258431,0.00020
19660104,0.001000,0.0049237166,-0.003553581,-0.001141877,0.00020
19660105,0.005700,-0.001109205,-0.000342035,-0.000123604,0.00020
19660106,0.001800,0.0007704347,-0.000292816,0.000930282,0.00020
19660107,0.001000,0.0006844027,0.0028042658,-0.00028468,0.00020
19660110,0.002000,0.0003776974,0.002836973,0.0021468964,0.00020
19660111,0.000500,0.0012042304,-0.000257665,0.0004205012,0.00020
19660112,-0.001500,0.0008602783,0.0019029824,0.0010691755,0.00020
19660113,0.002200,0.0073390806,-0.000350408,0.008190596,0.00020
19660114,0.001500,-0.000831704,0.0008860288,0.0045186428,0.00020
19660117,0.003300,0.000968965,0.0008510287,0.0019997408,0.00020
19660118,0.001800,-0.002247793,0.0049879348,0.0021791802,0.00020
19660119,-0.002800,-0.00037893,0.0006766852,0.0007342141,0.00020
19660120,-0.003000,0.0063794291,0.0002391285,0.0004247773,0.00020
19660121,0.000800,0.0005401863,-0.003467112,0.0017427231,0.00020
19660124,0.002600,0.0003667832,-0.000403341,0.0027665748,0.00020
19660125,0.001800,0.0031556629,0.0020730789,0.0032562245,0.00020
19660126,-0.001200,0.0073050113,0.0028747679,0.0012843672,0.00020
19660127,-0.000300,0.0039802907,0.0009926411,0.0014145271,0.00020
19660128,-0.003300,0.0049905458,-0.000280602,0.0045580108,0.00020
19660131,-0.004500,0.0012238209,-0.000301185,0.0020076359,0.00020
19660201,-0.008100,-0.012811071,0.0006224889,-0.007546982,0.00020
19660202,0.004000,-0.000370991,-0.002956911,0.008634827,0.00020
19660203,0.001500,0.0013875094,-0.004981299,-0.00359949,0.00020
19660204,0.005900,-0.0015115,-0.00527721,0.0021346222,0.00020
19660207,0.003400,0.0028755987,-0.004762865,0.0057878067,0.00020
19660208,-0.000300,-0.000074899,-0.002156649,0.0016533566,0.00020
19660209,0.005700,0.0050920721,0.0032962654,0.0045103515,0.00020
19660210,-0.001700,0.0035329776,0.0033306404,0.0050249174,0.00020
19660211,0.000100,0.0079438782,-0.002172684,0.0036898909,0.00020
19660214,-0.001100,0.0029784956,0.000580622,0.0053206381,0.00020
19660215,-0.004300,-0.001118489,0.0026136433,0.0003802705,0.00020
19660216,0.000300,0.0020661538,0.0002275612,0.0051516209,0.00020
19660217,-0.005100,0.0007429472,-0.000048123,-0.00029901,0.00020
19660218,-0.002200,0.0064742145,0.0034463652,0.0004697137,0.00020
19660221,-0.005600,0.0021722569,-0.002731934,-0.00092678,0.00020
19660223,-0.004200,0.0003086765,0.0001540001,-0.001243405,0.00020
19660224,-0.005200,0.0010646484,0.0002221044,-0.003105292,0.00020
19660225,0.003200,0.0032081061,-0.00461169,0.005382857,0.00020
19660228,0.001600,0.009339398,0.0031656331,0.0070713804,0.00020
19660301,-0.012900,-0.000204944,0.0035841986,-0.002885147,0.00020
19660302,-0.010300,-0.005587802,0.0015658031,-0.007698543,0.00020
19660303,0.003900,0.0056923974,0.000955436,0.0044834469,0.00020
19660304,-0.002800,0.0038921183,0.0001993714,-0.002923367,0.00020
19660307,-0.012900,0.0007676951,0.0037824805,-0.013326521,0.00020
19660308,0.000400,-0.007938945,-0.003050504,-0.001287288,0.00020
19660309,0.008900,0.0041114464,-0.002794372,0.007854165,0.00020
19660310,-0.000100,-0.003169453,-0.001064086,-0.003173864,0.00020
19660311,-0.000800,0.0048302822,0.001775264,-0.002149594,0.00020
19660314,-0.011100,-0.003114563,0.0010493831,-0.005750606,0.00020
19660315,-0.007400,-0.012440769,0.0001874473,-0.006180303,0.00020
19660316,0.005400,0.0002277387,0.0000481446,0.0022147927,0.00020
19660317,0.003100,0.0012081845,-0.00086587,-0.000038673,0.00020
19660318,0.004800,0.0002453001,-0.002994748,0.0036815506,0.00020
19660321,0.008200,0.0055349556,0.0041689607,0.0090117136,0.00020
19660322,0.002700,0.002977556,0.0012822061,0.0067195727,0.00020
19660323,-0.003200,0.0036347285,-0.000663488,0.000716447,0.00020
19660324,0.001800,0.0011419028,0.0039831396,0.0041580208,0.00020
19660325,0.003300,0.002262336,-0.004620853,0.0074445452,0.00020
19660328,0.001600,0.0070211411,-0.00120493,0.0055647857,0.00020
19660329,-0.004100,-0.003531156,0.0000787073,-0.004146023,0.00020
19660330,-0.008600,0.0007441947,0.0032884791,-0.001551095,0.00020
19660331,0.005500,0.0011581398,-0.001432638,0.0039215641,0.00020
19660401,0.007600,-0.00155981,-0.001222419,0.0073699277,0.00020
19660404,0.009000,0.0051490512,-0.004918603,0.0061376636,0.00020
19660405,0.005800,0.0044945454,-0.003042784,0.0043255972,0.00020
19660406,0.002500,0.0014736125,-0.001509376,0.0040558831,0.00020
19660407,0.003000,0.0040368741,0.0019093843,0.0063585025,0.00020
19660411,0.001000,0.0044735874,-0.00203005,0.0070887525,0.00020
19660412,-0.002900,0.005535895,0.0021093145,-0.00253234,0.00020
19660413,0.000900,0.0035088098,-0.001445945,0.0060840655,0.00020
19660414,0.003000,-0.000589392,0.0023402504,0.0040398542,0.00020
19660415,0.001000,0.0006561916,-0.00065917,-0.002233458,0.00020
19660418,-0.004300,0.0013163454,0.001781508,-0.003213107,0.00020
19660419,0.000200,0.0085718396,0.0000929323,0.0046406809,0.00020
19660420,0.005100,-0.000596383,-0.000505352,0.0006916894,0.00020
19660421,0.003400,-0.00291374,0.0008878801,-0.000369853,0.00020
19660422,-0.002000,-0.001039565,0.0046154945,-0.003260257,0.00020
19660425,-0.001800,0.0007134033,0.0005976417,0.0020312396,0.00020
19660426,-0.001100,0.0062921156,-0.003411752,0.0001117994,0.00020
19660427,-0.002900,-0.001188473,-0.00051294,-0.000235997,0.00020
19660428,-0.006600,-0.001267839,0.0050970781,-0.002393132,0.00020
19660429,0.000200,0.0016460576,-0.001509613,0.0016962449,0.00020
19660502,-0.001100,-0.003207018,-0.000251564,-0.000702842,0.00020
19660503,-0.011100,-0.001638042,0.0061856409,-0.00524171,0.00020
19660504,-0.005500,-0.001996309,0.0031448325,-0.005282489,0.00020
19660505,-0.017400,-0.009830738,0.0074052595,-0.021707053,0.00020
19660506,-0.002800,-0.011365455,0.0010304653,-0.003196849,0.00020
19660509,-0.016000,0.0004512962,0.0129591522,-0.015032949,0.00020
19660510,0.008600,-0.002650282,-0.005515249,0.0088830758,0.00020
19660511,0.001900,0.0002380459,-0.000404141,0.0005730372,0.00020
19660512,-0.012600,-0.003199171,0.0076823848,-0.009029923,0.00020
19660513,-0.009600,-0.007867923,0.0024220361,-0.011522718,0.00020
19660516,-0.015000,-0.009337951,0.0058212373,-0.013792834,0.00020
19660517,-0.009100,-0.013368273,0.0027968308,-0.007621644,0.00020
19660518,0.018700,0.0129082216,-0.011045194,0.0224923893,0.00020
19660519,-0.001200,0.0044902966,0.0012486081,0.004911369,0.00020
19660520,0.005000,-0.000505908,-0.005344577,0.008559231,0.00020
19660523,0.008900,0.0055828108,-0.003499989,0.0152702406,0.00020
19660524,0.007300,0.0034736622,-0.002645475,0.0088051744,0.00020
19660525,0.003900,0.0007362282,-0.006016066,0.0015474633,0.00020
19660526,0.000400,0.0006240037,0.0011261268,0.0020263044,0.00020
19660527,0.003000,0.0006502692,-0.003852119,0.0037441348,0.00020
19660531,-0.013400,0.0058276304,0.0048988318,-0.009020223,0.00020
19660601,0.000000,-0.005426029,-0.00161431,0.000707971,0.00020
19660602,-0.000600,0.0017662035,-0.004132932,0.0011503721,0.00020
19660603,0.001100,0.0010105377,-0.004106507,0.0006611822,0.00020
19660606,-0.007400,-0.001966679,0.0058253498,-0.00787916,0.00020
19660607,-0.007000,-0.001046754,0.0035213582,-0.005528701,0.00020
19660608,0.001500,0.0053523818,-0.00532036,0.0053094001,0.00020
19660609,0.007200,0.0021805932,-0.00779003,0.0142732401,0.00020
19660610,0.010900,0.0015583171,-0.004111239,0.0104435615,0.00020
19660613,0.004800,-0.00019876,-0.001498516,0.0033430705,0.00020
19660614,0.003300,-0.000739281,-0.003501942,0.0046019375,0.00020
19660615,-0.003800,0.005291526,0.0011547856,-0.000896697,0.00020
19660616,-0.002300,0.0064484212,-0.004734668,0.0027676968,0.00020
19660617,0.000100,0.0035688957,0.0018738218,0.0027423807,0.00020
19660620,-0.000500,-0.000890196,-0.000721014,0.0044473153,0.00020
19660621,0.003500,0.0027606646,-0.002577714,0.0045790517,0.00020
19660622,0.001800,0.0030430444,-0.005413207,0.0038287745,0.00020
19660623,-0.004000,-0.001929473,0.0049767112,-0.006964381,0.00020
19660624,0.000100,-0.004909291,-0.000518272,-0.001488372,0.00020
19660627,-0.006200,-0.003869724,0.0061616096,-0.009507667,0.00020
19660628,-0.004800,0.0010375865,0.0004956244,-0.0036532,0.00020
19660629,-0.010000,-0.00264918,0.0104123086,-0.007455802,0.00020
19660630,-0.001800,-0.0042054,0.0029105231,0.0006956306,0.00020
19660701,0.009900,-0.001715383,-0.003689687,0.0084950768,0.00020
19660705,0.001400,-0.002548309,0.0021430762,-0.003273555,0.00020
19660706,0.013800,-0.004218172,-0.005501827,0.0059387125,0.00020
19660707,0.003500,0.0008783726,-0.0010993,-0.000854904,0.00020
19660708,0.001600,0.0033477917,-0.002023173,-0.00317823,0.00020
19660711,-0.001500,0.0058370098,0.0029834211,-0.001162806,0.00020
19660712,-0.005000,0.007006874,0.0027674945,-0.001415316,0.00020
19660713,-0.006200,0.0049369041,0.004127729,-0.001945828,0.00020
19660714,0.005500,-0.003587519,-0.006868933,0.0063206515,0.00020
19660715,0.002900,0.0015294363,-0.002044628,0.0017025441,0.00020
19660718,-0.001300,-0.000797626,0.0014476472,0.0004368162,0.00020
19660719,-0.007400,0.0011086299,0.0028960541,-0.004533099,0.00020
19660720,-0.008900,0.0027179548,0.0056682597,-0.005926435,0.00020
19660721,-0.000400,-0.002613896,-0.000078491,0.0012747918,0.00020
19660722,-0.001100,0.0058579032,-0.002862863,0.0050832789,0.00020
19660725,-0.019300,-0.007855163,0.0108121643,-0.016921366,0.00020
19660726,-0.002500,-0.005453888,-0.00244733,0.0003135838,0.00020
19660727,0.004800,0.0053252212,-0.004682633,0.0046965271,0.00020
19660728,-0.003600,0.0019381607,0.0039840492,-0.003691953,0.00020
19660729,-0.002000,-0.000043819,0.0004560805,-0.002725265,0.00020
19660801,-0.015400,-0.002518445,0.0054395492,-0.007515827,0.00020
19660802,0.000400,-0.003875494,-0.001867413,-0.000313829,0.00020
19660803,0.009900,-0.002884916,-0.007204538,0.0087945951,0.00020
19660804,0.009100,-0.006521542,-0.002505559,0.0069743074,0.00020
19660805,0.001300,0.0009301313,-0.00108825,0.0005370991,0.00020
19660808,-0.001800,-0.002411392,-0.000847485,0.003727239,0.00020
19660809,-0.001900,0.0036356332,-0.001489021,0.0067250666,0.00020
19660810,-0.004200,-0.00017041,0.00251705,-0.000699613,0.00020
19660811,-0.000600,0.0010945072,-0.005633995,0.0045213268,0.00020
19660812,0.002200,0.0057723207,-0.002420826,0.0084002572,0.00020
19660815,-0.004900,0.0018451871,-0.000502017,0.0017365287,0.00020
19660816,-0.012700,0.00433931,0.0024842887,-0.0029159,0.00020
19660817,-0.005800,-0.004502035,0.0058546424,-0.001657777,0.00020
19660818,-0.012700,-0.001785412,0.0034222016,-0.007042831,0.00020
19660819,-0.007600,-0.003871246,0.0020019311,-0.004373642,0.00020
19660822,-0.018200,0.0003964699,0.00662443,-0.008809563,0.00020
19660823,-0.001300,0.0027219292,-0.005948024,0.0073006383,0.00020
19660824,0.011500,-0.002287794,-0.000511249,0.0082451303,0.00020
19660825,-0.012500,-0.001682406,0.0046273662,-0.011930375,0.00020
19660826,-0.022200,-0.005663074,0.0103479698,-0.014861886,0.00020
19660829,-0.025600,-0.012371811,0.0129937007,-0.014566513,0.00020
19660830,0.016100,-0.00432719,-0.010372656,0.0159595441,0.00020
19660831,0.016200,0.0025441078,0.0086722209,0.0078154921,0.00020
19660901,0.006600,-0.008277352,0.0053849599,-0.009265912,0.00020
19660902,-0.003300,0.0049316177,0.0084021857,-0.007276055,0.00020
19660906,-0.005200,-0.000174712,0.0038135243,-0.006831243,0.00020
19660907,-0.009100,-0.004756075,0.0073050239,-0.008217055,0.00020
19660908,-0.003700,-0.000416426,-0.001875439,-0.001993007,0.00020
19660909,0.003100,0.0062825326,-0.00522457,0.0067193384,0.00020
19660912,0.021300,-0.003222588,-0.010010791,0.0092761317,0.00020
19660913,0.005800,-0.000055744,-0.000581416,-0.003788331,0.00020
19660914,0.009000,-0.0051744,-0.002508989,0.002746123,0.00020
19660915,0.010100,-0.008255645,0.0035206688,0.0015761047,0.00020
19660916,-0.000400,0.0024276254,0.0026645534,-0.002667591,0.00020
19660919,-0.004700,0.0036308162,0.0017329101,-0.000246582,0.00020
19660920,-0.006800,0.0027992838,-0.001402185,0.001134527,0.00020
19660921,-0.016900,0.0043015854,0.0085678694,-0.006537421,0.00020
19660922,0.002100,-0.004280498,0.0007379504,-0.000196532,0.00020
19660923,-0.003000,-0.002982371,-0.000428269,-0.000325475,0.00020
19660926,0.002200,0.0054608782,-0.005793007,0.0077826334,0.00020
19660927,0.002800,-0.003406925,0.002911631,0.0019699198,0.00020
19660928,-0.011800,0.0047681377,0.0052613728,-0.004732168,0.00020
19660929,-0.010700,-0.007048746,0.0088559656,-0.007452431,0.00020
19660930,0.002900,-0.001599527,0.001514409,0.0006096279,0.00020
19661003,-0.021700,-0.000176226,0.0134972633,-0.013556043,0.00020
19661004,0.000700,-0.012668905,0.0021713636,-0.008209258,0.00020
19661005,-0.005800,-0.007751572,0.0117830237,-0.011732695,0.00020
19661006,-0.010100,-0.00996083,0.01210794,-0.012754331,0.00020
19661007,-0.012600,-0.013048432,0.0145269956,-0.012557702,0.00020
19661010,0.016900,-0.005451629,-0.018205615,0.0179770459,0.00020
19661011,0.004900,-0.001569739,0.0058056033,-0.003509854,0.00020
19661012,0.026300,-0.008277482,-0.005142479,0.0081763913,0.00020
19661013,-0.000100,0.0101078196,-0.002652316,-0.001866562,0.00020
19661014,-0.003000,0.0103147371,-0.002326601,-0.007446675,0.00020
19661017,0.010900,-0.007986812,-0.000134055,-0.00255482,0.00020
19661018,0.016200,-0.001076467,-0.006416638,0.0023195968,0.00020
19661019,-0.007500,0.0035122902,0.0058021708,-0.00716462,0.00020
19661020,-0.003100,-8.866901E-6,0.0031666322,-0.005767749,0.00020
19661021,0.003100,-0.004253901,-0.002421583,-0.001318642,0.00020
19661024,0.002300,-0.000714954,0.0083787245,-0.00482328,0.00020
19661025,0.005100,-0.007132242,0.0023902132,-0.002420498,0.00020
19661026,0.008500,0.0040504286,-0.00131589,-0.001762541,0.00020
19661027,0.008000,-0.000508157,0.0013105458,-0.000695948,0.00020
19661028,0.000400,0.004402031,-0.002355397,-0.000713212,0.00020
19661031,-0.000400,-0.000246638,-0.000132548,-0.00497663,0.00020
19661101,0.008400,0.0007502561,-0.009680293,0.0100541642,0.00020
19661102,0.001300,-0.00143778,-0.002047861,0.0034193945,0.00020
19661103,-0.003200,0.0054924546,-0.004129318,0.0040180532,0.00020
19661104,0.003900,-0.005495431,-0.005846921,0.0014961803,0.00020
19661107,-0.000500,0.0040297829,-0.005338878,0.0004170249,0.00020
19661109,0.008200,-0.000479126,-0.007104804,0.0060389048,0.00020
19661110,0.006300,0.0042067348,-0.005591826,0.0021109167,0.00020
19661111,0.001000,0.0040034294,0.0023271324,-0.002717673,0.00020
19661114,-0.005300,0.0057138634,-0.002642382,0.0037297735,0.00020
19661115,0.004100,-0.000190845,-0.008065555,0.0029337446,0.00020
19661116,0.008600,0.0085207289,-0.008012976,0.0045398946,0.00020
19661117,-0.006600,0.0049002963,0.0078643414,-0.002215069,0.00020
19661118,-0.006100,0.0031377267,0.0013436604,-0.002017629,0.00020
19661121,-0.013700,-0.001000759,0.0031009807,0.0004605483,0.00020
19661122,-0.005000,-0.001262764,-0.005730298,0.0027061749,0.00020
19661123,0.007500,0.0047114199,-0.007270161,0.0063875162,0.00020
19661125,0.007900,-0.000117206,-0.012476255,0.0087102529,0.00020
19661128,-0.000400,0.0008576328,-0.003132335,0.0050698885,0.00020
19661129,-0.002900,0.0045201089,-0.001691868,0.0021686472,0.00020
19661130,0.000800,0.0037077971,-0.008495184,0.0073296684,0.00020
19661201,-0.003900,0.0043473841,0.0038275837,-0.004393183,0.00020
19661202,0.000300,-0.004184734,-0.002381578,-0.000038253,0.00020
19661205,0.000700,0.0007813297,-0.003831893,0.0009452404,0.00020
19661206,0.006800,-0.001577547,-0.003932253,0.002881988,0.00020
19661207,0.010100,-0.001001429,-0.005358898,0.0077875413,0.00020
19661208,0.003700,0.0011040455,-0.0038432,0.003105643,0.00020
19661209,0.002200,0.0026903122,-0.004419906,-0.006756623,0.00020
19661212,0.009800,-0.00529241,-0.007898455,-0.001893571,0.00020
19661213,-0.002800,0.0011572598,0.0000953362,0.0025488556,0.00020
19661214,-0.000100,0.0052168867,-0.007660388,0.0011567509,0.00020
19661215,-0.010400,0.0080194846,0.006098611,-0.00583273,0.00020
19661216,0.000200,0.0001640971,-0.002221985,-0.004185632,0.00020
19661219,-0.002600,0.0013677925,0.0002804632,-0.001489713,0.00020
19661220,-0.003900,-0.00135665,0.0040724346,0.0008232247,0.00020
19661221,0.005200,0.0048841276,-0.000360101,-0.000058616,0.00020
19661222,0.003800,0.0027319189,0.0022805625,-0.001750982,0.00020
19661223,-0.002500,0.0042013193,0.0032536021,-0.005784047,0.00020
19661227,-0.005400,0.0043082815,0.0034269494,-0.002055519,0.00020
19661228,-0.004800,-0.002932269,0.0078929072,-0.002403137,0.00020
19661229,-0.003900,-0.004305467,0.003817907,0.0007833007,0.00020
19661230,-0.000800,-0.002975131,-0.001532404,0.0019338992,0.00020
19670103,0.000800,0.0101561709,0.0050801192,-0.008428784,0.00020
19670104,0.001700,0.0001002277,-0.002237486,-0.007280195,0.00020
19670105,0.013000,0.0046671095,-0.002218235,-0.001434005,0.00020
19670106,0.007200,0.008843014,-0.001626659,-0.003846596,0.00020
19670109,0.008400,0.0060959798,-0.008807082,0.0013362769,0.00020
19670110,0.000000,0.0041232851,0.002913643,0.0032030419,0.00020
19670111,0.008400,0.0048150647,-0.001041436,-0.000557173,0.00020
19670112,0.005400,0.0018498178,0.0005293982,0.0004354143,0.00020
19670113,0.006800,0.0024922427,-0.0019939,0.002252318,0.00020
19670116,-0.001900,-0.000899221,0.0016799882,-0.001805463,0.00020
19670117,0.011300,-0.001250452,-0.013001785,0.0046996165,0.00020
19670118,0.005200,-0.001973161,0.0017818263,0.0002878372,0.00020
19670119,0.000400,0.0014753463,0.0018660724,0.0010416624,0.00020
19670120,0.003700,0.0045863261,-0.004456338,0.0014730535,0.00020
19670123,0.003300,0.004719822,-0.00262178,0.0019853868,0.00020
19670124,0.002000,-0.002759162,-0.008355301,0.0003719626,0.00020
19670125,-0.006900,0.0049681585,0.0027846083,-0.000036625,0.00020
19670126,0.000200,0.0043057014,-0.003433576,-0.001339793,0.00020
19670127,0.004800,0.003092408,-0.005262606,-0.001163847,0.00020
19670130,0.005600,0.0093841268,-0.003348329,0.0015141841,0.00020
19670131,-0.000800,0.0031666722,0.0063639673,-0.005275795,0.00020
19670201,-0.001500,-0.002230374,-0.000415955,-0.000600579,0.00020
19670202,0.003400,0.004979917,0.0028659152,0.0073186455,0.00020
19670203,0.007100,0.0021113524,-0.003851663,0.0017400157,0.00020
19670206,-0.001500,0.0017660428,-0.001223445,-0.002040677,0.00020
19670207,-0.001800,0.0003230258,-0.000888842,-0.001267608,0.00020
19670208,0.008800,0.0006146771,-0.005560089,0.0046454375,0.00020
19670209,-0.003900,0.0037200975,0.0010235764,0.0051322078,0.00020
19670210,0.002600,0.0012329688,-0.005431663,0.0033634276,0.00020
19670213,0.001400,0.0084131023,0.0004153776,-0.001585269,0.00020
19670214,0.007300,0.0028042074,0.0002325481,0.0083152293,0.00020
19670215,0.000500,-0.000992263,-0.000813074,0.0008837775,0.00020
19670216,-0.004300,0.0002854677,0.0032248791,-0.001205319,0.00020
19670217,0.000200,0.0010357089,-0.002724805,0.0005261712,0.00020
19670220,-0.005000,0.0045141238,-0.001674676,0.0003857352,0.00020
19670221,-0.000100,-0.000239868,-0.003510535,-0.000186763,0.00020
19670223,0.001200,-0.001390835,0.0013676476,-0.001537045,0.00020
19670224,0.000800,0.0030251002,-0.002914458,0.0001835127,0.00020
19670227,-0.011000,-0.003244936,0.0032858725,0.0017814708,0.00020
19670228,0.003900,-0.002761308,-0.00901789,0.004601908,0.00020
19670301,0.009800,-0.002711346,-0.007194277,0.003942709,0.00020
19670302,0.005200,-0.003537857,-0.000817563,0.003950695,0.00020
19670303,0.001600,0.0024468742,-0.002451859,0.002594494,0.00020
19670306,-0.001300,0.0015306856,-0.004605422,0.000342697,0.00020
19670307,0.001600,0.0001643975,-0.006725449,0.0052215065,0.00020
19670308,0.001700,0.001429369,-0.004804651,0.0041878629,0.00020
19670309,0.002900,0.0005134368,0.0010668122,0.0002441919,0.00020
19670310,0.003700,0.0054813895,0.0006150193,-0.000422388,0.00020
19670313,-0.004800,0.0017445098,0.0074487401,0.0041598372,0.00020
19670314,-0.001100,0.0003991578,-0.002290312,0.0018902452,0.00020
19670315,0.008900,0.0002206021,-0.003563696,0.0013603531,0.00020
19670316,0.009000,-0.004935598,-0.000245435,0.003299217,0.00020
19670317,0.001300,0.0010171964,-0.001002579,0.0005753991,0.00020
19670320,-0.000100,0.0068802623,-0.001693614,-0.000099309,0.00020
19670321,-0.002800,0.0026338313,0.0013282243,-0.00153263,0.00020
19670322,0.002800,0.0048851253,-0.003979222,-0.000246962,0.00020
19670323,0.006800,-0.0019045,0.0008248892,0.005032835,0.00020
19670327,-0.000600,0.0051591301,-0.003507286,0.0003651364,0.00020
19670328,0.000900,0.001980832,0.0020937218,0.0024073702,0.00020
19670329,-0.001400,0.0015940611,0.0021713853,-0.000887368,0.00020
19670330,0.000400,0.0012802688,-0.000793712,0.0027594452,0.00020
19670331,-0.005100,0.0014533749,0.0031062585,-0.002614248,0.00020
19670403,-0.011300,-0.004356513,0.0098034359,-0.010160205,0.00020
19670404,0.000100,0.0026786336,-0.002113028,0.000197069,0.00020
19670405,0.006300,-0.000595634,-0.000221698,-0.001322391,0.00020
19670406,0.002000,0.0016602021,-0.00167652,0.0025498649,0.00020
19670407,-0.006200,-0.001894008,0.0068546516,-0.003897823,0.00020
19670410,-0.012400,-0.005768474,0.0034015314,-0.004667323,0.00020
19670411,0.007100,0.0021938629,-0.008124488,0.0022802543,0.00020
19670412,-0.001000,0.0032055771,0.0007313765,0.0013277966,0.00020
19670413,0.006500,-0.002454006,-0.010176387,0.003963012,0.00020
19670414,0.010100,-0.00312375,-0.006096913,0.0065874229,0.00020
19670417,0.006400,-0.001528763,0.0007461614,0.0050154339,0.00020
19670418,0.008500,-0.001442693,-0.004960025,0.0068812458,0.00020
19670419,0.001200,0.0016485536,0.0004254285,0.0036417518,0.00020
19670420,0.001900,0.0024511547,-0.002764058,0.0009389774,0.00020
19670421,0.002600,0.0014474514,-0.00277768,0.0001785481,0.00020
19670424,0.002700,-0.001672723,-0.001373185,0.0032310685,0.00020
19670425,0.005500,0.0022538415,-0.00666757,0.0023423424,0.00020
19670426,-0.001100,0.0010298927,-0.002783602,0.001305372,0.00020
19670427,0.008100,-0.001630638,-0.00720337,0.0036969711,0.00020
19670428,0.001500,0.0018952784,0.0017842396,0.0020470997,0.00020
19670501,-0.000700,0.0074874798,-0.008017662,0.0021481031,0.00020
19670502,-0.000200,0.0101369915,-0.006117974,0.0003128648,0.00020
19670503,0.002800,0.0071762289,-0.001707159,-0.000459671,0.00020
19670504,0.003300,-0.00257252,0.0003610463,0.0013249685,0.00020
19670505,0.001200,0.0008991393,0.0026848326,0.0004927983,0.00020
19670508,0.002100,-0.003357356,0.0058771977,-0.004446048,0.00020
19670509,-0.010300,-0.002179705,0.0128147317,-0.007727267,0.00020
19670510,-0.001300,0.0055823599,-0.004472803,-0.000369009,0.00020
19670511,0.004900,0.0067754709,-0.005189968,0.0002564566,0.00020
19670512,-0.002000,0.0040573043,-0.003442365,0.0010525139,0.00020
19670515,-0.007400,0.0038139664,0.0018481436,-0.001998935,0.00020
19670516,0.004800,0.0010437141,-0.007788938,0.0053059888,0.00020
19670517,-0.002700,0.0045551817,-0.003173084,-0.000364128,0.00020
19670518,-0.001900,0.0067422121,-0.00119592,0.0030388307,0.00020
19670519,-0.004200,0.0029467203,0.0014188992,0.0023157413,0.00020
19670522,-0.003400,0.0046920089,-0.005345716,-0.001593327,0.00020
19670523,-0.004300,0.0034877903,-0.003563059,-0.000416694,0.00020
19670524,-0.012000,-0.005539177,0.0107107498,-0.000068946,0.00020
19670525,0.009900,-0.000296259,0.0006535019,0.0068351492,0.00020
19670526,-0.001100,-0.000310318,0.0041544113,0.0004303054,0.00020
19670529,-0.004800,-0.000185732,-0.001774099,0.0007204888,0.00020
19670531,-0.016600,-0.011217827,0.0134199515,-0.0035505,0.00020
19670601,0.011800,0.0021044994,-0.006925459,0.0074705844,0.00010
19670602,-0.004000,0.0054082712,0.0024740284,-0.000023874,0.00010
19670605,-0.016500,-0.014913907,0.0086422008,-0.009205193,0.00010
19670606,0.020200,0.0093127484,-0.013297523,0.0152200268,0.00010
19670607,0.008500,0.0055681539,-0.010037257,0.0088860725,0.00010
19670608,0.005700,0.0041294028,-0.005235324,0.0062263622,0.00010
19670609,0.002600,0.0066203097,-0.005617399,0.0042704178,0.00010
19670612,0.006300,0.0031708123,-0.01024412,0.0051283161,0.00010
19670613,0.006000,0.0038512206,-0.000152581,0.0068222434,0.00010
19670614,-0.001700,0.0058602375,-0.003685836,0.0028123523,0.00010
19670615,0.001700,0.0046654386,-0.00285317,0.0066828359,0.00010
19670616,0.000300,0.0023359471,0.0018704894,0.0007085817,0.00010
19670619,0.000300,0.0004038955,-0.003086755,0.00223395,0.00010
19670620,-0.000300,0.0009263645,-0.001979221,0.0039727353,0.00010
19670621,-0.002500,0.0036531994,0.0036139712,-0.002096336,0.00010
19670622,-0.002000,0.0101000559,-0.000567661,0.0007585675,0.00010
19670623,0.000700,0.0067264025,-0.001470588,0.0008161693,0.00010
19670626,-0.004000,0.0006466862,-0.004892699,0.0031311049,0.00010
19670627,-0.003400,0.0027989257,0.0039460727,-0.00206589,0.00010
19670628,0.000700,0.0008720516,-0.001296585,-0.00125034,0.00010
19670629,-0.004700,-0.000094553,0.007132796,-0.00197111,0.00010
19670630,-0.001500,0.002011813,-0.000598003,-0.004344398,0.00010
19670703,0.003500,0.0020567414,0.0002288234,0.0011352714,0.00020
19670705,0.005300,0.0060634888,-0.001366161,0.0045277373,0.00020
19670706,-0.000600,0.0025360545,0.0010972812,0.0006257021,0.00020
19670707,0.004700,0.0070370945,-0.006425491,0.0027579184,0.00020
19670710,0.004500,0.008829602,-0.002059848,0.0082033141,0.00020
19670711,0.004300,-0.006323808,-0.000505893,0.0008384788,0.00020
19670712,-0.000300,0.0025412711,0.0033046298,0.0024281465,0.00020
19670713,0.000600,0.0036793649,0.0046153478,0.0017736377,0.00020
19670714,0.003700,0.0057500684,-0.000833105,-0.000175366,0.00020
19670717,0.000700,0.0053031661,0.0004259928,-0.000106782,0.00020
19670718,0.007000,-0.000752628,0.0061952432,-0.000509919,0.00020
19670719,0.000900,-0.005352145,0.009084491,-0.002961847,0.00020
19670720,0.001400,-0.003882942,0.0061925106,-0.002644888,0.00020
19670721,0.000400,-0.005360889,0.0091200147,-0.001551623,0.00020
19670724,-0.003700,-0.005575882,0.0035681979,-0.005134545,0.00020
19670725,0.000200,0.0015813744,-0.002417913,-0.002923081,0.00020
19670726,0.004200,0.0018437688,-0.008830489,0.0032530799,0.00020
19670727,0.003400,0.0084050403,-0.000971633,0.0043511207,0.00020
19670728,0.001700,0.0011757108,-0.00439958,-0.001511863,0.00020
19670731,0.002800,0.0021981466,0.0031410977,0.0042469381,0.00020
19670801,0.006200,-0.004191032,-0.001977229,-0.0000666,0.00010
19670802,0.003400,-0.002162705,0.005439507,0.0004340563,0.00010
19670803,-0.001800,-0.002135244,-0.002066809,-0.001641274,0.00010
19670804,0.002600,0.0009447589,-0.004620217,0.0013303115,0.00010
19670807,-0.001600,0.0004999649,-0.000163855,0.0029780389,0.00010
19670808,0.000900,0.0026539443,-0.000621878,0.0009174816,0.00010
19670809,0.001100,0.0004662583,0.0055496318,0.0015035966,0.00010
19670810,-0.002700,0.000498732,0.0058787774,-0.002537606,0.00010
19670811,-0.004700,0.000832552,0.0075205786,-0.00216702,0.00010
19670814,-0.005000,-0.005176407,0.0060431923,0.0000311763,0.00010
19670815,0.001000,0.0011886129,0.0027614355,-0.001596561,0.00010
19670816,-0.002500,-0.000412778,-0.002437382,-0.001588773,0.00010
19670817,0.001300,0.0033071566,0.0029975397,-0.000756187,0.00010
19670818,0.001700,0.0022258023,-0.000376742,0.0015528546,0.00010
19670821,-0.005000,0.0018006875,0.0008158618,-0.003835808,0.00010
19670822,-0.005400,0.0003133866,0.0019284443,0.0009792935,0.00010
19670823,-0.001000,0.0020490442,-0.007164635,0.0014239398,0.00010
19670824,-0.005200,0.0039707033,0.0073973867,-0.004336198,0.00010
19670825,-0.004200,-0.004455747,0.0019353113,-0.003257852,0.00010
19670828,0.000300,-0.004830797,-0.005772445,0.000154448,0.00010
19670829,0.002500,0.0013859474,-0.001648105,0.0021582204,0.00010
19670830,0.002900,0.0041338162,-0.005741774,0.0032911536,0.00010
19670831,0.006500,0.0045601629,-0.004474077,0.003436137,0.00010
19670901,0.001500,0.006476618,-0.005656078,0.0030341625,0.00020
19670905,0.005300,-0.002690994,0.0020562524,0.0055863145,0.00020
19670906,0.001700,0.0003175239,-0.001351128,0.0041910798,0.00020
19670907,-0.000600,-0.001015792,0.0002612673,0.0007552486,0.00020
19670908,0.000100,0.000853244,-0.000176769,0.0024293011,0.00020
19670911,0.001500,-0.000197557,-0.002575947,0.0064711602,0.00020
19670912,0.004900,-0.002594524,-0.004570804,0.0032323689,0.00020
19670913,0.009700,-0.008835885,0.0028860504,0.0021892775,0.00020
19670914,0.001400,-0.003666804,0.0072398776,-0.003069638,0.00020
19670915,0.000600,0.000841453,0.0037517873,0.0016516825,0.00020
19670918,0.002600,-0.002818148,0.007041625,0.0027318425,0.00020
19670919,-0.004400,-0.000551524,-0.001080067,0.0027156457,0.00020
19670920,0.000500,0.0036365163,-0.006011153,0.0017839454,0.00020
19670921,0.005600,-0.000383782,-0.009835169,0.0108934367,0.00020
19670922,0.002800,0.0045273609,-0.005434335,0.0049870984,0.00020
19670925,0.004800,-0.002207054,0.0014205014,0.0030012661,0.00020
19670926,-0.008700,-0.001907667,0.0023576182,-0.00197859,0.00020
19670927,0.000600,0.0010636752,-0.001964266,0.0004620049,0.00020
19670928,0.000800,0.0025644955,-0.002628496,0.0052478748,0.00020
19670929,0.000000,0.0024139695,-0.004313756,0.0014204821,0.00020
19671002,-0.004000,-0.000924566,0.0017773833,-0.000814685,0.00020
19671003,0.003200,-0.00006413,-0.0018241,0.0040777133,0.00020
19671004,-0.001300,0.0049479706,-0.001227124,0.0019774337,0.00020
19671005,0.002000,0.0007939851,-0.004208657,0.0032155629,0.00020
19671006,0.005700,0.0018836559,-0.008227265,0.0068607263,0.00020
19671009,0.002000,0.0017900169,-0.003027805,0.0009542331,0.00020
19671010,-0.007300,-0.001042438,0.0013707685,-0.003381854,0.00020
19671011,-0.004600,0.0019137625,-0.000527044,0.0012803387,0.00020
19671012,-0.006100,0.0027610585,0.0009857072,-0.001853874,0.00020
19671013,0.002200,0.0032087703,-0.002489136,0.0040520844,0.00020
19671016,-0.008100,0.0025407463,0.0025897033,-0.001561948,0.00020
19671017,-0.001900,0.0018058428,-0.001946186,-0.003421944,0.00020
19671018,0.002400,-0.000014425,-0.004527398,0.0052548656,0.00020
19671019,0.000900,-0.000226416,-0.002081082,0.004266185,0.00020
19671020,-0.001200,-0.004160524,0.0014582417,0.00214114,0.00020
19671023,-0.004800,-0.007282941,-0.000356196,-0.000705916,0.00020
19671024,-0.005700,-0.002974143,-0.001340232,-0.001174858,0.00020
19671025,0.001400,-0.003295061,-0.003958793,0.0037815658,0.00020
19671026,0.004300,0.0009276258,-0.005975539,0.0069008118,0.00020
19671027,0.000100,-0.000218476,-0.000855113,0.000434241,0.00020
19671030,-0.001600,0.0020036451,0.0013784595,0.0039447151,0.00020
19671031,-0.008900,-0.002307064,0.0018755639,-0.00100476,0.00020
19671101,-0.012200,0.0023409938,-0.000114651,-0.002661432,0.00020
19671102,-0.004900,-0.001439371,0.0063645321,-0.004250873,0.00020
19671103,-0.004800,0.0042122462,-0.002450289,-0.004012075,0.00020
19671106,-0.003100,0.0004565786,-0.003423553,-0.001928291,0.00020
19671108,-0.003800,-0.000693724,0.006154712,0.0006792726,0.00020
19671109,0.004200,-0.003954751,-0.000250198,-0.001160115,0.00020
19671110,0.005800,0.0000483487,0.0033936633,0.0020793185,0.00020
19671113,-0.003100,-0.003822834,0.0038557178,-0.003087904,0.00020
19671114,-0.007300,-0.0062937,0.005230169,-0.009608809,0.00020
19671115,0.004100,-0.004287219,-0.007671079,0.0025240324,0.00020
19671116,0.009400,0.0030391333,-0.010417673,0.0109504216,0.00020
19671117,0.003500,0.0101349174,-0.00668724,0.0081383721,0.00020
19671120,-0.013900,-0.010545026,0.0044500417,-0.00983948,0.00020
19671121,0.017100,0.0120849412,-0.015895845,0.0116849132,0.00020
19671122,0.006600,0.0017016627,-0.001908054,0.003455103,0.00020
19671124,0.002100,0.0003805393,-0.002007805,-0.001850255,0.00020
19671127,0.003500,-0.000743455,-0.008369064,0.0031018067,0.00020
19671128,0.005100,-0.000307868,-0.004773403,-0.00140147,0.00020
19671129,0.000600,0.0021335414,0.0020248408,-0.001841076,0.00020
19671130,-0.004500,0.0024003784,0.0025415489,-0.00109267,0.00020
19671201,0.005400,0.0075608602,-0.002573159,0.0070142682,0.00020
19671204,0.006300,0.0063730323,-0.005194278,0.0117223759,0.00020
19671205,0.001100,-0.001997769,0.0043041234,-0.003570346,0.00020
19671206,0.003600,-0.001168925,-0.003581416,0.0051482829,0.00020
19671207,-0.000900,0.0046703921,0.0019980689,0.0030886535,0.00020
19671208,-0.000900,0.0062995846,-0.000969152,0.0007443081,0.00020
19671211,-0.001700,0.010433773,-0.003939663,0.0037828176,0.00020
19671212,-0.000100,0.0019725027,-0.004085911,-0.002034166,0.00020
19671213,0.004300,0.0045354807,-0.003139001,0.0014993268,0.00020
19671214,0.001600,0.0040827317,0.0005817925,-0.00009291,0.00020
19671215,-0.005700,0.0006005951,0.0124101127,-0.007240157,0.00020
19671218,-0.002900,-0.002019498,0.0054586537,-0.006189035,0.00020
19671219,-0.001000,0.0021774857,-0.005259528,-0.000467447,0.00020
19671220,0.005700,0.0010615721,-0.001192253,-0.000276306,0.00020
19671221,0.002400,0.0001520943,-0.001217612,-0.003735235,0.00020
19671222,-0.001200,0.0038371261,0.003784877,-0.002597627,0.00020
19671226,0.001500,0.0060152691,-0.002796491,-0.001852384,0.00020
19671227,0.006700,0.0021423085,-0.003142466,0.0019835652,0.00020
19671228,-0.000500,0.0006096361,-0.001016525,-0.005055927,0.00020
19671229,0.006400,0.0021379742,-0.000494363,0.0000587438,0.00020
19680102,-0.002600,0.0035981055,0.0095154915,-0.012501714,0.00020
19680103,-0.005600,-0.006321436,0.0146497044,-0.007662594,0.00020
19680104,-0.003000,-0.000235533,0.0065387034,-0.013410291,0.00020
19680105,0.006400,0.0041739104,0.0046497322,-0.004508872,0.00020
19680108,0.007000,-0.001281619,0.0027270157,-0.013798283,0.00020
19680109,-0.001500,0.0005450641,-0.000299429,-0.002539903,0.00020
19680110,0.001500,0.0024389568,-0.007299393,0.0002611204,0.00020
19680111,0.002500,0.0116056927,-0.005134325,0.0009883125,0.00020
19680112,0.002000,0.0085914707,0.0024382809,0.004658638,0.00020
19680115,-0.001500,0.0087256169,-0.003952889,0.0027998603,0.00020
19680116,-0.005600,0.0054871273,0.0005111295,0.0008405082,0.00020
19680117,-0.001000,0.0079674625,0.0025469817,0.0019815012,0.00020
19680118,-0.000100,0.0056221392,0.0029457279,0.0060143796,0.00020
19680119,-0.003500,0.0028986927,0.0034849875,-0.000333633,0.00020
19680122,-0.013800,-0.004059983,0.0099351676,-0.004684087,0.00020
19680123,-0.005100,0.0028968067,0.0039263437,0.0030200786,0.00020
19680124,-0.004100,-0.002495957,0.0009300513,-0.001588489,0.00020
19680125,0.000400,-0.006150136,-0.000882849,0.0026840227,0.00020
19680126,0.002100,0.0055698779,-0.000266934,0.0031283384,0.00020
19680129,-0.001700,0.0011398984,0.0091821756,-0.004917544,0.00020
19680130,-0.005600,-0.004910049,0.0049690695,-0.003735111,0.00020
19680131,-0.008300,-0.003974388,0.0060976402,-0.005981356,0.00020
19680201,0.002900,-0.005706592,-0.00664812,-0.004904087,0.00020
19680202,-0.003300,0.0020646895,0.0072892916,-0.001646372,0.00020
19680205,-0.004700,0.001672708,0.0059331158,-0.002996858,0.00020
19680206,0.000700,-0.004462789,-0.002193316,0.0001293522,0.00020
19680207,0.001500,-0.000312865,0.0023947578,0.0002578395,0.00020
19680208,-0.014100,-0.008264473,0.013459838,-0.010729396,0.00020
19680209,-0.011900,-0.004760793,0.0058212136,-0.00464533,0.00020
19680213,-0.010500,-0.010632376,0.0064992918,-0.005600644,0.00020
19680214,0.012400,0.0012940669,-0.013914608,0.0077917279,0.00020
19680215,0.002400,0.0061773555,-0.001097913,-0.000043777,0.00020
19680216,-0.003900,-0.001894103,0.0071777218,-0.002565748,0.00020
19680219,0.003500,0.000695305,-0.001632169,0.0072496503,0.00020
19680220,0.006200,0.0019217924,-0.003834256,0.0060254959,0.00020
19680221,0.004200,0.0014794913,-0.000560892,0.0036870535,0.00020
19680223,-0.004800,0.0016336438,0.0039096214,0.0009207034,0.00020
19680226,-0.007900,-0.001253794,0.0069184107,-0.006209624,0.00020
19680227,0.004000,-0.0020879,-0.008278745,0.001201729,0.00020
19680228,-0.005400,0.0019247245,0.0106692609,-0.000755765,0.00020
19680229,-0.008800,-0.00100288,0.0105235396,-0.004438908,0.00020
19680301,-0.004500,-0.007408124,0.0082749859,-0.003087778,0.00020
19680304,-0.015600,-0.009419737,0.0159947256,-0.009083397,0.00020
19680305,-0.004200,-0.0097206,-0.006089466,0.0027348378,0.00020
19680306,0.018000,0.0066389281,-0.012520256,0.010299788,0.00020
19680307,-0.001600,0.0025438662,0.0011676066,0.001289525,0.00020
19680308,-0.001000,-0.003961543,0.0036896352,-0.00236557,0.00020
19680311,0.013500,0.0049477733,-0.017816397,0.0120409207,0.00020
19680312,0.001800,0.0046394879,-0.004470278,0.0037896337,0.00020
19680313,-0.001800,0.0065938117,0.0030960259,-0.00044808,0.00020
19680314,-0.020900,-0.006525368,0.0123846002,-0.007553625,0.00020
19680315,0.007700,-0.005613825,-0.009960979,0.0094207483,0.00020
19680318,0.006500,0.0062976197,-0.007654984,0.009473356,0.00020
19680319,-0.006400,0.0007407891,0.0030743704,-0.003700288,0.00020
19680320,-0.000800,-0.002435005,-0.000171994,0.0022567704,0.00020
19680321,-0.008100,-0.002450568,0.0059718786,-0.003019211,0.00020
19680322,0.000100,-0.005728922,-0.00010425,0.0010912684,0.00020
19680325,-0.001300,-0.000470668,0.0008669779,0.0036618598,0.00020
19680326,0.006600,-0.000023839,-0.005482114,0.0067034853,0.00020
19680327,0.008600,0.0018260381,-0.009295574,0.0040205687,0.00020
19680328,-0.000800,0.0021985569,0.0017109613,0.0029227333,0.00020
19680329,0.007000,0.0021238225,-0.000668127,0.0041484688,0.00020
19680401,0.023800,-0.006644347,-0.0148435,0.007032275,0.00020
19680402,0.002000,0.0029898195,-0.003791625,0.001327667,0.00020
19680403,0.008700,-0.001088613,0.0023280446,0.0002058761,0.00020
19680404,0.004600,0.0019238854,-0.008102269,-0.005136273,0.00020
19680405,-0.005400,0.0078223308,0.0024131543,-0.002247622,0.00020
19680408,0.017300,0.0019370753,-0.00860168,0.0033218022,0.00020
19680410,0.007300,0.0015431184,-0.000018153,0.0088288863,0.00020
19680411,0.009500,0.0039980456,-0.002327807,0.0077789092,0.00020
19680415,0.002000,0.0036808303,-0.0055116,0.0040204476,0.00020
19680416,0.001500,0.0082193191,-0.004064648,0.0007797444,0.00020
19680417,0.003000,0.0093363684,-0.001358376,-0.001544995,0.00020
19680418,0.003000,0.0037543073,-0.002950545,-0.002399276,0.00020
19680419,-0.012300,0.000088085,0.0026801884,0.0073640378,0.00020
19680422,-0.004800,0.0029089907,-0.003181736,0.0069235434,0.00020
19680423,0.012800,0.0044270571,-0.010194356,0.0081925735,0.00020
19680424,0.002700,0.0029316246,-0.002720464,0.0017959037,0.00020
19680425,0.003400,0.000706406,0.002523206,0.0064480479,0.00020
19680426,0.003400,0.0026278622,-0.000744489,0.0029658732,0.00020
19680429,0.003000,0.0027999992,-0.003275002,0.0008102405,0.00020
19680430,0.001400,0.0060599765,0.0026156115,0.0023635965,0.00020
19680501,0.003200,0.0060798621,0.0009578949,0.0030900854,0.00020
19680502,0.006200,0.0003237773,-0.005187417,0.0043756413,0.00020
19680503,0.000800,-0.001875392,0.003203865,0.0004840906,0.00020
19680506,-0.001800,0.0041901531,0.0000635918,0.0007871275,0.00020
19680507,0.005700,0.0022558222,-0.000802907,0.0009170654,0.00020
19680508,0.000600,0.0046410495,0.0000118962,0.0008041532,0.00020
19680509,-0.005200,0.0015665849,0.001312676,-0.001281761,0.00020
19680510,0.003600,0.0062064496,-0.004727942,0.0016919275,0.00020
19680513,-0.001700,0.013129492,0.003637966,0.0035377265,0.00020
19680514,-0.000700,0.0035388646,0.0022816547,-0.003458055,0.00020
19680515,-0.000600,0.0009688023,0.0010417078,0.0004355346,0.00020
19680516,-0.004400,0.0029343932,0.0033070422,0.0015739175,0.00020
19680517,-0.005900,0.0039829582,0.0019357964,-0.006210496,0.00020
19680520,-0.004600,0.0041801371,0.002705563,-0.002681193,0.00020
19680521,0.005800,0.0041423935,-0.006981028,0.0043031148,0.00020
19680522,0.003200,0.0068376298,-0.00512762,0.0078515016,0.00020
19680523,-0.001300,0.0012368215,-0.001903573,0.0006735096,0.00020
19680524,0.003100,0.0062849841,0.0002441179,-0.000683798,0.00020
19680527,-0.000400,0.0091715008,-0.003908036,0.0033618075,0.00020
19680528,0.006200,0.0012608236,-0.006661045,0.0078102102,0.00020
19680529,0.003200,0.0054384755,-0.002912159,0.0063979825,0.00020
19680531,0.007600,0.0003186288,-0.008137277,0.0035100597,0.00020
19680603,0.012600,-0.000991017,-0.002315244,0.0046308801,0.00020
19680604,0.005300,0.0017190999,-0.005066629,-0.002984734,0.00020
19680605,-0.004700,0.0022800507,0.0092419373,-0.000258598,0.00020
19680606,0.008900,0.0061922826,-0.011433975,-0.000540906,0.00020
19680607,0.006700,0.0033268235,-0.004305814,0.0013697932,0.00020
19680610,0.001100,0.000840195,0.0009719939,0.0019345219,0.00020
19680611,0.002400,0.0028310231,0.001907503,-0.001806367,0.00020
19680613,-0.004300,-0.001692612,0.0078420017,-0.005267875,0.00020
19680614,-0.001600,-0.003816921,0.0024204072,-0.007284499,0.00020
19680617,-0.011200,-0.0082377,0.0108794284,-0.011696192,0.00020
19680618,-0.001200,0.0003392107,-0.002492104,-0.010400013,0.00020
19680620,0.005100,-0.000972493,-0.001489324,-0.010409153,0.00020
19680621,0.001400,-0.000119788,0.0048246628,-0.005681428,0.00020
19680624,-0.003800,-0.002951097,0.0111600173,-0.00566407,0.00020
19680625,-0.004400,-0.005190987,0.0044492162,0.0013340129,0.00020
19680627,-0.001700,0.0023882316,-0.001121724,0.0046733768,0.00020
19680628,-0.003400,0.0038813105,0.0039524407,0.0001163354,0.00020
19680701,-0.002300,-0.00474691,0.0046730772,-0.000697459,0.00030
19680702,0.004100,0.0059613257,-0.007249203,0.0006589561,0.00030
19680703,0.012500,0.0033656066,-0.007311951,0.0010323049,0.00030
19680708,0.010600,-0.00052454,-0.007459658,0.0018511095,0.00030
19680709,0.002500,-0.001572293,0.0046101249,0.0004480956,0.00030
19680711,0.001000,-0.002911347,0.012004288,-0.001356936,0.00030
19680712,-0.000600,0.0035141886,0.0008949806,-0.00413123,0.00030
19680715,-0.001600,0.002665905,0.0068104497,0.0031494886,0.00030
19680716,-0.005400,-0.00097271,0.0077628899,-0.000782816,0.00030
19680718,-0.003400,-0.00034917,0.0065892877,0.0001974748,0.00030
19680719,-0.010100,-0.008777388,0.0054639238,-0.012026225,0.00030
19680722,-0.013600,-0.009760007,0.0112044805,-0.007446728,0.00030
19680723,-0.002500,-0.003047581,-0.005079388,0.0023989402,0.00030
19680725,-0.013100,-0.010171964,0.0055234723,-0.006266939,0.00030
19680726,0.002700,-0.009921742,0.0021467239,-0.004231593,0.00030
19680729,-0.008700,-0.003650824,0.0036869405,-0.001540143,0.00030
19680730,0.001100,0.0044048962,-0.001478128,0.0011740509,0.00030
19680801,-0.005400,0.0036065368,0.0076831429,0.0011851334,0.00020
19680802,-0.005700,0.0044725423,0.0012736862,-0.006270285,0.00020
19680805,0.003900,0.002050546,-0.006930759,0.0023368174,0.00020
19680806,0.004500,0.0058840344,-0.003985804,0.0027008543,0.00020
19680808,-0.002400,0.0021981643,0.0041668521,0.0030508494,0.00020
19680809,0.000300,-0.000867141,-0.003652386,-0.000507661,0.00020
19680812,0.009900,0.0053779993,-0.008909632,0.0082278262,0.00020
19680813,0.004400,0.0015878951,0.0026513217,0.0060121225,0.00020
19680815,-0.003900,0.0044195815,0.000891224,0.0037228599,0.00020
19680816,0.005900,0.0000106342,-0.002390145,0.0022904469,0.00020
19680819,0.003400,0.0051463054,-0.000606013,0.0030622144,0.00020
19680820,0.000100,0.0023369603,0.0024428191,-0.000051609,0.00020
19680822,-0.003200,-0.000849572,0.0043779282,-0.001284465,0.00020
19680823,0.000300,-0.000242961,0.0005728545,-0.00376791,0.00020
19680826,0.002300,-0.003518871,0.0028204863,0.0022518776,0.00020
19680827,-0.001900,0.0008709118,-0.000729954,-0.000868219,0.00020
19680829,-0.001100,-0.003700448,0.000690081,0.0025563467,0.00020
19680830,0.002100,0.0019509113,-0.004144293,-0.002020188,0.00020
19680903,0.003700,-0.004156981,-0.000661072,0.0020103153,0.00020
19680904,0.006100,-0.002123217,-0.00090984,0.0027021986,0.00020
19680905,0.007000,0.0032658538,0.0029830517,-0.004223164,0.00020
19680906,0.004200,0.0023462876,-0.001109617,0.0024052548,0.00020
19680909,0.001300,0.0055573044,-0.003096017,0.000134116,0.00020
19680910,-0.005000,0.0015485845,0.0020359658,-0.003984079,0.00020
19680912,-0.002000,0.0064339057,0.0042023865,-0.001059993,0.00020
19680913,0.003600,0.0000652326,-0.003198993,-0.001367938,0.00020
19680916,0.003800,0.0000311795,0.0029045209,0.0019797823,0.00020
19680917,0.002400,0.0008419588,0.0015530075,0.0010903926,0.00020
19680919,0.001600,0.0031823621,-0.00384945,0.0019612758,0.00020
19680920,0.001100,-0.004496738,-0.000795471,-0.00526584,0.00020
19680923,0.005700,-0.000627132,0.0000428781,0.0080871736,0.00020
19680924,0.003700,0.0019722653,-0.001383346,0.0030627091,0.00020
19680926,-0.002000,0.000464739,-0.002128698,-0.002849776,0.00020
19680927,0.000700,0.0063431964,-0.002430872,-0.003488629,0.00020
19680930,0.004100,0.0013755119,0.0043872617,0.0023495122,0.00020
19681001,0.001600,0.0054804196,0.0025977863,-0.002661932,0.00020
19681003,0.003400,-0.003527076,0.0012965271,-0.001139219,0.00020
19681004,0.002600,-0.005571312,0.0021094359,0.0024685755,0.00020
19681007,-0.000300,-0.002566403,-0.00033689,0.0018077046,0.00020
19681008,-0.000500,-0.001177083,0.000389594,0.0002992326,0.00020
19681010,-0.004200,0.0056025207,0.005798762,-0.003121236,0.00020
19681011,0.000000,0.0030437448,-0.000979294,-0.001004962,0.00020
19681014,0.001600,-0.001202139,-0.003542195,0.0001306592,0.00020
19681015,0.001900,0.0023637367,0.0033392537,-0.002151245,0.00020
19681017,0.004900,0.0007809147,0.004433808,0.0032572409,0.00020
19681018,0.006900,0.0017170475,0.0022213768,0.0014201779,0.00020
19681021,0.001400,0.0007577482,0.0002178828,-0.001359962,0.00020
19681022,-0.003400,0.0002848924,-0.000408447,-0.000166676,0.00020
19681024,-0.006300,0.0035488947,-0.00040764,-0.001552792,0.00020
19681025,0.003100,-0.003333316,0.0021804253,-0.001763338,0.00020
19681028,-0.003200,-0.004994481,0.002650793,-0.001435144,0.00020
19681029,-0.005800,-0.002477195,0.0054116216,-0.003122718,0.00020
19681031,0.000500,-0.00323688,0.0004609467,-0.002690084,0.00020
19681101,-0.003700,0.0023724783,0.0023684969,0.0011539824,0.00020
19681104,0.000200,-0.00029459,0.0027857054,-0.000424728,0.00020
19681106,0.001700,-0.004103298,0.0009077847,-0.002418494,0.00020
19681107,0.002700,0.0001863977,0.0012378735,-0.003045375,0.00020
19681108,0.005200,0.0040089837,-0.002217105,-0.004359946,0.00020
19681112,0.007400,0.0037813946,-0.003173116,-0.007348942,0.00020
19681113,0.005600,0.001732352,-0.009937839,-0.00332946,0.00020
19681114,0.001000,0.002384679,-0.004036695,0.0005296917,0.00020
19681115,0.005400,0.0027485886,-0.001297742,-0.001426096,0.00020
19681118,0.001600,0.000137537,-0.000136203,-0.003648296,0.00020
19681119,0.002800,0.0010105504,-0.004034861,-0.001941487,0.00020
19681121,-0.000500,0.0005011582,-0.001926279,0.0016867751,0.00020
19681122,0.004500,0.0030453654,-0.000669028,-0.000370991,0.00020
19681125,0.002600,0.0018213266,-0.002198178,0.0023749469,0.00020
19681126,0.006600,-0.003238073,-0.006928671,0.0003201138,0.00020
19681127,0.004200,0.0052748911,-0.006847941,0.0045032723,0.00020
19681129,0.005600,0.0011433442,0.0003400375,-0.000561659,0.00020
19681202,-0.001900,0.0045490637,0.007126767,0.0003394029,0.00020
19681203,-0.001000,0.0007392211,-0.002991826,0.0104028103,0.00020
19681205,-0.002900,0.0060066204,-0.002086262,0.0050416196,0.00020
19681206,0.002600,-0.001126286,0.0019597654,-0.001852935,0.00020
19681209,-0.001800,0.0094838893,-0.002702983,-0.000883775,0.00020
19681210,-0.001800,0.0047806138,-0.00037484,0.0004666678,0.00020
19681212,-0.000400,0.0028644195,0.0015434361,-0.003241046,0.00020
19681213,0.002700,-0.00035942,0.0032227918,-0.004943826,0.00020
19681216,-0.003900,0.0016502325,0.0030238975,-0.000527445,0.00020
19681217,-0.004600,0.0017415915,0.0009642003,0.0000355636,0.00020
19681219,0.002300,-0.000079009,-0.003869935,0.0012673335,0.00020
19681220,-0.004900,0.0055868067,0.0038933974,0.0018911892,0.00020
19681223,-0.010500,0.002199101,0.0039785475,-0.002052344,0.00020
19681224,-0.001300,0.0030067625,-0.001073856,-0.00240992,0.00020
19681226,0.001100,-0.000146895,-0.000556515,-0.00367916,0.00020
19681227,-0.003800,0.0025107252,0.003710703,-0.002429014,0.00020
19681230,-0.010400,-0.00396703,0.003748785,-0.002179717,0.00020
19681231,0.000700,0.0038866784,0.0003635547,0.0004925917,0.00020
19690102,0.000800,0.0028372361,0.0032673057,-0.003768244,0.00020
19690103,-0.000100,-0.000535013,0.004283617,-0.00175745,0.00020
19690106,-0.015100,-0.003685352,0.0041680471,-0.004977128,0.00020
19690107,-0.013700,-0.008269127,0.0008985272,-0.002137523,0.00020
19690108,-0.005100,-0.002962253,-0.002653259,0.0022966217,0.00020
19690109,0.004000,0.0029969155,0.000544711,0.0023409951,0.00020
19690110,-0.003000,-0.001343886,0.0007049773,-0.001588438,0.00020
19690113,-0.007300,-0.013487522,0.0069971417,-0.004529526,0.00020
19690114,0.007300,0.0050694382,-0.002316548,0.0019339282,0.00020
19690115,0.006000,0.0034448117,-0.00288046,-0.00043298,0.00020
19690116,0.005500,-0.000422944,-0.00142594,0.0038124952,0.00020
19690117,-0.001000,0.0032963792,0.0029479232,-0.00465189,0.00020
19690120,-0.002000,0.0047679493,-0.000222589,-0.00221202,0.00020
19690121,-0.001100,0.0024250624,-0.000618956,0.0025566001,0.00020
19690122,0.003900,0.0051343922,-0.00203439,-0.00048479,0.00020
19690123,0.005200,0.0041241545,-0.000838805,-0.002105442,0.00020
19690124,-0.000700,-0.000153411,0.0019424813,0.001968521,0.00020
19690127,-0.000100,-0.000084496,0.0009846286,0.000445731,0.00020
19690128,0.000300,0.0005202261,0.0032211709,-0.004222912,0.00020
19690129,0.000700,-0.00448811,-0.000570452,-0.007117755,0.00020
19690130,-0.000300,-0.005273471,-0.000303395,-0.004647775,0.00020
19690131,0.003700,-0.003490364,0.0035954219,-0.002401001,0.00020
19690203,-0.000900,-0.000889711,0.0050768907,-0.000628622,0.00030
19690204,0.000000,-0.001440286,0.0032485335,0.0015535497,0.00030
19690205,0.001400,-0.005843687,-0.001204648,-0.00259411,0.00030
19690206,0.003100,-0.004086412,-0.001618879,0.0017637736,0.00030
19690207,0.000800,0.003591306,0.0031648377,0.0015810196,0.00030
19690211,0.000800,0.0038169531,-0.00229083,0.0030693651,0.00030
19690212,-0.000500,-0.001040005,0.0025236882,0.0025760959,0.00030
19690213,0.000300,-0.002829281,0.0021387045,0.0010227261,0.00030
19690214,-0.001100,-0.003184939,0.0006191341,0.003382767,0.00030
19690217,-0.012800,-0.005587322,0.0017830716,-0.001855086,0.00030
19690218,-0.012000,-0.003323076,0.0086979746,-0.001084556,0.00030
19690219,-0.008100,-0.000318131,0.0019643576,-0.00184587,0.00030
19690220,-0.009600,-0.003082805,0.0036647887,0.0006177483,0.00030
19690224,-0.012800,-0.002419777,0.0032003252,0.0031625569,0.00030
19690225,-0.007500,-0.008240215,0.0036410178,0.0055766728,0.00030
19690226,0.004100,-0.000338381,-0.00229476,0.0018344143,0.00030
19690227,-0.004600,-0.004628667,0.001498157,0.0033324226,0.00030
19690228,-0.000500,-0.001071303,0.002936655,0.0022171637,0.00030
19690303,0.001700,-0.003148109,0.002097242,0.0019468298,0.00020
19690304,0.009900,0.0000691606,-0.001297734,0.0015187423,0.00020
19690305,0.003300,0.0017350627,0.0062877536,0.0026999389,0.00020
19690306,-0.011800,-0.002401166,0.0051972007,0.0015881239,0.00020
19690307,-0.001800,-0.007156827,0.0034070079,0.0003748265,0.00020
19690310,0.003500,0.0011556639,-0.001428881,0.0054125676,0.00020
19690311,0.003900,0.0041227305,-0.000171411,0.0008730588,0.00020
19690312,-0.002900,-0.000898154,0.0039315106,-0.000389313,0.00020
19690313,-0.007200,0.0003594977,0.0054311787,0.001164538,0.00020
19690314,-0.005200,-0.002331856,0.0026235765,-0.001176165,0.00020
19690317,0.002100,-0.001113972,-0.007184857,0.0055509565,0.00020
19690318,0.002900,0.0022681101,-0.003510093,0.0028106457,0.00020
19690319,0.007200,-0.00125661,-0.005040859,0.003409288,0.00020
19690320,0.006200,0.0036426059,-0.000903064,0.0046867509,0.00020
19690321,-0.002000,0.0065374771,0.0027177327,0.0039175299,0.00020
19690324,-0.001600,0.0015475626,0.0016912965,0.0019018211,0.00020
19690325,0.001200,-0.000336411,0.0044066176,0.0009323454,0.00020
19690326,0.006400,-0.002732834,-0.001458265,0.0014701007,0.00020
19690327,0.006800,0.0004676022,-0.0043777,0.0065499114,0.00020
19690328,0.003900,0.0039434969,-0.002931099,0.0051272366,0.00020
19690401,-0.001400,-0.00202184,0.0016610093,0.000563394,0.00030
19690402,-0.007100,-0.002914326,0.0045223857,0.0000202274,0.00030
19690403,-0.000900,0.0014017764,0.0012195188,0.0005348686,0.00030
19690407,-0.008700,-0.004357175,0.0016414461,0.0019474063,0.00030
19690408,0.002000,-0.003342056,-0.002526118,0.0020052116,0.00030
19690409,0.007900,-0.00191327,-0.004827246,0.0032217891,0.00030
19690410,0.004600,-0.002910547,-0.001059055,0.0024263968,0.00030
19690411,0.000900,0.000333411,-0.00225231,-0.000636788,0.00030
19690414,-0.001400,-0.001750249,0.003043941,-0.001879617,0.00030
19690415,-0.001000,-0.002319833,0.002345846,0.0012096607,0.00030
19690416,-0.009000,0.0032080549,0.0025507959,-0.0033499,0.00030
19690417,0.001100,-0.002235784,0.0010439195,-0.001505744,0.00030
19690418,0.003900,-0.00619545,-0.002097754,0.0015463713,0.00030
19690421,-0.007700,-0.002140107,0.0052641317,0.0012831671,0.00030
19690422,0.001600,-0.002205153,0.0009559322,0.0021534489,0.00030
19690423,0.001000,0.0031905187,-0.001405554,-0.001387592,0.00030
19690424,0.004200,-0.000186457,-0.003524,-0.001017809,0.00030
19690425,0.004400,0.0017131865,-0.00183835,0.0022988699,0.00030
19690428,0.003400,0.001620797,-0.004625212,0.0040499868,0.00030
19690429,0.008300,0.0035554069,-0.003261557,0.0007968627,0.00030
19690430,0.008600,0.0050376849,-0.003362382,0.0018084658,0.00030
19690501,-0.001000,0.0055585943,0.002740533,-0.000036108,0.00020
19690502,0.004700,-0.001518009,0.0007183071,0.0015004761,0.00020
19690505,0.004500,0.0024604731,-0.001861787,-0.0021089,0.00020
19690506,0.004500,-0.002114672,-0.000463235,0.003659347,0.00020
19690507,-0.002100,-0.002108137,0.0013800723,0.0005424211,0.00020
19690508,0.003400,-0.001172795,-0.000141102,-0.001088949,0.00020
19690509,0.000900,0.0000275979,0.001001428,-0.000616115,0.00020
19690512,-0.001900,-0.000340636,0.0017176392,0.0021277588,0.00020
19690513,0.004000,0.0000157577,-0.002164201,0.001847368,0.00020
19690514,0.006900,-0.004652737,0.0004926412,0.0033303008,0.00020
19690515,-0.003000,0.0005795305,0.0001974907,-0.002765475,0.00020
19690516,0.000200,-0.001503449,0.0025484127,0.001302883,0.00020
19690519,-0.008800,0.0020515886,0.0048944679,-0.004707876,0.00020
19690520,-0.008400,0.0005488058,0.0002317591,0.0003304024,0.00020
19690521,0.004200,-0.000475852,-0.008160333,0.0006991435,0.00020
19690522,0.001900,0.0014688891,0.0015215872,0.0013784274,0.00020
19690523,-0.000200,0.001489455,0.0032245724,0.0030723698,0.00020
19690526,-0.002000,-0.000155006,0.0021986134,0.0034520436,0.00020
19690527,-0.007900,0.0004962164,0.0030142321,-0.000136811,0.00020
19690528,-0.002600,0.0003039816,-0.0004202,-0.002061849,0.00020
19690529,0.002200,-0.001965632,-0.004473454,-0.000520733,0.00020
19690602,-0.005400,0.0007065296,0.0015265063,0.0004044501,0.00020
19690603,-0.003400,-0.003596795,0.0024324133,-0.001706397,0.00020
19690604,0.000000,0.0028750781,-0.005719451,0.002955732,0.00020
19690605,0.000800,-0.00189262,-0.001205645,-0.00108713,0.00020
19690606,-0.006900,0.0048859605,0.003830624,0.0009329422,0.00020
19690609,-0.009700,-0.00044293,0.0038783183,0.0030711282,0.00020
19690610,-0.007900,0.0026852499,0.0031748436,-0.000498524,0.00020
19690611,-0.010000,-0.003599101,0.00683774,0.0026747924,0.00020
19690612,-0.014200,-0.001426942,0.0066705415,0.0007752436,0.00020
19690613,0.003100,-0.003822337,-0.001399365,0.0002947939,0.00020
19690616,-0.003900,-0.003544811,0.0076664681,0.0026779528,0.00020
19690617,-0.005300,-0.007683041,0.0045126046,0.0023503631,0.00020
19690618,-0.002200,-0.001008368,0.001940261,0.0056727288,0.00020
19690619,-0.008700,-0.002183212,0.0099806237,0.0069061963,0.00020
19690620,-0.007400,-0.00573076,0.0041375228,0.0034495152,0.00020
19690623,-0.006600,-0.008847555,-0.00151141,0.0011180642,0.00020
19690624,0.010900,0.0011763538,-0.006428755,0.0030735265,0.00020
19690625,-0.004000,-0.00404373,0.0071956471,0.0017789969,0.00020
19690626,0.001700,-0.003946048,-0.006574159,0.0028537534,0.00020
19690627,0.000800,0.0013161717,0.000530467,0.0001889536,0.00020
19690630,0.004600,0.0013807809,-0.004501406,-0.003158449,0.00020
19690701,0.004500,0.0026584876,-0.005296311,-0.0000161,0.00030
19690702,0.008600,-0.000640481,-0.003839426,0.0053100564,0.00030
19690703,0.007400,0.0025929522,-0.007254924,-0.001224958,0.00030
19690707,-0.006800,-0.000848386,0.0099221891,0.0019368068,0.00030
19690708,-0.013800,0.0004686915,0.0086375451,-0.000842808,0.00030
19690709,-0.008000,0.0023191375,0.0023648204,-0.00226346,0.00030
19690710,-0.016000,-0.000422544,0.0090173738,0.0014026112,0.00030
19690711,0.002900,-0.005985744,-0.000372953,0.001027043,0.00030
19690714,-0.013700,-0.002993172,0.0086379522,-0.003750024,0.00030
19690715,-0.004300,-0.006116264,0.0020433792,0.0002837197,0.00030
19690716,0.010700,0.0023622317,-0.004983974,0.0035966914,0.00030
19690717,0.005200,-0.003700329,0.0025476417,0.0010535011,0.00030
19690718,-0.007800,0.0014945545,0.0000895889,0.0014667759,0.00030
19690722,-0.015600,0.0022573593,0.0111644477,0.0009034296,0.00030
19690723,-0.005200,-0.006419494,-0.000704114,0.0012382221,0.00030
19690724,-0.004200,-0.003547184,0.0017447094,0.003160636,0.00030
19690725,-0.010400,-0.002475244,0.0114527157,0.005398758,0.00030
19690728,-0.022500,-0.011334764,0.022769567,0.0031290807,0.00030
19690729,-0.009300,-0.008005026,0.0060571375,-0.000926396,0.00030
19690730,0.005200,-0.001798988,-0.018679641,-0.002021283,0.00030
19690731,0.022200,0.0079720345,-0.017499737,0.0025582043,0.00030
19690801,0.019700,0.0057648522,-0.011387193,-0.005347935,0.00020
19690804,-0.005300,0.000123643,0.0017310687,0.0036371714,0.00020
19690805,0.004200,-0.00504447,-0.008665456,0.0028099476,0.00020
19690806,0.006500,0.0049878502,-0.003430411,0.0070956354,0.00020
19690807,0.000900,0.0010368762,-0.001358147,0.0038110062,0.00020
19690808,-0.000300,0.0017378739,0.0011739547,0.0048503102,0.00020
19690811,-0.005900,-0.000826196,0.0019631137,0.0013014686,0.00020
19690812,-0.008200,-0.000320901,0.0022605815,0.0055581102,0.00020
19690813,0.000200,-0.00427552,-0.006564946,-0.000448036,0.00020
19690814,0.007500,0.0028115072,-0.012744181,0.0041146197,0.00020
19690815,0.008100,2.6772634E-6,-0.004934255,0.0049351516,0.00020
19690818,0.007200,0.0038144799,-0.010516439,-0.000609451,0.00020
19690819,0.005400,0.0037297409,-0.005516194,0.0024307029,0.00020
19690820,-0.000100,-0.000154186,0.0016166432,0.0048178115,0.00020
19690821,0.002500,-0.001371717,-0.001995942,0.0037288433,0.00020
19690822,0.006500,-0.001998055,-0.005733331,-0.001599317,0.00020
19690825,-0.009300,0.0026064771,0.0070783391,0.0000320419,0.00020
19690826,-0.007400,-0.001553682,0.0034084021,-0.001872612,0.00020
19690827,0.002700,0.0013661462,-0.005836473,-0.001678846,0.00020
19690828,0.004100,-0.000251118,-0.003326023,0.0031723938,0.00020
19690829,0.007200,-0.000247028,-0.008847343,-0.00698461,0.00020
19690902,-0.001100,-0.002208986,0.0041544231,-0.001941456,0.00030
19690903,-0.007100,-0.002151773,0.0110210996,0.002770927,0.00030
19690904,-0.008700,0.0039590232,0.0053985995,0.0063217287,0.00030
19690905,-0.006500,0.0001597261,0.0018494784,0.0006998286,0.00030
19690908,-0.010700,0.00161811,0.0120612187,0.0055379241,0.00030
19690909,0.007400,-0.006689062,-0.008279072,0.0001966895,0.00030
19690910,0.016400,-0.002952104,-0.00983747,-0.003344749,0.00030
19690911,-0.007000,0.0095894495,0.008040519,-0.000817744,0.00030
19690912,0.000600,-0.002617696,-0.001130948,-0.002072055,0.00030
19690915,0.006200,0.0038035256,-0.001905703,0.0052926881,0.00030
19690916,0.001200,0.0046985174,-0.000261723,0.0009563969,0.00030
19690917,-0.003100,0.0078579486,0.0006118654,0.0039212122,0.00030
19690918,0.002800,-0.000080041,-0.000620944,0.0041211088,0.00030
19690919,0.003500,0.0049290005,-0.006903778,0.0044767171,0.00030
19690922,0.003700,0.0028899559,-0.001111061,0.0043668227,0.00030
19690923,-0.000100,0.0028675556,0.0020003878,-0.000999958,0.00030
19690924,-0.002000,-0.002373221,0.0019357003,0.0009011384,0.00030
19690925,-0.007500,-0.001026684,0.004413936,0.0026467976,0.00030
19690926,-0.007000,0.0028868346,0.003234435,0.0005954167,0.00030
19690929,-0.007300,0.001655074,0.0052306098,0.0006369605,0.00030
19690930,-0.003100,-0.002120258,-0.002121666,-0.000239763,0.00030
19691001,-0.006300,0.0029517434,0.0022574198,0.003299523,0.00030
19691002,0.008400,-0.002815653,-0.014348063,-0.002329425,0.00030
19691003,-0.000800,-0.00044135,0.003524038,0.0011217665,0.00030
19691006,0.001700,0.0015831671,-0.004136603,0.0020688544,0.00030
19691007,-0.002300,0.0024498646,0.003437479,0.0014775806,0.00030
19691008,-0.005300,-0.002367406,0.0034579349,0.0015416244,0.00030
19691009,0.003300,0.0001586657,-0.001439394,0.0018597705,0.00030
19691010,0.006400,0.0004254887,-0.006271083,-0.001144589,0.00030
19691013,0.012500,0.0047242576,-0.015148323,-0.012899627,0.00030
19691014,0.012800,0.0008586615,-0.002396115,-0.008239564,0.00030
19691015,0.000400,0.0057138576,0.0061893224,-0.002916333,0.00030
19691016,0.006900,0.005314464,0.0014020472,-0.001420252,0.00030
19691017,-0.000900,0.0031646275,0.0027860001,-0.004572294,0.00030
19691020,0.003000,0.0029483494,-0.003583492,-0.005090905,0.00030
19691021,0.007900,0.0088250189,-0.001762801,-0.00067363,0.00030
19691022,0.006100,0.0003347595,0.0052215092,-0.001723367,0.00030
19691023,-0.003300,0.0046262551,0.0016761295,0.003903502,0.00030
19691024,0.006900,0.0063043701,-0.008598181,0.003395928,0.00030
19691027,-0.001000,0.0034667388,-0.003672467,-0.002650777,0.00030
19691028,-0.003100,-0.000811499,0.0022277056,-0.002945608,0.00030
19691029,-0.009000,-0.000214163,0.0054916256,0.0053293159,0.00030
19691030,0.001700,0.0010632297,-0.002473563,-0.002742085,0.00030
19691031,0.003400,0.0009340912,-0.001276479,-0.004538392,0.00030
19691103,-0.000700,-0.002934712,0.0050068781,0.0018088902,0.00030
19691104,0.000700,-0.000242502,-0.001229727,-0.000068057,0.00030
19691105,0.004600,0.0026096639,0.0004320211,-0.001081536,0.00030
19691106,0.001400,0.001322939,-0.002428923,0.0025292892,0.00030
19691107,0.006500,-0.005064774,-0.002316983,0.0012433699,0.00030
19691110,0.000600,-0.000571397,0.002401,0.0064200061,0.00030
19691111,-0.003700,0.0021269592,0.004391012,0.0007593862,0.00030
19691112,-0.001700,0.0032924598,0.0013084662,0.0008329943,0.00030
19691113,-0.005900,-0.002991294,0.0017496715,0.0055594174,0.00030
19691114,-0.004300,-0.001146077,0.0044751251,0.0086089965,0.00030
19691117,-0.007900,-0.002547376,0.0045606354,0.0080866695,0.00030
19691118,-0.000900,-0.003241909,-0.000509276,0.0026988724,0.00030
19691119,-0.005400,-0.003635943,0.0059908939,0.0014229948,0.00030
19691120,-0.011200,-0.003416271,0.0057627007,0.0077603212,0.00030
19691121,-0.006900,-0.001603988,0.0028144965,0.0019663842,0.00030
19691124,-0.010800,-0.000889753,-0.000538349,0.0073119093,0.00030
19691125,-0.002500,-0.000074514,-0.006462881,0.0002238418,0.00030
19691126,0.003600,-0.001375816,-0.011908316,-0.00192345,0.00030
19691128,0.006400,0.0028279133,-0.008718581,-0.002550885,0.00030
19691201,-0.007600,-0.00090398,0.0070750409,0.0110288367,0.00030
19691202,-0.006800,-0.000301429,0.0031858044,0.0084521926,0.00030
19691203,-0.012300,-0.002681195,0.0082385469,0.0109437867,0.00030
19691204,0.004000,-0.001467815,-0.010680365,-0.001562363,0.00030
19691205,-0.003800,-0.006327686,0.0090478815,0.0054945591,0.00030
19691208,-0.012700,-0.000582083,0.0066931958,0.0095219948,0.00030
19691209,-0.002000,-0.005299943,-0.000102342,0.0030444652,0.00030
19691210,-0.000700,-0.002118554,-0.006212661,-0.002460411,0.00030
19691211,0.000700,0.0004196338,0.0044770135,0.0006394503,0.00030
19691212,0.003000,-0.000996739,0.0002297092,0.0028036666,0.00030
19691215,-0.002900,0.0022141156,-0.005115396,0.0040341256,0.00030
19691216,-0.009900,-0.005970799,0.0006428945,0.0050966718,0.00030
19691217,-0.005400,-0.001619674,-0.001025669,0.0030279042,0.00030
19691218,0.015900,-0.001865571,-0.006204034,-0.004035261,0.00030
19691219,0.008200,-0.000090734,0.000114677,-0.003217778,0.00030
19691222,-0.010000,-0.005753378,0.0061792152,0.0086675974,0.00030
19691223,-0.005300,-0.003532783,0.00419755,-0.003434041,0.00030
19691224,0.011700,0.0005269274,-0.010541699,-0.016250869,0.00030
19691226,0.008100,0.0013115952,-0.005127844,-0.009569581,0.00030
19691229,-0.007500,0.0019527706,0.0079990664,0.0121067564,0.00030
19691230,0.003900,-0.00428216,-0.002897476,0.004181981,0.00030
19691231,0.005600,0.0076612348,-0.001026208,-0.001462257,0.00030
19700102,0.011800,0.0076917121,-0.006584673,-0.02773028,0.00030
19700105,0.005900,0.0042271752,0.0073158047,-0.012557761,0.00030
19700106,-0.007400,0.0037882518,0.0048431457,0.0015460793,0.00030
19700107,-0.001500,0.0036946161,0.0004196053,-0.000902325,0.00030
19700108,0.000300,0.0018159872,0.0028931864,0.0055906799,0.00030
19700109,-0.003100,0.0029806788,0.0022365259,0.0046851833,0.00030
19700112,-0.008000,0.0008176873,0.0009016917,0.0066093507,0.00030
19700113,0.000400,-0.000780824,-0.000993621,0.0074967341,0.00030
19700114,-0.002400,0.0002939554,0.0044090106,0.0046389236,0.00030
19700115,-0.000400,0.0058348322,-0.000074641,0.0069864871,0.00030
19700116,-0.008200,-0.003499259,0.0075456808,-0.000328051,0.00030
19700119,-0.013100,0.0019062657,0.009514858,-0.005176167,0.00030
19700120,0.001700,0.0021455695,-0.003565225,0.0045080602,0.00030
19700121,0.000600,0.0041030088,0.0009010896,-0.003282727,0.00030
19700122,0.000500,0.0001588276,-0.001447008,0.00100751,0.00030
19700123,-0.010600,-0.001847778,0.0096901943,0.0093773469,0.00030
19700126,-0.011300,-0.005493076,0.0069827388,-0.001794486,0.00030
19700127,-0.006700,0.0052872379,0.0035156147,0.0009090021,0.00030
19700128,-0.009900,0.007228961,0.0053995885,0.0024530101,0.00030
19700129,-0.013200,-0.000581881,0.0070828197,0.0017997523,0.00030
19700130,-0.008800,-0.00465676,0.006996985,0.0007536179,0.00030
19700202,0.008200,-0.004680248,-0.001612346,-0.003427159,0.00030
19700203,0.012700,-0.002979452,-0.007807662,-0.003543398,0.00030
19700204,-0.007500,-0.003265426,0.0138658379,0.0047816786,0.00030
19700205,-0.004100,-0.000415094,0.0001676807,0.0085480207,0.00030
19700206,0.005800,0.001225935,-0.005880455,-0.00493042,0.00030
19700209,0.008100,-0.000732515,-0.003307412,0.00366987,0.00030
19700210,-0.009400,0.0060132235,0.0055898323,0.0040611877,0.00030
19700211,0.008900,-0.000142372,-0.005393987,0.0000134851,0.00030
19700212,-0.002000,0.0046689935,0.0060681359,0.0006389922,0.00030
19700213,-0.001800,-0.003577359,0.004238577,-0.001503878,0.00030
19700216,-0.000700,0.0016365548,0.0026480188,0.0008644966,0.00030
19700217,-0.002100,-0.001227869,-0.002557936,0.0031681871,0.00030
19700218,0.011800,-0.008914967,-0.001311441,-0.00813658,0.00030
19700219,0.002800,-0.006256808,0.0011545388,-0.001882131,0.00030
19700220,0.003100,-0.013217286,-0.000840481,-0.006482082,0.00030
19700224,-0.000300,-0.000295911,0.004469464,-0.003807004,0.00030
19700225,0.015100,-0.002351806,-0.004945768,-0.015488577,0.00030
19700226,-0.005300,0.0051574034,0.0055162593,-0.001936302,0.00030
19700227,0.006800,-0.002154257,-0.000488793,-0.006683648,0.00030
19700302,0.001300,-0.000262814,0.0135122899,-0.005882138,0.00030
19700303,0.005800,-0.003421523,0.0044921988,-0.008057395,0.00030
19700304,-0.002500,0.0036968501,0.0127942663,-0.002298134,0.00030
19700305,-0.000200,0.0021087832,0.0055679357,-0.008088002,0.00030
19700306,-0.006900,0.0031391635,0.0037519614,0.0065586116,0.00030
19700309,-0.010800,-0.000964883,0.007784132,0.0009801431,0.00030
19700310,0.001400,-0.000716913,-0.003272576,0.0070733549,0.00030
19700311,-0.001400,-0.004011179,0.0033547843,0.00173309,0.00030
19700312,-0.005100,-0.003842913,0.0013651909,0.0034334377,0.00030
19700313,-0.006300,-0.002094082,0.0077270429,-0.002401494,0.00030
19700316,-0.011500,-0.003415606,0.00719818,0.0012850474,0.00030
19700317,0.003900,-0.003009383,-0.003874859,0.0006608963,0.00030
19700318,0.002600,0.0008351293,0.0040171823,-0.001107115,0.00030
19700319,-0.002900,-0.00227925,0.0055120033,0.0026038919,0.00030
19700320,-0.005100,-0.003812424,0.0088751022,0.000712442,0.00030
19700323,-0.001400,0.0002012965,0.0001328587,0.0030117965,0.00030
19700324,0.010100,-0.004145312,-0.000060853,0.0010323904,0.00030
19700325,0.021400,-0.002293079,-0.008127583,-0.013417874,0.00030
19700326,0.001000,0.0057668447,-0.000249904,0.0008229194,0.00030
19700330,-0.002900,0.0017976897,0.000594351,0.0041133368,0.00030
19700331,-0.000500,-0.00021313,0.0032758999,0.0051255904,0.00030
19700401,0.004500,-0.001006742,-0.002044185,0.0023649316,0.00020
19700402,-0.003900,-0.00108597,0.0050039141,0.001742051,0.00020
19700403,-0.004900,-0.00395246,0.0090290747,-0.000405068,0.00020
19700406,-0.008300,-0.003416589,0.0129694391,0.0021236741,0.00020
19700407,-0.003600,0.0038005196,0.0062922561,0.0015165219,0.00020
19700408,-0.001900,-0.001876323,-0.001922203,0.0071402627,0.00020
19700409,-0.001000,-0.004907536,0.0109587477,0.000831435,0.00020
19700410,-0.004400,0.0025952868,0.0049108798,0.0037028941,0.00020
19700413,-0.009000,-0.010951499,0.0127088154,0.0038856974,0.00020
19700414,-0.008600,-0.00301759,0.0040017855,0.0034664809,0.00020
19700415,-0.003100,-0.003147573,0.0081659187,0.0010198016,0.00020
19700416,-0.011400,-0.000996009,0.0136068396,-0.000436893,0.00020
19700417,-0.003400,-0.000919792,-0.000601039,-0.005184226,0.00020
19700420,0.002100,-0.003866371,-0.009136541,0.0024315184,0.00020
19700421,-0.005700,-0.001735518,0.0030778179,0.0047951685,0.00020
19700422,-0.014800,-0.011641135,0.0117750071,-0.000010056,0.00020
19700423,-0.016500,-0.011968027,0.0118046032,0.0076691608,0.00020
19700424,-0.005000,-0.004949709,-0.001893614,0.0005997103,0.00020
19700427,-0.018300,-0.009611127,0.0125590892,0.0112126184,0.00020
19700428,-0.014700,-0.004553644,0.0039013995,-0.004245486,0.00020
19700429,0.021000,0.0021242018,-0.028239485,-0.013031189,0.00020
19700430,-0.003900,0.0013295942,0.004746831,-0.002921443,0.00020
19700501,-0.001400,0.0017704464,0.0043625987,-0.004937555,0.00030
19700504,-0.026000,-0.00225477,0.0220072307,0.0026733513,0.00030
19700505,-0.011300,-0.004096608,0.0119784114,0.0051810823,0.00030
19700506,0.012000,-0.003352893,-0.010633135,-0.007827347,0.00030
19700507,0.005900,-0.001824368,-0.006638111,-0.004750213,0.00030
19700508,-0.005200,-0.00161539,0.0069535005,0.0013458557,0.00030
19700511,-0.011100,-0.002760406,0.0116256308,0.004480158,0.00030
19700512,-0.009300,-0.001123992,0.0051730845,-0.00556106,0.00030
19700513,-0.017600,-0.004546719,0.0108198579,0.0045064997,0.00030
19700514,-0.015200,-0.010806497,0.0018545796,0.0005168476,0.00030
19700515,0.018300,-0.005308038,-0.003204064,-0.002276341,0.00030
19700518,0.001300,-0.001122486,0.0027315999,-0.005894639,0.00030
19700519,-0.020100,-0.001352587,0.0142435641,0.0023021657,0.00030
19700520,-0.026600,-0.005663584,0.0197308733,0.000725589,0.00030
19700521,-0.020100,-0.008371597,0.0115876098,0.0041980189,0.00030
19700522,-0.001500,-0.002373707,0.0008897388,0.0023303855,0.00030
19700525,-0.032000,-0.016886651,0.0179311263,0.0098901661,0.00030
19700526,-0.013200,-0.009252089,-0.000651691,-0.002246752,0.00030
19700527,0.053100,0.0147805999,-0.046564274,-0.018641307,0.00030
19700528,0.026300,0.0187628939,-0.009814683,-0.005147238,0.00030
19700529,0.027000,0.0031712161,-0.01892868,-0.003156998,0.00030
19700601,0.018200,0.0107284641,-0.006669406,0.0026871006,0.00030
19700602,0.001200,0.0025831139,-0.008121905,0.0059435161,0.00030
19700603,0.011200,0.0078979055,-0.010756973,-0.017824707,0.00030
19700604,-0.015800,-0.00198352,0.0231762502,0.0178092403,0.00030
19700605,-0.017000,-0.006858021,0.0035702894,0.0080481936,0.00030
19700608,0.001000,0.0004589252,0.0018833803,-0.005263911,0.00030
19700609,0.000100,-0.004470571,-0.000857599,0.0046583045,0.00030
19700610,-0.010300,0.002069987,0.0076487091,0.007575023,0.00030
19700611,-0.014200,-0.003444632,0.0141253249,0.005637678,0.00030
19700612,-0.004200,-0.003457817,0.0002659896,0.005342442,0.00030
19700615,0.003000,-0.000881425,-0.006393574,-0.003063555,0.00030
19700616,0.022800,-0.003163076,-0.013137257,0.0003101445,0.00030
19700617,-0.002700,-0.002097677,0.0035996818,0.000967283,0.00030
19700618,0.005600,-0.001458651,-0.005055534,0.0061291203,0.00030
19700619,0.006600,0.0015392968,-0.000755768,-0.001094433,0.00030
19700622,-0.006700,-0.003196473,0.0065380441,0.0108946072,0.00030
19700623,-0.024900,0.002445898,0.0176365499,0.0124809985,0.00030
19700624,-0.011500,-0.003840747,0.0095270756,-0.002163935,0.00030
19700625,-0.000500,-0.000722421,0.002130608,0.0014584605,0.00030
19700626,-0.008200,-0.005673334,0.0090690094,0.0087320361,0.00030
19700629,-0.008700,-0.004443562,0.0061806175,0.0037457741,0.00030
19700630,-0.003000,-0.007604716,0.0043232886,0.0003281049,0.00030
19700701,0.003300,-0.005548679,0.0018409712,0.0095576984,0.00020
19700702,-0.002600,-0.005731946,0.0082001347,0.0097541596,0.00020
19700706,-0.015800,-0.003153828,0.0139103794,0.0063324553,0.00020
19700707,-0.008800,-0.003974192,0.0047204609,0.0002457127,0.00020
19700708,0.023800,-0.008843624,-0.021618387,-0.020543085,0.00020
19700709,0.016100,-0.002111652,-0.010690677,-0.01477033,0.00020
19700710,0.007100,-0.002959396,0.0056389922,0.0009129403,0.00020
19700713,-0.000700,0.0036104237,0.0012196791,-0.003401823,0.00020
19700714,-0.001500,-0.001553295,0.0048115855,0.0093379927,0.00020
19700715,0.009800,-0.005166141,-0.006010263,0.0007080262,0.00020
19700716,0.013400,0.0003121465,0.0008840312,0.0004721213,0.00020
19700717,0.016800,-0.002031821,-0.003190644,-0.010445985,0.00020
19700720,0.001300,0.0037100473,0.0076833037,-0.001510227,0.00020
19700721,-0.010200,0.0058106198,0.0025531391,0.0045168441,0.00020
19700722,0.001200,0.0104500018,-0.003034386,-0.007226075,0.00020
19700723,0.012200,-0.008959154,-0.006665059,-0.007494194,0.00020
19700724,-0.002300,0.0067287623,0.0011058646,0.0008777847,0.00020
19700727,-0.001900,0.001124572,0.0007794092,-0.004359123,0.00020
19700728,0.002700,0.0011333741,-0.003521507,-0.011975621,0.00020
19700729,0.003800,0.0036068033,-0.002715762,0.0004513332,0.00020
19700730,0.000600,0.0024878792,-0.00189979,-0.000298014,0.00020
19700731,-0.000600,-0.001347181,0.0038773461,-0.000359351,0.00020
19700803,-0.012200,0.0042683489,0.0078740625,0.0013854956,0.00030
19700804,0.001700,-0.004348046,-0.001714332,-0.005235746,0.00030
19700805,-0.000800,0.0015914272,0.0079198135,-0.000424888,0.00030
19700806,-0.001800,0.0010102383,0.010008404,6.124551E-7,0.00030
19700807,0.002600,-0.004011918,0.0050924194,-0.005233473,0.00030
19700810,-0.014400,-0.000880672,0.0046017,0.0034448147,0.00030
19700811,-0.005700,-0.001521509,0.0021757183,0.0047481263,0.00030
19700812,-0.004900,-0.000928843,0.005920759,-0.008252202,0.00030
19700813,-0.009000,-0.002040194,0.0070203687,-0.005946263,0.00030
19700814,0.004000,-0.000671207,0.0036234545,0.0028788091,0.00030
19700817,0.001800,-0.000087841,-0.004719175,0.0044645324,0.00030
19700818,0.010600,-0.006982508,-0.002562573,-0.001817276,0.00030
19700819,0.009000,-0.003262864,-0.001910904,-0.007133715,0.00030
19700820,0.007500,-0.005138125,-0.001128131,-0.001825123,0.00030
19700821,0.020900,0.0023746882,-0.007769748,-0.009220744,0.00030
19700824,0.023400,0.0076337391,-0.020932696,-0.001034209,0.00030
19700825,0.003800,0.0097297025,-0.012401456,-0.001617398,0.00030
19700826,0.003100,0.0049971942,-0.000142686,-0.010760977,0.00030
19700827,-0.001200,0.0067370705,-0.001771215,-0.004968732,0.00030
19700828,0.009800,0.0051394624,-0.007335882,-0.007621879,0.00030
19700831,-0.003500,0.0073182657,-0.000378279,-0.005935423,0.00030
19700901,-0.006400,0.0003823431,0.0019995933,0.0035788869,0.00030
19700902,-0.000300,0.0013531059,-0.009475888,-0.007208357,0.00030
19700903,0.014600,0.0031841109,-0.002611203,-0.006205417,0.00030
19700904,0.010800,0.0008952611,-0.010949017,-0.012448652,0.00030
19700908,0.003600,0.0060140341,-0.010669628,-0.006525315,0.00030
19700909,-0.003000,-0.000321961,0.0018990556,0.0013858819,0.00030
19700910,-0.005800,0.007228267,0.0096936018,0.0039238157,0.00030
19700911,0.003500,0.0068671632,-0.010006707,-0.012167768,0.00030
19700914,-0.005200,0.0013392457,-0.001318127,0.0034470606,0.00030
19700915,-0.009900,-0.001085482,0.0033506453,0.0085512081,0.00030
19700916,0.005600,0.0102545902,-0.007163985,-0.006267316,0.00030
19700917,0.008000,0.0079906029,-0.007307118,-0.004845673,0.00030
19700918,0.004400,0.0062347685,-0.004653978,-0.008286975,0.00030
19700921,-0.008400,-0.000976837,0.0066677256,0.0070879049,0.00030
19700922,-0.003600,0.0037198753,0.0015349066,0.0061387124,0.00030
19700923,0.013400,0.0004946329,-0.012208235,-0.004655192,0.00030
19700924,0.014300,0.0123932024,-0.015688523,-0.011001774,0.00030
19700925,0.001600,0.0043536397,-0.000483529,0.0022972716,0.00030
19700928,-0.000600,0.0094937095,-0.000589348,-0.003907664,0.00030
19700929,0.005900,0.0057400381,-0.008238012,-0.010893233,0.00030
19700930,-0.001200,0.0026088943,0.0033118639,0.0044920177,0.00030
19701001,0.001200,0.0002505881,0.0034912239,0.0045360127,0.00020
19701002,0.010500,0.0007949606,-0.013134501,-0.011540771,0.00020
19701005,0.014400,0.00045994,-0.003934407,-0.00029376,0.00020
19701006,0.002300,-0.005376996,0.0166945329,0.017392494,0.00020
19701007,-0.000300,-0.000180915,0.0013370086,0.0004063429,0.00020
19701008,-0.011500,-0.002426306,0.0128231006,0.0160831162,0.00020
19701009,-0.009700,0.0022177059,0.0026364983,0.0031147836,0.00020
19701012,-0.009800,0.0003596314,0.0046108087,-0.001648304,0.00020
19701013,-0.002600,0.0032383924,-0.002099656,0.0046195226,0.00020
19701014,0.001300,0.0011841161,0.0026001688,-0.002639487,0.00020
19701015,0.004100,-0.005540399,0.0030670641,0.0051950718,0.00020
19701016,-0.006000,-0.005004411,0.0136527598,0.0134375305,0.00020
19701019,-0.014100,-0.001767936,0.005458632,0.0122503241,0.00020
19701020,0.005700,-0.003617791,-0.008492811,-0.003082684,0.00020
19701021,-0.000800,-0.001259644,0.0006402236,0.0024248125,0.00020
19701022,-0.004300,-0.00295615,0.0062320419,0.0045374741,0.00020
19701023,0.004900,0.0011614421,-0.003958644,0.0001707006,0.00020
19701026,-0.005400,0.0003866856,0.0006107173,0.0064191994,0.00020
19701027,-0.003000,-0.001135716,0.0026596088,0.0100780789,0.00020
19701028,0.003100,-0.002582551,-0.01083787,-0.006123165,0.00020
19701029,-0.001800,-0.006092419,0.0020519029,0.0072670625,0.00020
19701030,-0.000700,-0.007494578,0.002046613,0.0035756418,0.00020
19701102,0.003200,0.0017511631,-0.002483473,0.0006105167,0.00020
19701103,0.008500,0.0014934047,0.0005901764,-0.008331548,0.00020
19701104,0.001800,-0.000155266,0.0112314172,0.0063983036,0.00020
19701105,-0.002000,-0.001891945,0.0028267323,0.0040210166,0.00020
19701106,0.000900,0.0001623326,0.0036295353,0.0000153362,0.00020
19701109,0.005000,0.0005181907,-0.001458368,0.0002677808,0.00020
19701110,0.001500,-0.001556402,0.0001703055,-0.001931325,0.00020
19701111,0.002700,-0.000564075,0.0028632421,0.0004266312,0.00020
19701112,-0.011100,-0.004781803,0.0062553413,0.0070236276,0.00020
19701113,-0.009500,-0.001437836,0.0055902652,0.0046406324,0.00020
19701116,-0.001600,-0.001263345,-0.001287398,0.0027283146,0.00020
19701117,0.000500,-0.003569693,0.0046167185,-0.001043973,0.00020
19701118,-0.007700,-0.00550102,0.0092357053,0.0108229401,0.00020
19701119,0.000900,-0.003025543,0.001807567,0.0062275136,0.00020
19701120,0.009800,-0.000792744,-0.007809173,-0.004563333,0.00020
19701123,0.006300,-0.004431142,0.0036642894,-0.00128659,0.00020
19701124,0.005800,0.003569951,0.0027210443,-9.441163E-6,0.00020
19701125,0.004100,-0.000686308,-0.001273961,-0.005318934,0.00020
19701127,0.009800,-0.001271036,-0.006986397,-0.006522461,0.00020
19701130,0.016700,0.0034330482,-0.011953284,-0.021891567,0.00020
19701201,0.002900,-0.000359033,0.0010003436,-0.001192782,0.00020
19701202,0.012200,-0.000626731,-0.011091753,-0.008431774,0.00020
19701203,0.004600,0.0037541248,0.0081051132,0.0019597772,0.00020
19701204,0.005700,0.000335623,0.0025066856,-0.00387466,0.00020
19701207,0.005800,-0.00038578,-0.004187018,0.0023718329,0.00020
19701208,-0.005200,-0.000021198,0.0032637865,0.0044606549,0.00020
19701209,0.000100,0.0007771989,-0.001132022,0.001553323,0.00020
19701210,0.003400,0.0018326646,0.002218421,0.0004535433,0.00020
19701211,0.003800,0.0005978895,0.0010400319,0.0039463745,0.00020
19701214,-0.005700,-0.004407547,0.0080520334,0.0072830553,0.00020
19701215,-0.001800,-0.007276173,-0.001563498,0.0018572076,0.00020
19701216,0.001200,-0.000478132,-0.000204662,-0.001329582,0.00020
19701217,0.003100,0.0027804152,0.0041380092,0.0004241006,0.00020
19701218,0.002100,0.0008717481,-0.002630205,0.002929771,0.00020
19701221,-0.002900,0.0045440684,-0.001268526,0.0019479161,0.00020
19701222,0.001100,-0.000130758,0.001707404,-0.001365063,0.00020
19701223,0.001400,0.0010144248,-0.002648071,-0.010153533,0.00020
19701224,0.006900,0.010074295,-0.008451766,-0.013755233,0.00020
19701228,0.005300,0.0040805686,-0.00187527,-0.005970985,0.00020
19701229,0.011100,0.0079905658,-0.003241103,-0.00986581,0.00020
19701230,0.001800,0.0056388694,0.0015703426,0.0008259178,0.00020
19701231,-0.001000,0.0029681684,-0.001187494,0.0028345882,0.00020
19710104,-0.009900,0.0033647551,0.006199068,-0.001798982,0.00020
19710105,0.008200,0.0029195509,-0.007033677,-0.012055864,0.00020
19710106,0.007400,0.0025486943,-0.003104578,-0.01025819,0.00020
19710107,0.000500,0.0003596879,0.0080851601,-0.00020996,0.00020
19710108,-0.001300,-0.001976912,0.0019872213,-0.000556591,0.00020
19710111,-0.001100,0.0013226263,-0.00164765,-0.002444743,0.00020
19710112,0.009800,0.0031024435,-0.002628064,-0.012439059,0.00020
19710113,-0.000900,0.0010057887,-0.004771279,-0.002869268,0.00020
19710114,0.002900,-0.001722947,-0.002984445,-0.003824104,0.00020
19710115,0.002800,0.0025845752,0.0031962811,-0.001150152,0.00020
19710118,0.003400,-0.000917008,-0.001587177,-0.005902084,0.00020
19710119,0.002800,-0.003985332,-0.000736431,0.0045868006,0.00020
19710120,0.000800,0.0041545209,-0.003939104,0.0001169743,0.00020
19710121,0.004700,0.0068591503,-0.004698066,-0.003690509,0.00020
19710122,0.006700,0.0013621378,-0.001165867,-0.002265724,0.00020
19710125,0.004700,0.005587084,-0.003951754,0.0008286312,0.00020
19710126,0.002800,0.0052962955,-0.006206512,0.0005219932,0.00020
19710127,-0.007400,-7.335305E-6,-0.000476133,-0.002378151,0.00020
19710128,0.003800,-0.001273227,-0.000877577,-0.008464412,0.00020
19710129,0.006600,0.0032639958,0.0027165242,-0.000585218,0.00020
19710201,0.006700,0.0080621657,0.0008065871,-0.003693879,0.00020
19710202,0.000600,0.0070799855,-0.001974818,-0.000523871,0.00020
19710203,0.002900,0.0032760797,-0.003430485,-0.004349667,0.00020
19710204,0.001400,0.0005330698,-0.002241145,0.0031798212,0.00020
19710205,0.004500,0.0024218505,-9.405039E-6,-0.003070583,0.00020
19710208,0.006000,0.0099640266,-0.002117016,-0.00443165,0.00020
19710209,-0.000400,0.0016270895,0.0046065385,0.0067140654,0.00020
19710210,-0.001100,-0.002203597,0.0005247717,-0.000809385,0.00020
19710211,0.005200,0.0006648399,-0.003788004,-0.00342928,0.00020
19710212,0.005900,0.0038208901,-0.003010638,-0.004824319,0.00020
19710216,0.002400,0.006067795,0.0030674517,0.000833381,0.00020
19710217,-0.004800,0.0060327671,0.0055559082,0.002321908,0.00020
19710218,-0.006800,-0.002449687,0.0061841156,0.005600555,0.00020
19710219,-0.009300,-0.003110093,0.006851942,0.0086841658,0.00020
19710222,-0.010600,-0.006661312,0.0007131415,0.0098989738,0.00020
19710223,0.005000,0.0064504051,-0.007699887,-0.007348874,0.00020
19710224,0.007400,0.0042472079,-0.009976599,-0.001950935,0.00020
19710225,0.001600,0.0041269145,0.0068886497,0.0063905225,0.00020
19710226,-0.002500,-0.000994084,-0.000560845,0.0056455926,0.00020
19710301,0.002900,-0.000056267,-0.004403981,-0.003468881,0.00010
19710302,0.000400,0.0040552074,0.0003821604,0.0049211406,0.00010
19710303,0.000100,0.0047157702,-0.003496004,0.0036149514,0.00010
19710304,0.010400,0.0025468294,-0.003677327,-0.001026058,0.00010
19710305,0.010600,0.0010689893,-0.0030838,0.0007229985,0.00010
19710308,0.004700,0.0036168878,-0.000351311,0.0009030209,0.00010
19710309,0.001400,0.0032239628,-0.00321661,0.0001771828,0.00010
19710310,-0.001200,0.0042978676,-0.004497764,-0.001196847,0.00010
19710311,-0.000100,-0.002214747,0.0052449103,0.0056495994,0.00010
19710312,0.001500,0.0022312515,-0.002343665,-0.003184056,0.00010
19710315,0.011300,0.0045966169,-0.004351027,0.0000635514,0.00010
19710316,0.004700,0.0007407403,-0.000047846,0.0036618526,0.00010
19710317,0.000100,0.0021798044,-0.003114544,0.0008424012,0.00010
19710318,0.001100,0.0010473991,-0.001556345,-0.00039104,0.00010
19710319,-0.001700,-0.000648102,0.0000382891,0.004019692,0.00010
19710322,-0.004000,-0.003314336,0.0025974442,0.0009954579,0.00010
19710323,-0.003300,0.0016883444,0.001272519,0.0001866022,0.00010
19710324,-0.006100,-0.001248921,0.0014866962,0.0024007076,0.00010
19710325,0.000100,-0.004198379,-0.001678201,-0.003483595,0.00010
19710326,0.003900,0.0032785924,0.0010003749,0.0010700985,0.00010
19710329,0.000800,-0.002862594,0.002381312,0.0011664242,0.00010
19710330,0.002100,-0.001411388,0.0001682874,-0.002688616,0.00010
19710331,0.000900,0.0043865611,-0.004933938,-0.000680171,0.00010
19710401,0.000600,0.0002104048,-0.000410528,0.0024785849,0.00010
19710402,0.002000,0.0028152606,-0.006525665,0.0023678943,0.00010
19710405,0.001700,-0.000665844,-0.000019465,0.0008187376,0.00010
19710406,0.005900,-0.003137677,-0.000565825,0.0008705327,0.00010
19710407,0.004300,-0.000100333,0.0022131903,0.0016189981,0.00010
19710408,0.001400,0.0018528825,-0.000025267,0.0009381044,0.00010
19710412,0.006700,-0.001558562,0.0004245584,0.0026585833,0.00010
19710413,0.000400,-0.00151948,0.0006208242,0.0005263153,0.00010
19710414,0.003500,-0.000714079,-0.001508829,-0.002224001,0.00010
19710415,0.001500,-0.003133472,0.0065731488,0.0010817669,0.00010
19710416,0.000000,-0.003108253,0.0017497657,0.0003643458,0.00010
19710419,0.004100,-0.003561927,0.0026585153,0.0031760036,0.00010
19710420,-0.004900,-0.003316191,0.0019775467,0.0057773448,0.00010
19710421,-0.002700,0.0010932806,0.0029811801,0.0036572961,0.00010
19710422,0.002900,0.001146117,0.0008283898,-0.000500139,0.00010
19710423,0.005000,0.004004097,-0.004475046,0.0001847652,0.00010
19710426,0.000000,0.0024258642,-0.001491108,-0.000600605,0.00010
19710427,0.004400,0.0041938306,-0.001874109,0.0003717388,0.00010
19710428,0.003400,0.0024945068,0.0024716584,0.0026422091,0.00010
19710429,-0.002600,-0.003935755,0.0016601592,0.0031368639,0.00010
19710430,-0.006500,-0.001663423,-0.002563319,0.0028735301,0.00010
19710503,-0.005700,-0.001527594,0.0003107951,-0.005687124,0.00010
19710504,0.005500,0.0014087802,0.0041828975,-0.000535809,0.00010
19710505,-0.000300,-0.001320469,-0.002197865,0.002244561,0.00010
19710506,-0.005800,0.0007701289,-0.001478013,0.006542237,0.00010
19710507,-0.003200,-0.005340635,0.0000181523,-0.000875977,0.00010
19710510,-0.004900,-0.00224863,-0.001154713,-0.001451449,0.00010
19710511,0.002900,-0.000598677,0.0018505519,0.0006561834,0.00010
19710512,0.002300,-0.001108154,-0.002403008,0.0014747922,0.00010
19710513,-0.001900,0.0022101638,-0.002055631,0.0053124587,0.00010
19710514,-0.004200,0.0001656785,-0.003217934,0.0040281309,0.00010
19710517,-0.015200,-0.005233199,-0.000907834,0.0030680452,0.00010
19710518,0.000500,-0.001696481,-0.000666534,-2.86456E-6,0.00010
19710519,0.002300,-0.000457628,0.0031141642,0.0016142162,0.00010
19710520,0.002500,0.0019343759,-0.002560813,0.0013861916,0.00010
19710521,-0.003500,0.0008148664,-0.001393852,0.0052230149,0.00010
19710524,-0.008300,0.0006248135,-0.001668754,0.0005630215,0.00010
19710525,-0.006500,-0.000046948,0.0011775574,0.0044127276,0.00010
19710526,0.001500,-0.001521196,-0.000116261,-0.000472478,0.00010
19710527,-0.001100,0.0004287311,0.0020504455,0.0030473179,0.00010
19710528,0.002800,-0.00191565,-0.000203061,-0.000421426,0.00010
19710601,0.006100,0.0018061441,0.0002723786,0.0045448676,0.00020
19710602,0.008400,0.0025052458,-0.001056724,0.0047399829,0.00020
19710603,0.001800,0.0038576635,-0.00702036,0.0026233465,0.00020
19710604,0.002500,0.0019505559,-0.000491008,0.0022063363,0.00020
19710607,-0.001500,0.0025021014,-0.003247948,0.001248409,0.00020
19710608,-0.007900,-0.003074275,0.0033151877,0.0015191249,0.00020
19710609,-0.000700,-0.00065486,0.0003766508,0.0024944678,0.00020
19710610,0.002900,-0.000886418,0.0008444557,0.0019448096,0.00020
19710611,0.003400,-0.002833644,-0.002658411,0.0005836054,0.00020
19710614,-0.008200,-0.002357681,-0.007238019,0.0002533244,0.00020
19710615,0.000200,-0.003291118,0.0004671249,0.0022736661,0.00020
19710616,0.001600,-0.001570925,-0.001761103,0.0050278131,0.00020
19710617,-0.000300,-0.001885899,-0.000543521,-0.00296839,0.00020
19710618,-0.015300,-0.002340977,0.0025438945,-0.004014495,0.00020
19710621,-0.012700,-0.004305604,-0.002361277,-0.003381667,0.00020
19710622,-0.003000,-0.00147546,0.0006578255,-0.005120371,0.00020
19710623,0.008600,-0.000447636,-0.00433555,0.0032876424,0.00020
19710624,-0.001800,-0.000611492,-0.004041175,0.0006903762,0.00020
19710625,-0.002000,0.0032701271,-0.000341771,-0.000957827,0.00020
19710628,-0.002600,-0.000621787,-0.004618769,0.0002360282,0.00020
19710629,0.011100,0.0005453436,0.0000124282,-0.005295124,0.00020
19710630,0.009200,0.0019612999,-0.000086971,-0.001369953,0.00020
19710701,0.001000,0.0013399505,0.0001806361,-0.001440696,0.00020
19710702,0.000400,0.003425575,0.0010513804,-0.001310544,0.00020
19710706,0.000600,0.002426452,-0.001090621,-0.003060966,0.00020
19710707,0.003500,0.0014876122,0.0002519361,0.0011115742,0.00020
19710708,0.003300,-0.002525275,-0.000956942,-0.000478509,0.00020
19710709,0.003400,-0.001548515,-0.000579045,0.0023831959,0.00020
19710712,0.001100,-0.001411916,0.0012055508,0.0001021672,0.00020
19710713,-0.012900,0.0020889811,0.0018586903,-0.004999749,0.00020
19710714,-0.001700,0.0013109188,-0.000437795,0.0001036267,0.00020
19710715,0.000300,0.0039594975,-0.002645247,-0.000432876,0.00020
19710716,-0.002100,-0.0014548,-0.002119052,-0.00528994,0.00020
19710719,-0.002400,0.00060772,0.0011482572,0.0002897574,0.00020
19710720,0.003700,-0.002636997,0.0004202935,0.0039673647,0.00020
19710721,-0.000800,0.0009442033,0.0014460506,0.0016331141,0.00020
19710722,-0.002500,-0.004368121,0.001928539,-0.000788976,0.00020
19710723,-0.001700,-0.00203174,0.0033463704,0.0006826753,0.00020
19710726,-0.003400,-0.002063494,0.0038359633,-0.004369669,0.00020
19710727,-0.009800,-0.001028975,0.0054755569,-0.001551413,0.00020
19710728,-0.008400,-0.000661597,0.0045226089,-0.000791142,0.00020
19710729,-0.012600,-0.0064676,0.0001575524,-0.00037071,0.00020
19710730,-0.004700,-0.004608116,-0.002607456,0.0000192114,0.00020
19710802,0.004900,0.0007406834,0.0020147637,-0.007724517,0.00020
19710803,-0.016400,-0.007108347,0.0039514913,-0.004604715,0.00020
19710804,-0.005800,0.0006644824,0.0021776035,-0.00240093,0.00020
19710805,0.002400,0.0015842042,0.0002861326,0.0007021942,0.00020
19710806,0.002600,0.0013338082,0.001712445,0.0059721889,0.00020
19710809,-0.007700,-0.000308617,0.0026066466,-0.001112263,0.00020
19710810,0.000000,-0.001530766,0.0002171594,0.0024838342,0.00020
19710811,0.012100,0.0026279112,-0.00601494,0.0086007189,0.00020
19710812,0.014100,0.0009917902,-0.000387757,0.0087185661,0.00020
19710813,-0.003000,0.0043490227,0.00144066,-0.000028072,0.00020
19710816,0.034600,0.0268392367,-0.000065471,0.007206102,0.00020
19710817,0.011100,0.008637005,0.0246482659,0.0078747637,0.00020
19710818,-0.013500,0.0010137085,-0.002590019,0.0029917503,0.00020
19710819,-0.004700,-0.000047839,0.0017128224,0.0001206359,0.00020
19710820,0.001700,-0.000620345,0.0013393856,0.0015346257,0.00020
19710823,0.008900,-0.004807156,0.0002599577,0.0070084715,0.00020
19710824,0.009200,-0.005969648,-0.002012558,-0.001344471,0.00020
19710825,0.000900,0.0018722933,-0.000322644,0.0025703248,0.00020
19710826,-0.001200,0.0003370166,0.0026271768,0.0013472765,0.00020
19710827,0.002300,0.0025064746,-0.002209524,0.0028166681,0.00020
19710830,-0.009200,-0.001075255,0.001795952,-0.003476722,0.00020
19710831,-0.004900,-0.002145177,0.0009895989,-0.000684625,0.00020
19710901,0.000400,0.0009792421,0.0025001476,-0.000856903,0.00020
19710902,0.002500,-0.002439915,-0.003968967,-0.001178068,0.00020
19710903,0.013900,0.000526959,-0.001241928,-0.003182115,0.00020
19710907,0.004900,0.001033791,-0.0014303,0.0000562905,0.00020
19710908,0.002000,-0.000621765,0.0011272149,0.0015990963,0.00020
19710909,-0.004800,0.0025748119,-0.000908261,0.0017624178,0.00020
19710910,-0.003500,-0.000750355,-0.001483615,0.0030317849,0.00020
19710913,-0.003600,0.0003022004,0.0025388464,0.0018295606,0.00020
19710914,-0.007600,-0.001165599,-0.000135926,0.0011803402,0.00020
19710915,0.003600,-0.002760844,0.0024326804,0.0021622777,0.00020
19710916,-0.001800,0.0004529722,0.0046029251,0.0062174839,0.00020
19710917,0.003000,0.000966225,-0.000261356,-0.002868696,0.00020
19710920,-0.003200,-0.00021308,-0.000757943,0.0053659626,0.00020
19710921,-0.003200,0.0006042571,0.0000995805,0.003782432,0.00020
19710922,-0.008800,0.0030124426,-0.001652388,0.0023142111,0.00020
19710923,-0.001000,-0.002280292,-0.001075988,0.0005777165,0.00020
19710924,-0.001800,0.0031224092,-0.000992635,0.0016828281,0.00020
19710927,-0.005700,0.0016443194,-0.001019036,-0.000311559,0.00020
19710928,0.001900,-0.002549148,0.0012974311,0.0056448075,0.00020
19710929,0.000100,-0.000588646,-0.004397957,0.0003798592,0.00020
19710930,0.004600,-0.004174049,-0.00337523,0.0008709908,0.00020
19711001,0.006000,0.0012880981,0.0016093677,-0.001455863,0.00020
19711004,0.002600,0.0001703587,0.0015064456,0.0008602025,0.00020
19711005,-0.001100,-0.001816215,-0.001296192,-0.001815252,0.00020
19711006,0.007200,-0.000808855,-0.00216679,-0.003636607,0.00020
19711007,0.002100,0.0028738969,0.0037471009,-0.000847864,0.00020
19711008,-0.006100,0.0010753177,0.0014229627,-0.000905004,0.00020
19711011,-0.002200,-0.00124797,-0.001622141,-0.003106673,0.00020
19711012,0.003500,-0.001325105,0.0014413894,0.0003565498,0.00020
19711013,-0.005100,-0.000050492,-0.003967681,0.0037886464,0.00020
19711014,-0.009200,-0.001729825,0.001751721,-0.000257989,0.00020
19711015,-0.004200,3.6445345E-6,0.0007021593,-0.00219896,0.00020
19711018,-0.005100,-0.004952399,0.0022635425,-0.000681038,0.00020
19711019,-0.004200,-0.002974256,0.0039120494,-0.003080105,0.00020
19711020,-0.013900,0.0019310353,0.0020819375,0.0007064658,0.00020
19711021,-0.000100,0.0002079722,-0.004299049,-0.000664915,0.00020
19711022,-0.000500,0.0000416865,-0.001748407,0.003840536,0.00020
19711025,-0.004400,-0.000944671,-0.003095962,0.0003395669,0.00020
19711026,-0.005200,-0.004249466,0.0039795945,0.0013534996,0.00020
19711027,-0.010700,-0.002980521,0.0045210184,0.0008484842,0.00020
19711028,0.001200,-0.003882099,-0.004228821,0.000738202,0.00020
19711029,0.004700,0.0028986092,-0.00707855,-0.001531941,0.00020
19711101,-0.014800,-0.002888371,0.0032681362,-0.001728274,0.00020
19711102,0.002700,-0.005854158,0.0001789945,0.0024253209,0.00020
19711103,0.017000,-0.000116731,0.005197379,0.004859508,0.00020
19711104,0.000000,0.0015993203,0.0029555688,0.0014322946,0.00020
19711105,-0.002800,-0.003328295,0.0029309623,0.0047688828,0.00020
19711108,-0.000900,0.0004871661,0.001869698,0.0001877613,0.00020
19711109,0.000700,0.0019025667,-0.000956412,0.0037963588,0.00020
19711110,-0.011400,0.0016629065,0.000572756,0.0015060582,0.00020
19711111,-0.013800,-0.005375749,-0.000372282,-0.006767536,0.00020
19711112,-0.000400,-0.001518902,-0.002625803,-0.006642871,0.00020
19711115,-0.003600,0.003326711,0.0041462825,-0.001058001,0.00020
19711116,0.009100,-0.001438926,0.0025459347,0.0033119006,0.00020
19711117,0.000700,-0.002679201,0.0037406435,0.0039073756,0.00020
19711118,-0.007400,-0.000026942,0.0039323386,-0.005138411,0.00020
19711119,-0.006100,-0.007248116,0.0030566725,-0.000729816,0.00020
19711122,-0.010000,-0.003426662,0.0003094083,-0.000279452,0.00020
19711123,-0.008000,-0.005060439,0.0008749019,0.0016864092,0.00020
19711124,0.001700,0.0001033121,-0.000023652,-0.002543729,0.00020
19711126,0.018100,0.0003089745,-0.005848173,0.0023381171,0.00020
19711129,0.018100,0.0077211692,-0.009657691,0.0031108872,0.00020
19711130,0.007400,0.0067058852,-0.005893999,0.0025871336,0.00020
19711201,0.017300,0.0077171913,-0.001962715,0.0102123058,0.00020
19711202,0.002900,0.0017306784,0.0046698882,-0.00036433,0.00020
19711203,0.011600,0.0025924131,-0.006239713,0.0025143145,0.00020
19711206,-0.004600,0.0045157219,-0.002835803,0.004006009,0.00020
19711207,0.004300,0.0034845877,-0.005838687,0.0055900348,0.00020
19711208,0.001400,0.0043626334,-0.003887806,0.0020659246,0.00020
19711209,0.000200,0.001384142,-0.002182862,0.0008723886,0.00020
19711210,0.008100,0.0053912282,-0.007575593,-0.00194803,0.00020
19711213,0.003700,0.0047257973,0.0036083311,-0.003418465,0.00020
19711214,-0.004000,-0.004413345,0.000905111,-0.001316167,0.00020
19711215,0.008200,0.0008943849,0.0004906121,0.0017334607,0.00020
19711216,0.011100,0.0010323565,-0.002239691,0.0046835552,0.00020
19711217,0.005000,0.0027841785,-0.005316161,0.0000280084,0.00020
19711220,0.012200,0.0040223307,-0.006465736,0.0030165829,0.00020
19711221,0.002300,0.0038187709,-0.000843089,0.0018377578,0.00020
19711222,-0.005900,-0.00223234,0.0061208946,-0.001620904,0.00020
19711223,-0.004400,0.0008139678,-0.000524309,-0.00344481,0.00020
19711227,0.001400,-0.007221497,0.0000263375,-0.001418479,0.00020
19711228,0.009200,-0.003641289,-0.002038744,-0.006372898,0.00020
19711229,0.003200,0.0002510724,0.0007968212,-0.010120277,0.00020
19711230,-0.003300,0.0010105573,-0.004807759,-0.006736218,0.00020
19711231,0.004000,0.0108056874,-0.000184093,-0.003220155,0.00020
19720103,-0.003700,0.0059166165,0.0051976526,-0.006680751,0.00010
19720104,0.003900,0.0023765139,0.0030291676,-0.004174166,0.00010
19720105,0.009700,-0.001095493,0.0021772906,-0.001291804,0.00010
19720106,0.004400,0.0030253604,0.0002455656,-0.001062855,0.00010
19720107,-0.000100,0.0016924278,-0.000398505,0.0004572857,0.00010
19720110,-0.000400,0.008141351,-0.000010674,-0.00303424,0.00010
19720111,0.003900,0.002830506,0.0026112827,-0.001486375,0.00010
19720112,-0.000700,-0.000352722,0.0052693342,0.0075939319,0.00010
19720113,-0.005900,0.0005999225,-0.000651115,0.0007521883,0.00010
19720114,0.004000,0.0067868298,-0.000627413,0.0008340084,0.00010
19720117,0.003200,0.0014282279,-0.001273029,-0.001058033,0.00010
19720118,0.003900,0.0026090087,0.0021641457,0.0021477232,0.00010
19720119,-0.001500,0.0003622363,-0.003217734,0.0038771221,0.00010
19720120,-0.000800,0.0015233675,0.0035813504,0.0049326151,0.00010
19720121,-0.001900,0.0065123737,-0.005565909,0.0035071171,0.00010
19720124,-0.010900,0.0010266086,-0.000038873,-0.001564723,0.00010
19720125,0.001600,0.0030296744,-0.000477013,0.0021144656,0.00010
19720126,-0.001600,0.0064007729,-0.006438408,-0.000107355,0.00010
19720127,0.011000,0.0055037629,-0.005873972,0.0020503467,0.00010
19720128,0.007300,0.0056901486,0.0003633155,0.0050770454,0.00010
19720131,-0.000700,0.0076475701,0.0025156421,0.0027520944,0.00010
19720201,0.001400,0.0029612129,-0.002128084,-0.000148422,0.00010
19720202,0.006200,0.0063466388,-0.003905531,0.010084434,0.00010
19720203,-0.000200,-0.00139529,-0.002475948,0.0090199376,0.00010
19720204,0.003600,0.0003727996,-0.001108105,0.0001376256,0.00010
19720207,-0.003500,-0.002615976,0.0003168478,-0.001523125,0.00010
19720208,0.001300,-0.000301494,-0.00109545,0.004342011,0.00010
19720209,0.007200,0.003507486,0.0026756454,0.0069380687,0.00010
19720210,0.000300,-0.001287236,0.0036840799,0.0017223372,0.00010
19720211,-0.004000,0.0023458128,-0.000764522,0.005208031,0.00010
19720214,-0.004000,0.0001614085,0.0009228593,-0.00251039,0.00010
19720215,0.004500,0.0028219253,0.0009242791,0.0007203073,0.00010
19720216,0.004900,-0.001360803,-0.001979243,0.0057283582,0.00010
19720217,-0.000400,0.0012456234,-0.00347835,0.0049694958,0.00010
19720218,-0.002400,-0.000187016,-0.000125735,-0.002859508,0.00010
19720222,-0.000100,-0.000786682,-0.006462894,-0.00179083,0.00010
19720223,0.001100,0.0028982174,-0.000548329,0.0001978876,0.00010
19720224,0.001500,0.0019438602,0.005498962,-0.001291934,0.00010
19720225,0.006300,0.0017154734,-0.002614581,0.0029897322,0.00010
19720228,0.000600,-0.003660831,0.0043295256,-0.003099538,0.00010
19720229,0.004100,0.002567237,-0.004237163,0.0028953152,0.00010
19720301,0.008000,0.0040305782,0.0025429032,0.0041558302,0.00010
19720302,0.000500,-0.000158315,0.0024539223,0.0014118443,0.00010
19720303,0.005800,0.0016290533,-0.003061025,0.0034816618,0.00010
19720306,0.007500,-0.001311098,-0.003712361,-0.003081541,0.00010
19720307,0.001200,-0.00238638,-0.002315312,-0.001087327,0.00010
19720308,0.001800,0.0059805478,-0.00181137,-0.001155174,0.00010
19720309,0.000300,0.0042602959,0.0007086378,0.0003638325,0.00010
19720310,-0.005400,0.001878985,0.0036920176,-0.002838529,0.00010
19720313,-0.009500,-0.002628237,0.0013339527,-0.004308253,0.00010
19720314,0.002800,0.0015131795,-0.001128824,-0.002191796,0.00010
19720315,0.000700,-0.000425845,-0.001109,0.0020233368,0.00010
19720316,-0.002800,0.0012762089,0.0008392702,-0.002098305,0.00010
19720317,0.002700,-0.003062587,0.0064067655,-0.000733301,0.00010
19720320,-0.003800,-0.003386205,0.0043743566,-0.003000901,0.00010
19720321,-0.009400,-0.003664767,0.0010953673,-0.000553111,0.00010
19720322,0.001600,0.0007255991,-0.001346546,0.0009199583,0.00010
19720323,0.009500,0.0047612013,-0.004685609,0.0044351371,0.00010
19720324,-0.002100,0.0022628173,0.0008772312,0.004370294,0.00010
19720327,-0.002100,0.0043072576,-0.001742651,0.0046012411,0.00010
19720328,-0.001000,0.0015360585,-0.000400611,0.0027997362,0.00010
19720329,-0.006000,0.0023508324,0.0010381686,-0.000174442,0.00010
19720330,0.006100,-0.004056704,0.0010697629,0.0009494465,0.00010
19720403,0.002300,-0.003037419,-0.00366923,0.0049453091,0.00010
19720404,0.006100,0.0009808043,-0.00443067,0.0025741948,0.00010
19720405,0.008200,0.0016015281,-0.002708299,0.0042922716,0.00010
19720406,0.004000,-0.000919705,-0.00102023,0.0037105887,0.00010
19720407,0.002600,0.0041940318,0.0010594595,0.0019951646,0.00010
19720410,-0.001500,0.0014723434,-0.002734981,0.0016288365,0.00010
19720411,0.003600,0.0064014089,-0.00219532,-0.002233958,0.00010
19720412,0.003600,0.002111691,0.0011165324,0.0052477715,0.00010
19720413,-0.002700,0.00021295,-0.001789197,0.0013944022,0.00010
19720414,0.000300,-0.000405448,-0.007280698,0.0003344312,0.00010
19720417,-0.002600,0.0013863705,-0.004633208,0.0003414193,0.00010
19720418,0.001700,-0.00130769,0.0048175453,0.0005996978,0.00010
19720419,-0.006300,-0.004380106,0.0060412045,-0.001187091,0.00010
19720420,-0.001800,-0.003153159,0.0013213952,-0.003085942,0.00010
19720421,-0.001600,-0.003899956,-0.001578217,-0.002565273,0.00010
19720424,-0.006600,0.0010426681,-0.001709529,-0.004885518,0.00010
19720425,-0.009900,-0.004989883,7.8991309E-6,-0.00100572,0.00010
19720426,-0.002400,-0.001302154,0.0006639107,-0.004711691,0.00010
19720427,0.000900,-0.000482835,0.0025830023,0.0012947472,0.00010
19720428,0.005100,0.0000609634,0.001218734,0.002374308,0.00010
19720501,-0.009100,-0.003930573,0.0014996179,-0.003002393,0.00010
19720502,-0.005900,-0.003369267,-0.002244592,-0.001654505,0.00010
19720503,-0.002300,-0.007224586,0.0023092781,0.0022035099,0.00010
19720504,0.002300,-0.002467264,-0.000543753,0.0016951048,0.00010
19720505,0.003600,0.0025551238,-0.000028045,0.0043652541,0.00010
19720508,-0.005000,-0.004169801,0.0025936521,-0.000616869,0.00010
19720509,-0.014500,-0.007288403,0.0048042327,0.0021692691,0.00010
19720510,0.007000,0.0031735355,-0.004760529,-0.001953669,0.00010
19720511,0.004100,0.0017569097,-0.002481557,-0.000127457,0.00010
19720512,0.006900,0.0043935333,-0.001158805,-0.000075242,0.00010
19720515,0.005000,0.0052744924,-0.001187132,0.0033427037,0.00010
19720516,-0.002300,0.0004081628,0.000549198,0.0044239036,0.00010
19720517,0.002000,0.0011656804,-0.001521108,0.0049203152,0.00010
19720518,0.009100,-0.000283561,-0.004019354,0.0078766884,0.00010
19720519,0.009200,-0.003237719,-0.003476898,0.006480277,0.00010
19720522,0.005600,-0.004453852,-0.001454779,0.0051588212,0.00010
19720523,0.000300,-0.001064737,-0.003261994,0.0035672571,0.00010
19720524,0.004000,-0.00360952,0.0009036364,0.0054233877,0.00010
19720525,0.002000,-0.002205533,-0.000874218,0.0013613793,0.00010
19720526,0.001600,0.0003975019,-0.002309713,-0.001133323,0.00010
19720530,-0.003400,-0.00325677,0.0057661013,-0.004072925,0.00010
19720531,-0.007300,-0.0025799,-0.003075516,-0.002138648,0.00010
19720601,0.002200,0.0011105273,-0.000963195,0.0005634129,0.00010
19720602,0.001100,0.0035460895,-0.001692614,0.0004067591,0.00010
19720605,-0.008000,0.0017507779,0.0013843943,-0.000477263,0.00010
19720606,-0.005600,0.0030204366,-0.000987114,0.00186825,0.00010
19720607,-0.005000,0.0002740999,0.0018529336,0.0021839264,0.00010
19720608,-0.003000,-0.002813504,-0.00011359,-0.000528415,0.00010
19720609,-0.004600,0.0005013205,0.0027128142,0.0002416527,0.00010
19720612,0.000700,-0.003912789,0.0005695325,-0.001258791,0.00010
19720613,0.004200,-0.001581911,-0.000812045,0.0015460884,0.00010
19720614,0.007500,0.0013120184,-0.002139324,0.0094863973,0.00010
19720615,-0.000600,-0.008362733,0.0014214282,0.0017188015,0.00010
19720616,-0.000900,-0.002047286,-0.00052225,-0.00122287,0.00010
19720619,-0.001900,-0.000935184,-0.001331226,0.0014840035,0.00010
19720620,0.003600,-0.00332989,-0.000291486,0.0045090298,0.00010
19720621,0.001500,-0.004608195,0.0004149827,0.0050886616,0.00010
19720622,-0.001700,-0.001464176,0.0018352457,-0.001598915,0.00010
19720623,-0.004200,0.0024249209,0.0016944793,0.00179178,0.00010
19720626,-0.007000,0.0019253327,-0.000607264,-0.00295467,0.00010
19720627,-0.001200,-0.000912169,0.0011554446,0.0002180924,0.00010
19720628,-0.003600,0.0007793062,0.0007806393,0.0014113881,0.00010
19720629,-0.002000,-0.001867296,0.0022191344,-0.000729534,0.00010
19720630,0.003900,-0.000017643,0.0004490832,-0.001691024,0.00010
19720703,0.003400,0.0004729372,-0.001998476,-0.002430413,0.00020
19720705,0.005600,0.0009865017,0.0009616335,0.0029653412,0.00020
19720706,0.007600,-0.002731653,-0.002280808,0.0027957893,0.00020
19720707,-0.003100,0.0028155121,0.0004658815,-0.000176094,0.00020
19720710,-0.005600,0.000618326,0.0016554374,-0.000506026,0.00020
19720711,-0.007500,0.0010262857,0.0040909622,-0.000834497,0.00020
19720712,-0.005400,-0.004021513,0.0043977965,-0.003539144,0.00020
19720713,-0.006300,-0.001264129,0.0032843382,0.0005824895,0.00020
19720714,0.004600,-0.004245346,-0.000293868,0.0036535377,0.00020
19720717,-0.009300,-0.000502329,0.0071479522,-0.001047353,0.00020
19720718,-0.000900,-0.007685522,-0.001068827,-0.004519162,0.00020
19720719,0.002300,0.0001834294,0.0038109144,-0.000226843,0.00020
19720720,-0.003300,-0.001946793,0.0006947254,-0.001429224,0.00020
19720721,0.007200,-0.000095883,-0.000742533,0.000222394,0.00020
19720724,0.010800,0.0019967835,-0.003340744,0.0021497018,0.00020
19720725,-0.003100,0.0034336067,0.0052530482,0.0031503515,0.00020
19720726,-0.001000,0.0002540568,0.0013424449,0.0026062649,0.00020
19720727,-0.003300,-0.002690186,0.004216417,0.0026328589,0.00020
19720728,0.000300,-0.002001941,0.0026164623,-0.000884261,0.00020
19720731,-0.000700,0.0007289693,0.0023841268,0.0019758585,0.00020
19720801,0.009400,-0.000381181,-0.004634327,0.0029186719,0.00010
19720802,0.008300,-0.004784935,-0.000614196,0.0046007979,0.00010
19720803,0.007400,-0.005189481,-0.000291253,0.0038653177,0.00010
19720804,0.003400,-0.001190291,0.0001485088,-0.002770447,0.00010
19720807,0.001100,-0.001828563,0.0024894202,0.0008902674,0.00010
19720808,0.000700,-0.001436336,-0.000489205,0.0012894357,0.00010
19720809,0.001200,-0.002334593,-0.002105469,0.0025651868,0.00010
19720810,0.002200,0.0025969491,-0.000604534,-0.002288755,0.00010
19720811,0.008200,-0.005375693,-0.001572455,-0.003170236,0.00010
19720814,0.004200,-0.001944462,0.0038077222,-0.001134684,0.00010
19720815,-0.004300,-0.001780536,0.0014050408,-0.006915299,0.00010
19720816,-0.002800,-0.002222332,0.0016611008,-0.007267855,0.00010
19720817,-0.002200,0.0025267548,0.0011811844,-0.004672964,0.00010
19720818,0.004100,-0.005669452,0.0042785847,-0.007461629,0.00010
19720821,-0.000800,-0.004547722,0.0061930053,-0.01059611,0.00010
19720822,0.005100,-0.006620557,0.0062882012,-0.009118129,0.00010
19720823,-0.001500,0.0002033107,0.0057332153,-0.005351446,0.00010
19720824,-0.010700,0.0015280675,0.0058253743,-0.001603939,0.00010
19720825,-0.002800,-0.000377656,-0.000533215,-0.00236001,0.00010
19720828,-0.004700,-0.000886222,0.0024744363,-0.002008686,0.00010
19720829,0.001300,-0.003426892,0.002326792,-0.002326347,0.00010
19720830,0.001300,-0.001131835,0.000969252,-0.001681707,0.00010
19720831,0.004400,-0.001029298,0.0013647026,0.0016252474,0.00010
19720901,0.004000,0.0013387504,-0.003682561,0.0000771933,0.00020
19720905,-0.002900,0.0018533272,0.0019510932,0.0017626194,0.00020
19720906,-0.006000,-0.001038241,0.0027840312,-0.001448378,0.00020
19720907,-0.003300,-0.000872788,0.004003063,0.0006855071,0.00020
19720908,-0.001400,0.0000530937,0.0029795318,0.0018848616,0.00020
19720911,-0.006900,-0.004810258,-0.001218962,0.0000969622,0.00020
19720912,-0.009500,0.0003703036,-0.000363397,-0.00427927,0.00020
19720913,0.003300,-0.002216737,-0.001990985,0.002033006,0.00020
19720914,0.000200,0.0010092064,0.0012732437,0.0018907937,0.00020
19720915,-0.001000,-0.001267324,-0.000411171,0.0004407127,0.00020
19720918,-0.002000,-0.002956193,0.0007217986,-0.002662963,0.00020
19720919,-0.000600,-0.00283557,-0.002207049,0.0015908149,0.00020
19720920,-0.000600,-0.001364648,-0.000300367,0.0033596676,0.00020
19720921,-0.002000,-0.001930816,-0.00057416,0.0020130394,0.00020
19720922,0.000700,-0.001923391,-0.000652179,0.0009349393,0.00020
19720925,-0.004600,-0.003516661,0.0006336952,-0.002103367,0.00020
19720926,0.000900,-0.001420125,-0.000429133,0.0013419592,0.00020
19720927,0.013700,-0.002154499,-0.005183652,0.0017228666,0.00020
19720928,0.006000,-0.003896354,-0.002088883,0.0065505167,0.00020
19720929,0.001000,-0.000796858,0.0003691456,0.0018397402,0.00020
19721002,-0.003200,0.0033260836,0.0013470761,-0.000787028,0.00020
19721003,0.000700,-0.00261476,0.0007946871,0.0027202084,0.00020
19721004,-0.002600,-0.005027809,0.0047093247,-0.000606713,0.00020
19721005,-0.011100,-0.003151006,0.0061432757,-0.007257768,0.00020
19721006,0.006300,-0.000053069,-0.000645646,0.0000198774,0.00020
19721009,0.002200,-0.000301822,-0.000875176,-0.002168668,0.00020
19721010,0.001000,-0.001015296,0.0024336627,-0.001236291,0.00020
19721011,-0.004600,-0.0027831,0.0001541681,0.0008966117,0.00020
19721012,-0.008400,-0.004620179,0.0023527771,-0.003449119,0.00020
19721013,-0.006800,0.0036306798,-0.00128072,-0.002541485,0.00020
19721016,-0.010500,0.0013192941,-0.002486474,-0.005683146,0.00020
19721017,0.006000,-0.003177742,-0.002197913,0.0006731836,0.00020
19721018,0.005800,-0.001977031,0.0006416029,0.0026597109,0.00020
19721019,-0.001200,-0.000487318,0.0018626648,0.0022173363,0.00020
19721020,0.010200,-0.004609999,0.000364136,0.0037891959,0.00020
19721023,0.009400,-0.004042027,-0.002576523,0.0008123872,0.00020
19721024,0.003100,-0.002204136,-0.005205218,0.0002209752,0.00020
19721025,-0.000400,-0.001693572,0.0014394566,-0.002141023,0.00020
19721026,0.003400,0.0035116349,-0.00034781,-0.004896988,0.00020
19721027,-0.002900,0.0052158688,-0.002317906,-0.001365403,0.00020
19721030,-0.000400,0.0020801173,0.0012025345,-0.003553534,0.00020
19721031,0.009400,-0.003269194,0.0005342777,0.0019458595,0.00020
19721101,0.010200,-0.001102209,0.0001610911,0.0001501814,0.00020
19721102,0.004700,-0.001151618,0.0042881782,-0.001412202,0.00020
19721103,0.008400,0.0000981197,-0.000015739,-0.003614899,0.00020
19721106,-0.001700,-0.00289763,0.0036294343,-0.005607123,0.00020
19721108,-0.004800,0.0006929175,0.004005705,-0.004148431,0.00020
19721109,0.000700,-0.004869331,0.0035396013,-0.004038468,0.00020
19721110,0.003000,0.0004280852,0.0033973771,-0.002475661,0.00020
19721113,0.000900,-0.003436685,-0.000464101,-0.002155395,0.00020
19721114,0.008300,0.0003559463,0.0042493591,0.0025471267,0.00020
19721115,-0.003400,0.0010709209,-0.003156214,-0.000200622,0.00020
19721116,0.005000,-0.001452382,-0.000297524,-0.001808841,0.00020
19721117,0.003100,-0.001200255,-0.000456366,-0.003675531,0.00020
19721120,0.000200,0.0052149193,0.0039000514,-0.003000136,0.00020
19721121,0.004700,0.0022910478,0.0021272557,-0.00770647,0.00020
19721122,0.005900,-0.004251925,-0.004692111,-0.001411801,0.00020
19721124,0.002800,-0.004596598,0.0002948142,-0.003774118,0.00020
19721127,-0.003800,-0.000308888,-0.000726338,-0.001975697,0.00020
19721128,-0.001900,0.0047209688,0.0024419213,-0.000072928,0.00020
19721129,0.000200,0.0021679919,0.000297479,0.0007140405,0.00020
19721130,0.002600,0.0069086161,-0.003437543,-0.002192971,0.00020
19721201,0.006500,0.0019133797,-0.00270842,0.0033995491,0.00020
19721204,0.003100,0.0022444042,-0.001520814,0.0036211324,0.00020
19721205,-0.002100,0.0003851771,0.0014613582,0.001977463,0.00020
19721206,0.003200,0.00122845,-0.000972569,0.0002049366,0.00020
19721207,0.004200,0.0012030633,-0.001087896,0.0062031405,0.00020
19721208,0.001900,0.0008871919,-0.004075094,0.0060667605,0.00020
19721211,0.001800,-0.000991044,0.0028583485,0.0034158924,0.00020
19721212,-0.004100,-0.002517595,0.0024758872,0.0022243907,0.00020
19721213,-0.001900,-0.004846856,0.0054551037,0.0014918561,0.00020
19721214,-0.003300,-0.004919864,0.0019670499,0.0069840972,0.00020
19721215,0.000400,-0.000059674,-0.004031055,0.0005429271,0.00020
19721218,-0.011200,-0.001646974,-0.00060296,0.0014149098,0.00020
19721219,-0.004500,-0.003012243,0.0023367699,0.0020434566,0.00020
19721220,-0.003700,-0.002739643,-0.000226189,0.0018355717,0.00020
19721221,-0.006600,0.0011907046,0.0017208377,0.0012550831,0.00020
19721222,0.005900,-0.002724942,-0.001734386,-0.000743764,0.00020
19721226,0.002500,-0.004456315,0.0017849589,0.0025463629,0.00020
19721227,0.003900,-0.005248737,0.0010144112,0.005032257,0.00020
19721229,0.010500,0.0025335503,-0.002034359,0.0009913983,0.00020
19730102,0.008700,0.0080573656,-0.002228574,-0.006905568,0.00020
19730103,0.003500,0.0030295903,0.0059019138,0.0033771449,0.00020
19730104,-0.002300,0.0035835702,0.0054645391,0.0008543332,0.00020
19730105,0.003000,0.000520927,-0.00069316,0.0057521077,0.00020
19730108,-0.000300,-0.000943495,0.0023048704,0.0024675307,0.00020
19730109,-0.000900,0.0028199048,0.0026077601,-0.000920693,0.00020
19730110,-0.002600,-0.004245775,0.0018191437,0.0003631513,0.00020
19730111,0.005500,-0.003993617,-0.000151947,0.0063255057,0.00020
19730112,-0.008500,-0.002317023,0.0027563695,0.0020201031,0.00020
19730115,-0.008500,-0.002053271,0.0011061764,0.0001127561,0.00020
19730116,-0.003600,-0.001711311,0.0016130217,-0.002792528,0.00020
19730117,0.003600,-0.001414494,0.0025566274,-0.001373196,0.00020
19730118,0.001300,-0.002750405,-0.0030793,-0.000020334,0.00020
19730119,-0.001900,0.002247083,-0.000373593,0.0027206996,0.00020
19730122,-0.005300,0.0036678308,0.0032202385,0.0039111904,0.00020
19730123,-0.001600,-0.001423125,0.0015497187,0.0017192392,0.00020
19730124,-0.013900,-0.001633215,0.0022089514,0.0032774859,0.00020
19730126,-0.003700,-0.006672312,-0.003320015,-0.003675726,0.00020
19730129,-0.005100,0.0000675344,0.0059435811,-0.000185941,0.00020
19730130,-0.001700,-0.001660928,0.004079494,0.0030400743,0.00020
19730131,0.001200,-0.000676049,-0.000137958,-0.000522389,0.00020
19730201,-0.011500,0.000574497,0.0016379535,-0.003004475,0.00020
19730202,-0.004100,0.0022183161,0.0005865769,0.0020798901,0.00020
19730205,-0.001900,-0.00536906,-0.00058864,-0.000463551,0.00020
19730206,0.001900,-0.002359004,-0.001782119,0.0022758125,0.00020
19730207,-0.007700,0.0016521982,0.0017169102,0.0015585417,0.00020
19730208,-0.004400,0.0018454124,-0.002090437,0.0006851299,0.00020
19730209,0.013400,0.0002329291,-0.004914672,0.001580002,0.00020
19730212,0.010700,0.000876572,-0.000181203,-0.00142317,0.00020
19730213,0.004900,-0.00028213,0.0047305208,0.0019562558,0.00020
19730214,-0.014100,-0.000181275,0.0044190086,-0.001957863,0.00020
19730215,-0.006900,0.0002055068,0.0038347128,-0.000948092,0.00020
19730216,0.003600,-0.003545683,0.0008851422,0.0027242246,0.00020
19730220,0.002500,-0.001521259,0.0065877691,0.0000341882,0.00020
19730221,-0.007400,-0.005478185,0.006095467,0.0005195494,0.00020
19730222,-0.003000,-0.004240656,-0.001015488,-0.003048398,0.00020
19730223,-0.010800,-0.0069367,-0.001745287,-0.002132017,0.00020
19730226,-0.008800,-0.004945509,0.0051926006,-0.005612034,0.00020
19730227,-0.011500,0.0000466821,0.0088449721,-0.004549964,0.00020
19730228,0.006200,-0.003003392,-0.002692038,0.0056321065,0.00020
19730301,-0.006700,0.000348852,0.0051222584,0.0047259789,0.00020
19730302,0.008400,-0.003770765,0.0009767131,-0.001022796,0.00020
19730305,0.003700,0.0017263062,0.0011035668,-0.002205051,0.00020
19730306,0.012600,-0.002105516,-0.002999335,-0.000758486,0.00020
19730307,0.003700,0.0016216954,-0.001142788,-0.00087419,0.00020
19730308,-0.002100,0.0015475084,0.0053778297,0.0052223001,0.00020
19730309,-0.003600,0.0013634813,0.0033943161,-0.002141078,0.00020
19730312,-0.000200,-0.000244823,0.002219143,0.0027201756,0.00020
19730313,0.004200,-0.005669884,-0.00009231,0.0002929998,0.00020
19730314,0.002600,-0.004912455,0.0009422714,0.002647719,0.00020
19730315,-0.007100,-0.001340073,0.0012657508,0.0037452933,0.00020
19730316,-0.005200,0.0008925359,0.0015662784,0.0037968803,0.00020
19730319,-0.012300,-0.000756955,0.0055162245,-0.001677778,0.00020
19730320,-0.003300,-0.003738514,0.0021303676,-0.000483194,0.00020
19730321,-0.012900,-0.0029673,0.0083378546,0.0008928487,0.00020
19730322,-0.016800,-0.002197641,0.0056731748,-0.000826223,0.00020
19730323,0.000000,-0.003444348,-0.000428035,-0.007103968,0.00020
19730326,0.007500,-0.005440678,-0.005528899,-0.005701042,0.00020
19730327,0.014300,-0.001470811,-0.001914237,-0.002757741,0.00020
19730328,0.000300,0.0028636726,0.0032565435,0.0032475216,0.00020
19730329,0.009800,-0.001406172,0.0026370664,-0.002830833,0.00020
19730330,-0.009200,0.0007142188,0.0007379353,-0.004399837,0.00020
19730402,-0.012000,0.0000442499,0.0056908316,0.0034432146,0.00030
19730403,-0.010000,0.0023336244,0.0006959015,0.0025379175,0.00030
19730404,-0.006300,0.0022429182,0.0013353552,-0.001270245,0.00030
19730405,-0.004600,0.0002856192,0.0048458393,0.0029622064,0.00030
19730406,0.007000,-0.001913918,-0.002694582,-0.004505352,0.00030
19730409,0.012600,-0.005946653,0.001037103,-0.004174915,0.00030
19730410,0.011100,-0.007376932,0.0033521182,0.0018725461,0.00030
19730411,0.003900,-0.006641645,0.002451668,0.0001396839,0.00030
19730412,-0.000900,-0.001882339,0.0032407805,0.0050181764,0.00030
19730413,-0.004200,0.0013205789,0.0033776915,0.0011823151,0.00030
19730416,-0.005600,-0.000682672,0.0062540623,0.0056825169,0.00030
19730417,-0.005900,0.0008838238,0.008278191,0.0016605386,0.00030
19730418,0.003500,-0.000532247,-0.001183082,0.0013378011,0.00030
19730419,0.005300,-0.006022825,0.005343137,-0.000357409,0.00030
19730423,-0.005800,0.0002074141,0.0008951616,0.005810679,0.00030
19730424,-0.015100,0.0007615208,0.0089336307,0.0082915044,0.00030
19730425,-0.015700,0.0005566442,0.0064835821,0.0024576983,0.00030
19730426,0.003200,0.0022024756,-0.002870688,-0.004872692,0.00030
19730427,-0.015400,-0.002014983,0.0047051206,0.0081753439,0.00030
19730430,-0.002500,-0.003313146,0.0006407233,-0.00272791,0.00030
19730501,0.000200,-0.00287782,-0.00049542,0.0009132342,0.00020
19730502,0.011800,-0.002824257,-0.002983859,-0.001887808,0.00020
19730503,0.014600,-0.003952806,-0.004245238,0.0016131992,0.00020
19730504,0.007600,-0.001814626,0.0004655608,-0.000319772,0.00020
19730507,-0.004300,-0.000854041,0.0014317619,0.0043554933,0.00020
19730508,0.005800,-0.002263564,-0.004665033,-0.002273702,0.00020
19730509,-0.005100,-0.000319075,-0.002004026,-0.001409477,0.00020
19730510,-0.006900,-0.001692256,-0.000468748,0.0045202173,0.00020
19730511,-0.011700,0.0028965667,0.0023060028,0.0040045318,0.00020
19730514,-0.021900,0.0032221954,0.0032075665,0.0033910528,0.00020
19730515,0.004100,-0.010788881,0.0002411779,-0.00585448,0.00020
19730516,-0.001300,-0.00137795,0.0028284322,0.0031614629,0.00020
19730517,-0.009000,-0.000789205,0.0070293044,0.0123349293,0.00020
19730518,-0.018700,-0.006017153,0.0054319989,0.0071493296,0.00020
19730521,-0.014800,-0.021302729,0.0056127007,0.0072723937,0.00020
19730522,0.007500,-0.003233783,-0.000361464,-0.00698667,0.00020
19730523,0.004000,-0.007454998,-0.002619322,0.0052818341,0.00020
19730524,0.027900,-0.006987729,-0.003251552,-0.004110786,0.00020
19730525,0.009400,0.0057053463,-0.010011488,-0.002340898,0.00020
19730529,-0.003200,0.0041707596,-0.002606082,0.0017379911,0.00020
19730530,-0.015300,-0.001252355,0.0045689491,0.008417848,0.00020
19730531,-0.009100,-0.002483689,0.0092356743,0.0072259002,0.00020
19730601,-0.009500,-0.00134044,0.0061946221,-0.000272079,0.00020
19730604,-0.011400,-0.000786712,0.0053997696,0.0050552302,0.00020
19730605,0.013600,-0.010076694,-0.003403583,-0.002474228,0.00020
19730606,-0.002700,0.0006288596,0.0010633312,0.0033015095,0.00020
19730607,0.013100,-0.004992701,-0.000998927,0.0022374151,0.00020
19730608,0.010800,0.005050001,-0.000512492,-0.006276288,0.00020
19730611,-0.003100,0.0001565121,0.0042174918,0.0025358699,0.00020
19730612,0.014300,-0.004601453,-0.007186833,-0.008914151,0.00020
19730613,-0.004900,0.0073390554,-0.00425849,-0.003735284,0.00020
19730614,-0.010600,0.0046274908,0.005753827,0.0066153832,0.00020
19730615,-0.012600,0.0025811964,0.0009729061,0.0040908373,0.00020
19730618,-0.014400,0.001309165,0.0006374803,0.005019241,0.00020
19730619,0.002400,-0.00722298,0.0035902399,0.0023342314,0.00020
19730620,0.003800,-0.005569576,-0.000041189,-0.001509875,0.00020
19730621,-0.011400,0.0047573174,0.005474044,0.0066223388,0.00020
19730622,0.004000,-0.003130771,0.0096829705,0.005125046,0.00020
19730625,-0.014300,-0.00556363,0.0185516323,0.0025925487,0.00020
19730626,0.008900,-0.003778237,-0.008977742,-0.007780387,0.00020
19730627,0.003000,-0.001107495,0.0009826126,0.0011120944,0.00020
19730628,0.009900,-0.002032295,-0.005314329,-0.0010201,0.00020
19730629,-0.003400,0.0041429594,0.0007191388,0.0010071024,0.00020
19730702,-0.012000,0.0057690293,0.004335335,0.0012190067,0.00030
19730703,-0.009200,-0.000605406,0.0054960637,-0.009685604,0.00030
19730705,-0.001800,0.0011263263,0.0004262816,-0.006921983,0.00030
19730706,-0.004200,0.0020590611,-0.000995191,0.000353445,0.00030
19730709,0.008000,-0.009443769,-0.007438015,-0.007186424,0.00030
19730710,0.013900,0.0016194581,-0.00980536,-0.009516649,0.00030
19730711,0.021700,-0.003641063,-0.014877126,-0.010835062,0.00030
19730712,-0.000600,0.0072178568,-0.007569902,0.0013373387,0.00030
19730713,-0.010900,0.009953521,0.0021233191,0.0011752727,0.00030
19730716,0.015000,-0.001439758,-0.009147531,-0.001713705,0.00030
19730717,0.002800,0.0068114687,-0.002195514,-0.000230329,0.00030
19730718,0.007900,0.0071956602,-0.010698412,-0.006904287,0.00030
19730719,0.003700,-0.001555386,-0.005574637,-0.004177832,0.00030
19730720,0.006600,0.0039743447,-0.002435067,0.0042213416,0.00030
19730723,0.002900,-0.001444136,-0.001053102,0.0042522799,0.00030
19730724,0.005400,-0.000902227,-0.002593991,-0.002035362,0.00030
19730725,0.013600,-0.00186282,-0.006585601,0.0028137515,0.00030
19730726,0.001100,-0.001282836,0.0040870435,0.0018161281,0.00030
19730727,-0.002400,0.0020295054,0.0049794777,-0.001915399,0.00030
19730730,-0.003300,-0.001074882,-0.002294682,0.0006881997,0.00030
19730731,-0.008500,0.0020212317,0.0018861658,0.002142971,0.00030
19730801,-0.013100,0.0022087873,0.0031224653,0.0057122913,0.00030
19730802,-0.001200,-0.002813994,-0.002127984,-0.000578905,0.00030
19730803,-0.000900,0.0000648257,-0.000130508,0.0017372991,0.00030
19730806,0.002700,-0.001813405,-0.002433096,-0.001033962,0.00030
19730807,-0.001700,0.006183127,0.0022037173,0.0033850539,0.00030
19730808,-0.009700,0.0049827362,-0.001689945,0.005860433,0.00030
19730809,-0.000300,-0.003617217,0.0047709004,0.0010150366,0.00030
19730810,-0.008000,0.0013592225,0.003641089,0.0040318426,0.00030
19730813,-0.010800,-0.000366966,0.0044020478,0.005513941,0.00030
19730814,-0.009300,-0.001815192,0.0017558078,0.0012095832,0.00030
19730815,0.002400,-0.001305193,0.0016657053,0.0002029256,0.00030
19730816,-0.005200,0.003845345,0.0031776989,-0.000948285,0.00030
19730817,0.000200,0.0007789691,0.0000662781,-0.002328553,0.00030
19730820,-0.007500,-0.001738888,0.0052412788,0.0048311853,0.00030
19730821,-0.007800,-0.001742307,0.0010399638,0.0031724458,0.00030
19730822,-0.004700,-0.001488204,0.0024599109,0.0044671873,0.00030
19730823,0.012800,-0.004342198,-0.002634242,-0.003996147,0.00030
19730824,-0.001400,-0.000467508,-0.000080187,-0.003556856,0.00030
19730827,0.006800,-0.003853858,-0.002465412,0.0018298241,0.00030
19730828,0.004700,-0.001004036,0.0001466363,0.0003801157,0.00030
19730829,0.008900,-0.00441308,-0.00858305,-0.007443436,0.00030
19730830,0.000100,-0.000705508,0.0012119294,-0.001848781,0.00030
19730831,0.005000,-0.001422089,-0.001879491,-0.009814959,0.00030
19730904,0.003700,-0.002129378,0.0023033379,-0.007363337,0.00040
19730905,0.002000,-0.001216219,0.0021349742,-0.003702168,0.00040
19730906,0.004800,0.000413539,-0.00362546,-0.003064185,0.00040
19730907,-0.001800,0.0066224102,0.0020540038,-0.005125983,0.00040
19730910,-0.008800,0.0070352244,0.0041446765,0.0010038279,0.00040
19730911,-0.005800,0.0028077409,0.0029019414,0.0041012946,0.00040
19730912,-0.002400,0.0017824446,-0.002220542,0.0038990039,0.00040
19730913,0.002900,0.0032477037,-0.005342899,-0.000496202,0.00040
19730914,0.008900,0.000594869,-0.002185652,0.0027735222,0.00040
19730917,-0.000400,0.0004566633,-0.002170319,-0.002681013,0.00040
19730918,-0.002300,-0.003056441,-0.000304339,-0.009800485,0.00040
19730919,0.019300,-0.001960016,-0.001841817,-0.011444127,0.00040
19730920,0.009100,0.0022322332,-0.008726343,-0.003778665,0.00040
19730921,0.005100,0.0014676777,0.0000325913,-0.009990474,0.00040
19730924,0.002900,0.0037886257,0.0027020476,-0.008548193,0.00040
19730925,0.005000,0.0025392087,0.000034415,0.0043480934,0.00040
19730926,0.007000,0.0009785017,0.0022066376,-0.006821377,0.00040
19730927,0.002300,0.001478693,0.0012433766,-0.001775801,0.00040
19730928,-0.004800,0.0015221557,-0.001530026,-0.007453877,0.00040
19731001,-0.001600,0.006135256,0.0043262211,-0.007694728,0.00030
19731002,0.005800,0.0079243609,-0.002973042,-0.007284784,0.00030
19731003,0.000800,0.0022041277,0.0058524622,-0.003791427,0.00030
19731004,-0.003900,0.0025616315,0.0056499728,0.0026755795,0.00030
19731005,0.011900,-0.002678544,-0.001160647,0.0057399422,0.00030
19731008,0.004400,0.0083946617,-0.004862909,-0.003354296,0.00030
19731009,-0.001000,0.0031819738,-0.001199089,0.0011412072,0.00030
19731010,-0.009100,-0.002819839,0.0039071192,0.0100639222,0.00030
19731011,0.016500,0.0049685595,-0.007053847,-0.003521693,0.00030
19731012,0.003700,0.001290395,0.0005233635,0.0034570529,0.00030
19731015,-0.011700,0.0060650926,0.0045253542,0.0001329929,0.00030
19731016,-0.000100,-0.001300823,-0.003045253,0.0017931654,0.00030
19731017,-0.002900,-0.000271596,0.0038644233,0.0013166611,0.00030
19731018,-0.000100,0.0011104791,0.0015434472,-0.000862535,0.00030
19731019,0.002000,0.0001927985,0.0020555305,0.0006470209,0.00030
19731022,-0.010700,-0.009156946,0.0090545297,0.0038445142,0.00030
19731023,0.003500,0.0015081544,0.0000820495,0.0029863343,0.00030
19731024,0.002900,-0.006452311,0.0085694017,0.0051660861,0.00030
19731025,0.001500,-0.007790853,-0.001890487,0.0002966429,0.00030
19731026,0.007200,-0.001686284,0.0055200359,0.0024345211,0.00030
19731029,-0.002600,0.0035573389,0.0008156963,0.0051184793,0.00030
19731030,-0.015200,0.000150222,0.0069078747,0.0026120484,0.00030
19731031,-0.008900,0.0025984414,-0.000856788,0.0006895125,0.00030
19731101,-0.005800,-0.002373292,0.0032679053,0.0043700763,0.00030
19731102,-0.005600,-0.003174798,-0.000558217,0.0044335553,0.00030
19731105,-0.015900,-0.002099819,0.0049118865,-0.000900407,0.00030
19731106,-0.007200,-0.004339238,0.0043175919,0.0021015992,0.00030
19731107,0.006300,-0.005090708,0.0034983163,-0.002504627,0.00030
19731108,0.010800,0.0002739516,-0.000599152,0.0014936144,0.00030
19731109,-0.014800,0.0021888596,0.0094564523,0.004279407,0.00030
19731112,-0.009600,-0.009383066,0.0068808286,0.0037424629,0.00030
19731113,-0.002900,-0.007638532,0.0053241899,0.0056848253,0.00030
19731114,-0.018800,0.0011642801,0.0065962221,-0.004104294,0.00030
19731115,-0.001200,-0.004884422,0.0037341275,-0.005334164,0.00030
19731116,0.011300,-0.003845098,0.0018021335,0.0030759129,0.00030
19731119,-0.030300,-0.003649952,0.0081458225,-0.000822204,0.00030
19731120,-0.022600,-0.012903145,0.0017931215,0.0065170457,0.00030
19731121,0.010600,-0.009956478,-0.00406918,-0.006020939,0.00030
19731123,-0.001400,0.0021373696,0.0073541267,-0.005892222,0.00030
19731126,-0.030000,-0.008159925,0.0061665417,0.0053038114,0.00030
19731127,-0.009400,-0.004461926,0.0023204953,0.0022311024,0.00030
19731128,0.019800,0.0092449141,0.0001069978,-0.002124234,0.00030
19731129,-0.003500,-0.003239865,0.0079848882,0.0028315066,0.00030
19731130,-0.013500,-0.002660216,0.0051118362,-0.00110112,0.00030
19731203,-0.020600,-0.003118694,-0.000916666,0.0002513535,0.00030
19731204,-0.004200,-0.00799772,-0.001035411,0.0053950166,0.00030
19731205,-0.017400,-0.009132992,0.000903935,0.0097588564,0.00030
19731206,0.022500,-0.010752602,-0.006714855,-0.000545903,0.00030
19731207,0.021900,0.0101519514,0.0012536496,-0.001612756,0.00030
19731210,0.015000,-0.006223958,-0.000465676,-0.002074909,0.00030
19731211,-0.018000,-0.00037034,0.0146044668,-0.00577247,0.00030
19731212,-0.026000,-0.005893061,0.0067016412,-0.000937906,0.00030
19731213,-0.014800,-0.008930893,0.0052387081,-0.001501696,0.00030
19731214,0.011200,-0.00406758,-0.002170769,-0.00199217,0.00030
19731217,-0.006600,-0.003855729,0.0071514181,-0.000165901,0.00030
19731218,0.018800,-0.004830575,-0.003923191,0.0065957915,0.00030
19731219,-0.000200,-0.001838375,0.0003969377,0.0064714578,0.00030
19731220,-0.003000,-0.003937894,0.0048755004,-0.001870873,0.00030
19731221,-0.009600,0.0004264895,-0.001152197,-0.003121807,0.00030
19731224,-0.006300,0.0049434259,0.0010121404,-0.005489493,0.00030
19731226,0.027100,-0.004386552,-0.007446436,0.0054332849,0.00030
19731227,0.019500,0.0057191702,-0.00740752,0.0015728685,0.00030
19731228,-0.001100,-0.003926004,0.0031300759,-0.004391288,0.00030
19731231,0.001900,0.0096028662,-0.006762744,-0.003983536,0.00030
19740102,0.002600,0.0193464584,-0.00365189,-0.012587993,0.00030
19740103,0.023200,0.0168532275,0.0020162413,-0.011582563,0.00030
19740104,-0.005700,0.00627348,0.0056229014,-0.013094321,0.00030
19740107,-0.005200,0.0097504693,0.0066911772,-0.007803894,0.00030
19740108,-0.017700,0.0125729314,0.0116136225,-0.000877337,0.00030
19740109,-0.027300,0.0043862009,0.0046270442,-0.00742449,0.00030
19740110,-0.010700,0.0015353989,0.0007690529,-0.002722084,0.00030
19740111,0.011600,0.0031050618,-0.002891481,0.0032918161,0.00030
19740114,-0.001400,0.0067527946,0.000168965,-0.002033751,0.00030
19740115,0.007500,-0.002723646,0.0038903438,-0.002318928,0.00030
19740116,0.014300,-0.004465473,-0.003953711,0.0002697907,0.00030
19740117,0.016600,0.0078376879,-0.00983544,0.0026774188,0.00030
19740118,-0.015500,0.0074863706,0.0002800099,-0.002115438,0.00030
19740121,-0.002700,-0.00315528,0.0001840635,0.0034595489,0.00030
19740122,0.009800,0.0013434807,0.0007742784,-0.00098204,0.00030
19740123,0.004900,0.0086929191,-0.00279012,-0.000360495,0.00030
19740124,-0.002500,0.0018466282,-0.001419242,0.0008626584,0.00030
19740125,-0.001100,0.0034822194,-0.005321523,0.0042049194,0.00030
19740128,-0.005000,-0.000555422,-0.00195564,0.0030783983,0.00030
19740129,-0.001600,-0.001812825,0.0067100169,-0.003557276,0.00030
19740130,0.010200,-0.002587206,0.0002429279,-0.001797983,0.00030
19740131,-0.004500,0.0013705398,0.0014207888,-0.003286608,0.00030
19740201,-0.012300,-0.000324433,0.0010322703,0.0007137562,0.00030
19740204,-0.019600,0.0000515085,0.0039073657,0.0014945129,0.00030
19740205,-0.004000,-0.002582589,0.0015881808,-0.001583005,0.00030
19740206,0.002900,0.000308283,-0.0008146,-0.002110572,0.00030
19740207,0.001200,-0.000266701,0.0005239401,-0.000989216,0.00030
19740208,-0.009500,0.0023401395,0.0056501708,-0.006204554,0.00030
19740211,-0.017600,0.0017681594,0.0064610592,-0.005246834,0.00030
19740212,0.000400,-0.005681774,0.0031424227,-0.001326854,0.00030
19740213,-0.000400,-0.003525694,0.0029092438,-0.000874606,0.00030
19740214,-0.000100,0.0039654048,-0.000995573,-0.002550079,0.00030
19740215,0.013000,-0.00435232,0.0041575312,0.0043079383,0.00030
19740219,-0.001300,0.0020548262,-0.001989446,-0.002607822,0.00030
19740220,0.012400,-0.004658719,0.002204097,0.0056882446,0.00030
19740221,0.012400,-0.002791949,0.0045613883,-0.000451696,0.00030
19740222,0.008100,-0.001068526,0.0048609727,0.000066869,0.00030
19740225,-0.002600,0.008140164,0.0035630977,-0.000765344,0.00030
19740226,0.009800,0.0006298768,-0.004152663,-0.000296376,0.00030
19740227,0.004900,0.0009856938,-0.007162852,0.0039159711,0.00030
19740228,-0.001400,0.0031951821,-0.003600225,-0.00255578,0.00030
19740301,-0.006100,0.0049214258,0.0038745416,-0.001248028,0.00030
19740304,0.000100,0.003498721,-0.004626945,0.0018217915,0.00030
19740305,0.017600,-0.00113408,-0.004731776,-0.000515689,0.00030
19740306,0.005600,0.0071454652,-0.004522953,-0.000392452,0.00030
19740307,-0.009400,0.0045231707,0.0014635856,-0.003996157,0.00030
19740308,0.007500,0.0000362694,-0.00272714,-0.002152722,0.00030
19740311,0.010100,-0.000756885,0.0000874768,0.0057115254,0.00030
19740312,0.001800,0.002075038,-0.000711757,0.005300626,0.00030
19740313,0.005500,0.0025499564,-0.001278978,0.001993122,0.00030
19740314,0.000400,0.0062103581,0.003168399,-0.001466682,0.00030
19740315,-0.002900,0.0025329861,0.0006862031,0.0032005562,0.00030
19740318,-0.012900,0.0051861519,0.0041010512,0.0016090809,0.00030
19740319,-0.008400,0.0022993262,-0.001330294,0.001817685,0.00030
19740320,0.002600,-0.006036389,0.0014501813,0.000487705,0.00030
19740321,-0.002300,0.0008332798,0.002611075,-0.001659876,0.00030
19740322,-0.001100,-0.000447511,0.0020052394,0.0016903397,0.00030
19740325,0.001900,-0.005665169,-0.005038678,0.0040807362,0.00030
19740326,0.002100,-0.000184336,0.0020978573,0.0012470051,0.00030
19740327,-0.013500,0.0055373012,0.0027750441,0.0013256541,0.00030
19740328,-0.018500,0.0008102118,0.0069654797,-0.002091545,0.00030
19740329,-0.008100,0.0009643425,0.0016251484,-0.001247514,0.00030
19740401,-0.007900,0.0041870559,0.0039919898,0.0022106178,0.00040
19740402,-0.000100,0.0005031174,0.00130532,-0.000010704,0.00040
19740403,0.008100,-0.006617693,-0.006752166,0.000346105,0.00040
19740404,-0.000700,-0.000216136,0.0037017816,0.0010601447,0.00040
19740405,-0.013900,0.0068811675,0.0056365887,0.0004555568,0.00040
19740408,-0.010400,0.0000978045,0.0044702729,-0.000253498,0.00040
19740409,0.004900,-0.003105972,0.0016993264,0.0046745012,0.00040
19740410,-0.002100,0.0043851708,0.0004490585,-0.002239115,0.00040
19740411,-0.002700,0.0028039733,0.0015410481,-0.000732488,0.00040
19740415,-0.001700,0.0017640589,0.0013368057,0.0031373688,0.00040
19740416,0.015600,-0.003202798,-0.004812129,0.0028149375,0.00040
19740417,0.006700,-0.00281993,-0.002178547,-0.000761061,0.00040
19740418,0.003500,-0.000741535,-0.00306463,0.001511549,0.00040
19740419,-0.010500,0.0010792358,0.0020661962,-0.002577355,0.00040
19740422,-0.004100,0.0026374596,0.003973325,0.002813429,0.00040
19740423,-0.018300,0.000914164,0.0173702733,0.0041364584,0.00040
19740424,-0.017300,-0.002450704,0.0059422062,0.0048273197,0.00040
19740425,-0.009600,-0.000382764,-0.001498427,0.0045436454,0.00040
19740426,0.005700,-0.000785094,0.002261584,0.0071953189,0.00040
19740429,-0.000800,0.000023397,-0.000416702,0.0008104785,0.00040
19740430,0.002600,-0.001278648,0.003351216,0.0031045394,0.00040
19740501,0.019500,-0.009754586,-0.010678029,0.0046282839,0.00030
19740502,-0.001000,0.0034047078,-0.006498214,0.0031503734,0.00030
19740503,-0.008400,0.0041087793,0.0025970334,0.0033924733,0.00030
19740506,-0.001600,-0.000812265,-0.002065667,0.0016321876,0.00030
19740507,0.001800,-0.002866687,-0.003961508,0.0045568686,0.00030
19740508,-0.000300,0.0026727934,-0.003773403,0.0116580219,0.00030
19740509,0.010700,-0.003503281,-0.001925335,0.0093229079,0.00030
19740510,-0.016300,0.0115640438,0.0031030342,0.0137604076,0.00030
19740513,-0.009600,-0.003001615,0.0050706437,0.0025899142,0.00030
19740514,-0.000300,-0.004278236,0.001740681,0.0063441785,0.00030
19740515,-0.002400,-0.000068369,0.0017195675,-0.001736351,0.00030
19740516,-0.006600,0.0056237163,-0.001908339,-0.007601528,0.00030
19740517,-0.017900,-0.000677164,0.0015912506,0.0044246066,0.00030
19740520,-0.004800,-0.003332709,0.0020941309,-0.002272149,0.00030
19740521,-0.000300,-0.012961744,-0.00397484,-0.001226798,0.00030
19740522,-0.010000,-0.00167943,0.0032630517,0.002101291,0.00030
19740523,0.000100,-0.010088528,-0.002909127,-0.000177796,0.00030
19740524,0.015200,0.0030561352,-0.000613352,0.0048097374,0.00030
19740528,-0.002500,-0.001814842,0.0034832203,0.0020292701,0.00030
19740529,-0.016200,0.0055072314,0.0059462353,0.0000111454,0.00030
19740530,0.005400,-0.007042077,0.0005828594,0.0011074155,0.00030
19740531,-0.001400,0.0014377429,0.0005241198,0.0003683948,0.00030
19740603,0.018600,-0.004558771,-0.000826225,0.0033509828,0.00030
19740604,0.012200,0.00351543,-0.000169162,0.0010039322,0.00030
19740605,0.002700,0.001418357,-0.000211335,0.000639015,0.00030
19740606,0.017000,-0.009625357,-0.004927569,0.0025898914,0.00030
19740607,0.006500,0.0039161884,0.003242902,-0.004107134,0.00030
19740610,0.005500,-0.001326005,0.001649013,0.0076840228,0.00030
19740611,-0.008500,0.0056873285,0.0031687278,0.0029975552,0.00030
19740612,-0.003800,-0.006802143,0.0020399147,0.009228386,0.00030
19740613,0.002100,0.0021581689,-0.005790371,0.0067255542,0.00030
19740614,-0.010300,0.0023622146,0.0013942903,0.0051766804,0.00030
19740617,-0.013600,0.0058792626,0.0056740232,0.0044134939,0.00030
19740618,-0.006900,0.0018029866,0.0045805228,0.0048840695,0.00030
19740619,-0.007500,0.0009053077,0.0017335682,0.0032517601,0.00030
19740620,-0.008300,-0.000603216,0.0060792637,0.0061516947,0.00030
19740621,-0.009600,-0.000778489,0.0000135432,0.0057685138,0.00030
19740624,0.000700,-0.003012598,0.0028066755,0.0033870261,0.00030
19740625,0.012600,-0.008286679,-0.005727312,0.0008472089,0.00030
19740626,-0.015700,0.002706642,0.0083550259,0.000129639,0.00030
19740627,-0.015400,0.0011225923,0.0060805299,0.005890553,0.00030
19740628,-0.005800,-0.002840386,-0.000473136,0.0006670747,0.00030
19740701,-0.001800,-0.00346075,-0.000847898,0.0003946968,0.00030
19740702,-0.021300,0.0020156107,0.0088806953,-0.005504459,0.00030
19740703,-0.001600,-0.003834896,0.0032907789,-0.006804377,0.00030
19740705,-0.005700,0.0008659981,0.0023396488,-0.009170513,0.00030
19740708,-0.032000,0.0043030543,0.0162516238,0.0004906075,0.00030
19740709,0.002400,-0.007270484,-0.002330071,0.0035271199,0.00030
19740710,-0.017500,0.0070595991,0.0094959216,-0.002803365,0.00030
19740711,-0.001400,-0.004730734,-0.001266228,-0.001822903,0.00030
19740712,0.040100,-0.007308768,-0.014732356,-0.000051275,0.00030
19740715,0.007900,0.0058202839,-0.001662863,-0.00156095,0.00030
19740716,-0.010400,0.0026283201,0.0003015947,-0.007684855,0.00030
19740717,0.010800,-0.001939564,-0.001991483,0.0023005103,0.00030
19740718,0.001800,0.0112746966,0.0021951707,-0.003744246,0.00030
19740719,-0.001100,0.0046492014,0.004537067,-0.001958107,0.00030
19740722,0.002900,-0.001553936,-0.002706881,0.000276469,0.00030
19740723,0.010300,-0.000303333,-0.002846215,-0.006683087,0.00030
19740724,0.003600,-0.000953033,0.0042379349,-0.007674264,0.00030
19740725,-0.012000,0.0056646912,0.0057030744,0.0021174005,0.00030
19740726,-0.017300,0.0130818261,0.0077405116,-0.001767645,0.00030
19740729,-0.018000,0.0050321179,0.001286284,0.0053708862,0.00030
19740730,-0.005600,-0.0016565,-0.00115909,-0.001011149,0.00030
19740731,-0.015100,0.0080070754,0.0053510979,0.003409047,0.00030
19740801,-0.006600,-0.000942947,0.0046062954,-0.004069098,0.00030
19740802,-0.002500,0.0003257279,0.0060345498,-0.003718739,0.00030
19740805,0.008700,-0.006970825,-0.002153908,-0.004735896,0.00030
19740806,0.015500,-0.003155176,-0.003322506,0.002206394,0.00030
19740807,0.024700,-0.005067567,-0.001572052,0.0047986493,0.00030
19740808,-0.012100,0.0115452085,0.0030887188,-0.000678867,0.00030
19740809,-0.006600,0.0071648972,0.0020042295,-0.002484503,0.00030
19740812,-0.011700,0.0067561099,-0.002547133,-0.00169729,0.00030
19740813,-0.016600,0.0021375885,0.0109271267,0.0024779442,0.00030
19740814,-0.021900,0.0087755464,0.010301892,0.0022037129,0.00030
19740815,-0.005800,0.0011133343,0.0024554957,0.0029548328,0.00030
19740816,-0.008500,0.004027988,0.0029483819,0.0038456966,0.00030
19740819,-0.014400,-0.000997246,0.0051987326,-0.005031356,0.00030
19740820,0.003900,-0.000168966,-0.001362056,-0.00188939,0.00030
19740821,-0.017800,0.0048300087,0.0117550154,-0.002596057,0.00030
19740822,-0.011100,-0.004809181,0.0094200441,0.0035324773,0.00030
19740823,-0.016200,-0.000048116,0.0037828787,0.0026782807,0.00030
19740826,0.007000,-0.0071654,-0.008982226,0.000569535,0.00030
19740827,-0.015900,0.0010628618,0.0020316235,-0.004135661,0.00030
19740828,-0.003300,-0.003506941,-0.006710812,0.0050030599,0.00030
19740829,-0.012600,-0.003102291,-0.0000586,0.0077678092,0.00030
19740830,0.028000,-0.008858323,-0.007543229,-0.00140787,0.00030
19740903,-0.021800,0.0079254318,0.006249883,-0.001300545,0.00040
19740904,-0.026900,-0.001776925,0.0087596013,0.0075605094,0.00040
19740905,0.029000,-0.02130441,-0.008147679,-0.00004284,0.00040
19740906,0.007400,0.0026040876,0.007003271,-0.002717361,0.00040
19740909,-0.022800,0.0105634195,0.0082139476,-0.000508936,0.00040
19740910,-0.007900,-0.00498409,0.0061603221,-0.000477674,0.00040
19740911,-0.008900,0.0017470679,0.0039677146,-0.004440761,0.00040
19740912,-0.025600,-0.001830063,0.0132622891,-0.003704335,0.00040
19740913,-0.022400,0.0005313624,0.0122305477,-0.001009677,0.00040
19740916,0.014100,-0.017748003,-0.010044918,-0.002941562,0.00040
19740917,0.016300,0.0019427164,-0.000665482,-0.007560566,0.00040
19740918,0.003600,-0.004382772,0.0032460808,-0.000169798,0.00040
19740919,0.033400,-0.010759996,-0.006264199,-0.004314629,0.00040
19740920,0.003100,0.0122854626,-0.004232136,-0.01561828,0.00040
19740923,-0.007900,0.0166762844,-0.002937601,-0.00998992,0.00040
19740924,-0.018400,0.0083971508,0.0023644649,0.0014865063,0.00040
19740925,-0.004100,0.0142713267,0.0023733885,-0.003878802,0.00040
19740926,-0.016400,0.0045597596,0.0086442007,0.0011035315,0.00040
19740927,-0.021100,0.0060924692,0.0113554635,-0.003652713,0.00040
19740930,-0.023700,0.0037647232,0.0074650331,0.0045859218,0.00040
19741001,-0.002300,-0.000820223,-0.000335263,0.0008943124,0.00020
19741002,0.000600,0.0042143988,-0.001836682,-0.007172051,0.00020
19741003,-0.016800,0.0077628142,0.0023813332,-0.002209557,0.00020
19741004,0.000600,-0.006473257,0.006163041,-0.001677181,0.00020
19741007,0.037700,-0.017441598,-0.006785065,-0.00083536,0.00020
19741008,-0.001200,0.0070060478,0.0053907137,-0.004186335,0.00020
19741009,0.042300,-0.016992858,-0.006531536,-0.002628477,0.00020
19741010,0.029500,-0.00351867,-0.019444658,-0.003348494,0.00020
19741011,0.020100,-0.002794974,-0.01711308,-0.009062871,0.00020
19741014,0.022800,-0.003144719,-0.01532,-0.003245004,0.00020
19741015,-0.016300,0.0101483007,0.0108524585,0.0027343825,0.00020
19741016,-0.014100,0.0035986952,-0.006968006,-0.00580184,0.00020
19741017,0.010700,-0.000127893,-0.003321778,0.0064158286,0.00020
19741018,0.013800,-0.008035971,-0.002955544,-0.002135142,0.00020
19741021,0.016900,-0.006568638,-0.007417885,0.0012090974,0.00020
19741022,-0.003100,0.0094633097,0.006593696,0.0050427336,0.00020
19741023,-0.025300,0.0145943217,0.0078901398,0.0022895126,0.00020
19741024,-0.012000,0.0014758021,0.0003136617,0.0043154697,0.00020
19741025,-0.000500,0.000264024,0.0002382333,-0.004840213,0.00020
19741028,-0.000900,-0.001037275,0.0009300652,0.0054281163,0.00020
19741029,0.034300,-0.020571331,0.0017666064,0.0120608508,0.00020
19741030,0.019400,-0.010992781,-0.012013127,0.0039281979,0.00020
19741031,-0.003200,-0.000437968,-0.002945521,-0.003412826,0.00020
19741101,-0.000300,0.0030338337,-0.00144387,-0.001600088,0.00030
19741104,-0.009400,0.0006979362,0.0094406476,0.0031488504,0.00030
19741105,0.025600,-0.012056457,-0.014934271,-0.006777744,0.00030
19741106,-0.001200,-0.002695431,0.0066829564,-0.005450102,0.00030
19741107,0.007400,0.0002397292,-0.004989511,-0.003809655,0.00030
19741108,-0.002100,0.0094892154,0.0044818944,-0.000128791,0.00030
19741111,0.003200,0.0026459523,0.0026589291,-0.005708085,0.00030
19741112,-0.019500,0.0058920565,0.0115458027,0.0100017585,0.00030
19741113,-0.004900,0.0012477307,0.0018814737,0.0009422345,0.00030
19741114,-0.002900,0.0003820788,0.0064137079,-0.001477798,0.00030
19741115,-0.014400,0.0101438862,0.0022000555,-0.006741887,0.00030
19741118,-0.035700,0.0105166675,0.0112630525,0.0033058807,0.00030
19741119,-0.016500,-0.003060957,0.0036419337,-0.00225947,0.00030
19741120,-0.004400,-0.001345715,-0.001389412,0.0015696443,0.00030
19741121,0.004900,-0.003146373,-0.012825434,0.000686364,0.00030
19741122,0.010700,-0.007784558,-0.001292804,-0.003259783,0.00030
19741125,-0.001000,-0.002146106,-0.000452034,0.0064066088,0.00030
19741126,0.009500,-0.005507,-0.005649493,-0.002876,0.00030
19741127,0.006000,-0.001656746,0.0021520487,0.0024082486,0.00030
19741129,0.000700,-0.003417399,0.0008302812,0.0005196249,0.00030
19741202,-0.025100,0.0077883795,0.0079056815,-0.002045586,0.00030
19741203,-0.014800,-0.001916631,0.0078673148,0.0012426554,0.00030
19741204,0.001900,-0.004651609,0.0006540058,-0.00112082,0.00030
19741205,-0.019400,0.0045817952,0.0105087884,0.0035147127,0.00030
19741206,-0.017500,0.0003085379,0.0050136332,0.0001613104,0.00030
19741209,0.005300,-0.017569786,-0.002830202,0.0041148954,0.00030
19741210,0.022700,-0.013594594,-0.004536408,0.0019092307,0.00030
19741211,0.006400,0.0016339387,0.0023879627,-0.001055356,0.00030
19741212,-0.004100,-0.003819914,0.0060484038,0.0008357624,0.00030
19741213,-0.005800,0.0037967785,0.0108455521,-0.005953824,0.00030
19741216,-0.009200,0.005755791,0.0032143807,0.0031919999,0.00030
19741217,0.013300,-0.014837686,0.003287427,0.0070925301,0.00030
19741218,0.004600,0.0009275921,-0.000339427,0.0035236316,0.00030
19741219,-0.003700,-0.003321012,-0.002085324,-0.002091551,0.00030
19741220,-0.011600,0.0048565399,0.0042272096,0.0051547121,0.00030
19741223,-0.014700,0.0009647583,-0.000814856,0.003056408,0.00030
19741224,0.013000,-0.008154193,-0.002677989,-0.004440729,0.00030
19741226,0.008700,-0.002959205,0.0011064529,-0.008005797,0.00030
19741227,-0.004200,0.0050046316,0.0050357658,-0.001918359,0.00030
19741230,-0.000700,-0.005755421,0.0013845188,0.0037058782,0.00030
19741231,0.021700,0.00177752,-0.00882798,-0.011729303,0.00030
19750102,0.024800,0.0048705559,-0.005315587,-0.025019187,0.00030
19750103,0.008000,0.0082799212,-0.000924173,-0.015737825,0.00030
19750106,0.007800,0.0124538128,0.0048857752,-0.012357437,0.00030
19750107,0.000000,0.0046477533,0.0063749906,-0.005481098,0.00030
19750108,-0.011600,0.0120020049,0.0089577425,-0.006240682,0.00030
19750109,0.016000,-0.00667586,-0.005236293,-0.013274794,0.00030
19750110,0.021300,0.0018689329,0.0035217464,-0.011905659,0.00030
19750113,-0.003500,0.0146355227,0.011772934,-0.002375855,0.00030
19750114,-0.007800,0.0086661489,0.0014050928,0.0008844882,0.00030
19750115,0.006700,-0.006441544,-0.002046975,-0.008784918,0.00030
19750116,0.001300,0.0081176516,-0.001001301,-0.00812713,0.00030
19750117,-0.012400,0.0120586981,0.0053295513,-0.004025547,0.00030
19750120,0.000000,-0.001181829,0.0035590144,0.0030998101,0.00030
19750121,-0.004400,0.0063088665,0.006616652,-0.001186922,0.00030
19750122,0.010800,-0.005500748,-0.004045108,0.0048928498,0.00030
19750123,0.005100,0.0078618166,-0.004149797,0.0010222975,0.00030
19750124,0.012500,0.0008208743,-0.003423203,-0.004402688,0.00030
19750127,0.032100,-0.001585496,-0.007757887,0.0002858742,0.00030
19750128,0.008600,0.0082859661,-0.002043152,0.0111084832,0.00030
19750129,0.015500,-0.004770943,-0.004148447,0.0050643576,0.00030
19750130,-0.011300,0.0096800065,-0.003286407,0.0003371496,0.00030
19750131,0.009800,-0.000360547,-0.009063952,0.0028489149,0.00030
19750203,0.012400,0.0047932788,0.0000470287,0.0023010155,0.00020
19750204,-0.003200,-0.001045115,-0.002259895,0.006206892,0.00020
19750205,0.016300,-0.005119721,-0.007965433,0.0026095864,0.00020
19750206,-0.001300,0.0092619985,-0.004187639,-0.002080902,0.00020
19750207,-0.000300,-0.003867559,0.0011828354,0.0026193683,0.00020
19750210,-0.003100,0.0017563892,-0.00046936,0.0058514503,0.00020
19750211,0.001700,-0.004078097,-0.002728944,0.0006134815,0.00020
19750212,0.015700,-0.009533554,-0.010431613,0.0028899721,0.00020
19750213,0.013200,0.002386996,-0.000523213,0.0077830469,0.00020
19750214,0.005100,0.0007277853,-0.006830129,0.010835063,0.00020
19750218,-0.006800,0.0054924021,0.0055572633,0.0052964287,0.00020
19750219,0.004700,-0.007631611,-0.003219004,0.0044020581,0.00020
19750220,0.009300,-0.003117112,0.0002420672,0.0008764438,0.00020
19750221,0.004400,-0.001919305,0.0037983231,0.0011650766,0.00020
19750224,-0.012800,0.0060267973,0.0014443859,-0.000712422,0.00020
19750225,-0.022500,0.0046764937,0.0041699159,0.0039169671,0.00020
19750226,0.008500,0.0003400106,-0.001890806,0.0074239656,0.00020
19750227,0.005100,-0.000628729,-0.001796483,-0.008940717,0.00020
19750228,0.008600,-0.003430794,0.0036469722,-0.000347168,0.00020
19750303,0.017100,-0.003249176,-0.005393608,-0.000931455,0.00020
19750304,0.006800,0.0004008588,-0.002239438,0.0077011045,0.00020
19750305,-0.007500,0.004449771,-0.001307603,0.0027382773,0.00020
19750306,0.008900,-0.00067076,-0.002444168,0.0032989735,0.00020
19750307,0.007500,0.0056599903,-0.003175439,0.0030883382,0.00020
19750310,0.007400,0.005788254,0.0024416888,0.0043026079,0.00020
19750311,-0.005300,0.0098433236,0.0106276084,0.0046464129,0.00020
19750312,-0.009000,0.0006288163,0.0024092522,-0.002143971,0.00020
19750313,0.002700,0.0060039151,-0.009756698,0.0021566676,0.00020
19750314,0.013600,0.0012212255,-0.007132393,-0.004116696,0.00020
19750317,0.013600,-0.001104047,-0.002519609,0.0017856704,0.00020
19750318,-0.009000,-0.002480818,-0.002718187,-0.000588256,0.00020
19750319,-0.008900,0.0035678426,-0.003607607,-0.003534665,0.00020
19750320,-0.006800,0.0084047626,0.0022167552,-0.003278862,0.00020
19750321,-0.002100,0.000540695,0.0026496594,-0.00033337,0.00020
19750324,-0.023000,-0.001465767,0.0080552878,0.0011583413,0.00020
19750325,0.005800,-0.00357722,-0.00727823,0.0062626608,0.00020
19750326,0.017600,-0.000944466,-0.005512104,0.0028952942,0.00020
19750327,0.003400,0.0021673219,-0.002567894,-0.000092175,0.00020
19750331,-0.005600,0.0059121322,0.0032819107,0.0012450186,0.00020
19750401,-0.008100,-0.000462416,-0.000653697,-0.00153982,0.00020
19750402,-0.002300,0.0032570266,-0.002483062,-0.00105412,0.00020
19750403,-0.010300,0.0050771896,-0.002085187,0.0015012191,0.00020
19750404,-0.005900,0.0049411179,-0.001663998,-0.00082123,0.00020
19750407,-0.006800,-0.001243467,-0.000075129,0.0013534438,0.00020
19750408,0.005800,-0.003981793,0.0039777733,0.0033011593,0.00020
19750409,0.020000,-0.008392979,-0.004984639,0.0030078723,0.00020
19750410,0.010200,-0.000991328,0.0006164534,0.0051418962,0.00020
19750411,0.005800,0.0017960745,0.0004019719,0.0017279293,0.00020
19750414,0.015500,-0.000931862,-0.002553421,0.0026997143,0.00020
19750415,0.006600,-0.002523286,0.0025261237,0.0038583669,0.00020
19750416,0.003900,0.0027702753,-0.009637367,0.0010076371,0.00020
19750417,0.007300,0.0014342616,-0.003552917,-0.001631017,0.00020
19750418,-0.009000,0.0104252266,-0.003580526,-0.006297953,0.00020
19750421,0.010800,0.0014087138,-0.003978106,-0.002212192,0.00020
19750422,-0.002700,0.0007284413,0.0087651027,0.0040504058,0.00020
19750423,-0.010400,-0.00027451,0.00278214,0.0005566583,0.00020
19750424,-0.000200,0.0019116935,0.0019752666,0.0019986625,0.00020
19750425,0.007000,0.00312358,0.0024454209,0.0050984132,0.00020
19750428,-0.003800,0.0021244673,0.0023186763,0.0014146461,0.00020
19750429,-0.007700,-0.003170941,0.0004714346,0.0028982006,0.00020
19750430,0.016500,-0.012624828,-0.00452569,0.0041539543,0.00020
19750501,0.008600,-0.004351639,-0.001407079,0.0023233093,0.00020
19750502,0.012400,-0.004849167,0.0004284774,-0.00243003,0.00020
19750505,0.009700,-0.000271954,-0.001902563,-0.000982054,0.00020
19750506,-0.012800,0.0023304421,-0.001004022,-0.005498103,0.00020
19750507,0.004700,0.0025339427,-0.002469166,0.0024874282,0.00020
19750508,0.007300,0.0029568277,0.003401511,-0.005209247,0.00020
19750509,0.011500,-0.001928375,0.0008782654,-0.000653662,0.00020
19750512,0.000500,0.0032989151,-0.004654965,0.0027440422,0.00020
19750513,0.008100,-0.004424275,0.0016237232,0.0021467484,0.00020
19750514,0.007400,-0.003070564,0.0014964043,0.0010165139,0.00020
19750515,-0.007600,-0.000118656,-0.002325077,-0.000530696,0.00020
19750516,-0.009400,0.0099271355,0.001253723,-0.001043999,0.00020
19750519,0.000700,0.0041277378,-0.000116459,0.0025925723,0.00020
19750520,-0.004100,0.0059898313,-0.005246075,-0.000237237,0.00020
19750521,-0.011300,0.0015935556,-0.000352653,0.0014631474,0.00020
19750522,0.003900,-0.000235381,-0.004853294,0.0022558137,0.00020
19750523,0.012900,-0.00351315,-0.003061898,0.0025752315,0.00020
19750527,-0.001000,0.0014871581,-0.003501715,-0.001271041,0.00020
19750528,-0.006600,0.0007649507,-0.002436005,0.0027092994,0.00020
19750529,0.000100,0.0000997376,-0.002930348,-0.000816254,0.00020
19750530,0.016200,-0.002375176,-0.000675767,0.0018095068,0.00020
19750602,0.014200,-0.002458264,-0.004643714,0.0073494437,0.00020
19750603,0.003300,-0.001933743,-0.002090083,-0.004794206,0.00020
19750604,-0.001900,0.0022504616,-0.001066087,-0.003819499,0.00020
19750605,0.001100,0.0012790674,0.0029879164,0.0009535098,0.00020
19750606,-0.001100,0.0004256796,0.0032475334,-0.005896159,0.00020
19750609,-0.012400,0.0051413698,0.0053962254,-0.005635868,0.00020
19750610,-0.008400,0.0016405263,-0.000938113,-0.000968635,0.00020
19750611,0.001200,0.0020121533,0.0032883776,-0.000710281,0.00020
19750612,-0.005100,0.0016693929,0.0064312328,-0.004347109,0.00020
19750613,0.004800,-0.001474627,-0.000636624,-0.003455183,0.00020
19750616,0.009600,-0.005710127,-0.000226652,-0.005310194,0.00020
19750617,-0.008400,0.0007983988,0.0054956154,-0.009660548,0.00020
19750618,-0.002000,-0.001257013,0.0001830309,-0.002351371,0.00020
19750619,0.017800,-0.003022125,0.0009434314,-0.000393252,0.00020
19750620,0.006800,-0.001211619,0.0007759933,-0.000583198,0.00020
19750623,0.010800,-0.001154351,-0.002746765,0.0055910417,0.00020
19750624,0.006500,0.0006208093,-0.000722932,-0.003868054,0.00020
19750625,0.004200,0.0031205755,-0.000420658,0.0027488933,0.00020
19750626,0.002200,0.002909645,0.0046703389,-0.003094106,0.00020
19750627,0.000200,0.0030218839,-0.000289876,-0.000134124,0.00020
19750630,0.004700,0.0016562823,0.0001798723,-0.000237403,0.00020
19750701,-0.004100,-0.000330678,0.0028853577,-0.001628004,0.00020
19750702,-0.007900,0.0031280039,0.0031010666,0.0022105499,0.00020
19750703,0.003500,0.0057262642,-0.004448678,0.0012461511,0.00020
19750707,-0.008200,0.0034936242,0.004818634,-0.004004585,0.00020
19750708,-0.001800,0.0056534645,0.0044116473,0.0002687698,0.00020
19750709,0.015200,0.0052666622,-0.002810569,0.0005449354,0.00020
19750710,0.000600,0.0019846905,0.0054064765,0.0006147617,0.00020
19750711,-0.000200,0.0063485991,0.0040624544,0.0018058582,0.00020
19750714,0.005500,0.0033836752,0.0015444159,0.004493355,0.00020
19750715,0.004500,0.0013891272,0.0044082243,-0.003622475,0.00020
19750716,-0.009900,0.0004331747,-0.000701527,-0.002734007,0.00020
19750717,-0.009000,0.0041376584,0.0000737882,-0.003488969,0.00020
19750718,-0.003500,0.0031783084,-0.002013196,0.0016894658,0.00020
19750721,-0.007200,0.0007480286,0.0002626911,-0.002616847,0.00020
19750722,-0.011400,-0.001973097,-0.000925641,0.0014133726,0.00020
19750723,-0.014600,-0.004290789,0.0048980546,-0.000303638,0.00020
19750724,-0.003600,-0.004964635,0.0033852819,0.0026321045,0.00020
19750725,-0.008200,0.0042414009,0.0009890768,-0.000040874,0.00020
19750728,-0.007400,-0.003486975,-0.001283411,-0.000740034,0.00020
19750729,-0.006500,-0.001712441,0.0032772797,-0.001174628,0.00020
19750730,0.006900,-0.003482029,-0.000273241,0.0018991911,0.00020
19750731,-0.000100,0.0033041024,0.0016597858,-0.003875755,0.00020
19750801,-0.009800,-0.000914553,0.0033519856,-0.001293759,0.00020
19750804,-0.009800,-0.001346228,0.0037075374,-0.000554339,0.00020
19750805,-0.011300,-0.003262308,0.0019272067,-0.004453732,0.00020
19750806,-0.000100,-0.00334028,-0.003184665,0.0004461105,0.00020
19750807,-0.000500,-0.004079736,0.0003299585,-0.000165301,0.00020
19750808,-0.003500,-0.004048602,0.0016672989,-0.002046239,0.00020
19750811,0.004700,-0.006076123,-0.004552817,0.0071290478,0.00020
19750812,0.006500,0.0006299343,0.0014042112,0.0034959392,0.00020
19750813,-0.012200,0.0010872724,0.0071206478,-0.004239941,0.00020
19750814,-0.005800,-0.000999087,-0.000333949,0.0041392871,0.00020
19750815,0.007400,0.000525521,-0.003011629,0.0048061294,0.00020
19750818,-0.002200,0.002487955,0.0018257791,-0.001750119,0.00020
19750819,-0.015700,-0.001283459,0.0060917407,0.0001591937,0.00020
19750820,-0.020300,0.0010511065,0.0040811485,-0.001173556,0.00020
19750821,-0.001200,-0.005639669,-0.002193699,0.0003875722,0.00020
19750822,0.013900,-0.001690438,-0.001659967,0.0019983127,0.00020
19750825,0.009500,-0.003449301,-0.000504247,-0.002914483,0.00020
19750826,-0.011800,0.0016998989,0.0065245128,-0.001647148,0.00020
19750827,0.004800,-0.004217476,-0.005424364,0.0030647989,0.00020
19750828,0.022600,0.0004130066,-0.005861995,0.0086830322,0.00020
19750829,0.007200,0.0042233485,-0.000566192,0.0050590476,0.00020
19750902,-0.015600,0.0028363405,0.0042108378,0.0008875231,0.00030
19750903,0.004700,-0.004066287,-0.001221144,0.0061857779,0.00030
19750904,0.001600,-0.000163641,-0.000780802,0.002152169,0.00030
19750905,-0.006400,0.0030513583,0.0023181426,-0.001483211,0.00030
19750908,0.001500,-0.001688213,-0.000754999,0.0003193083,0.00030
19750909,-0.013600,0.005389137,0.0052876573,-0.006023634,0.00030
19750910,-0.011700,-0.005644246,-0.001037643,0.0002583912,0.00030
19750911,-0.003900,0.00500622,-0.000179347,0.0028961242,0.00030
19750912,-0.002400,0.0017083948,-0.001356322,0.004707091,0.00030
19750915,-0.005500,-0.000401572,-0.001161985,-0.000205322,0.00030
19750916,-0.009500,-0.000958079,-0.002217412,-0.001726666,0.00030
19750917,0.001900,-0.005583191,-0.001865553,0.0022914211,0.00030
19750918,0.018300,-0.004999505,0.0016658503,0.0052220146,0.00030
19750919,0.022200,-0.002251369,-0.004380677,0.0031035971,0.00030
19750922,-0.008400,0.0024116213,0.0031276859,0.0013706274,0.00030
19750923,-0.001500,-0.001434708,-0.000821074,0.0062440899,0.00030
19750924,0.009500,0.0002700054,0.0029287051,0.0006030385,0.00030
19750925,-0.001800,-0.001167123,-0.001405312,0.0012135793,0.00030
19750926,0.005100,-0.001056651,-0.00292663,0.0029867088,0.00030
19750929,-0.012400,0.002189975,0.0038789922,0.0005911399,0.00030
19750930,-0.014200,-0.001063699,0.0020788931,-0.001416105,0.00030
19751001,-0.011600,-0.002374705,0.0040543627,-0.004093928,0.00020
19751002,0.008900,-0.005956257,-0.005248995,0.0059115735,0.00020
19751003,0.023800,-0.007611862,-0.006011423,0.003445054,0.00020
19751006,0.010200,-0.000152524,-0.001230286,0.0082236178,0.00020
19751007,-0.001500,0.0004963997,0.0024011141,-0.000718235,0.00020
19751008,0.012100,-0.003712238,-0.000666714,0.0085433483,0.00020
19751009,0.004500,-0.007017947,-0.001762469,0.0007408687,0.00020
19751010,-0.001000,0.0007795156,-0.00254317,-0.003763551,0.00020
19751013,0.013400,-0.001166791,0.0000669145,0.002636905,0.00020
19751014,-0.000400,0.003313276,0.0044399483,-0.003819161,0.00020
19751015,-0.000700,0.0003307965,0.001614606,-0.000709226,0.00020
19751016,0.001700,0.0005418283,0.0061630657,-0.002112386,0.00020
19751017,-0.006000,-0.001605042,0.001372162,-0.000403053,0.00020
19751020,0.009400,-0.007361953,-0.001474616,0.0063604086,0.00020
19751021,0.007800,-0.003901528,0.0041354163,-0.001595256,0.00020
19751022,0.001800,-0.000124644,0.002543769,-0.002685943,0.00020
19751023,0.004900,-0.000520015,0.0017888786,0.0022728298,0.00020
19751024,-0.013300,0.0088463406,0.0007870117,-0.00422488,0.00020
19751027,-0.001100,0.0010263154,-0.003717312,0.0062419629,0.00020
19751028,0.007700,-0.001404478,0.0036255222,0.001370874,0.00020
19751029,-0.013400,-0.001738074,-0.000254397,-0.000858865,0.00020
19751030,-0.001800,-1.091673E-6,0.0017103124,0.0018449722,0.00020
19751031,-0.002600,0.0030290647,0.0014737101,-0.002659127,0.00020
19751103,-0.009400,0.0050220012,0.0014659762,-0.003554147,0.00020
19751104,0.004100,-0.001038418,0.0001832614,0.0008486414,0.00020
19751105,0.008300,0.00013685,0.0051522002,0.0015757479,0.00020
19751106,0.004300,-0.001309872,0.0017119374,0.0016550453,0.00020
19751107,-0.001600,0.0015763028,0.0023924808,-0.000894565,0.00020
19751110,0.000000,-0.001747201,0.0005494705,0.001057066,0.00020
19751111,0.006000,-0.004720458,0.0017290961,0.0007601545,0.00020
19751112,0.014700,0.0005274382,-0.000737892,0.0026337686,0.00020
19751113,-0.000500,0.0023897047,-0.002700499,-0.00327393,0.00020
19751114,-0.001200,0.0015257934,-0.000307718,0.0034183034,0.00020
19751117,0.004900,-0.004015812,-0.003205374,0.001963292,0.00020
19751118,-0.005200,-0.001223121,0.0044522094,-0.001617927,0.00020
19751119,-0.010900,0.0037550037,0.0006332194,0.0010423121,0.00020
19751120,-0.004100,0.0062557732,0.0029151443,0.0014298128,0.00020
19751121,-0.000600,0.0015868211,0.0003762512,-0.003649455,0.00020
19751124,0.002800,-0.001642198,-0.001805286,0.004561672,0.00020
19751125,0.009300,-0.005927928,-0.002594737,0.0039543867,0.00020
19751126,0.003000,-0.000759551,-0.000504181,-0.001074987,0.00020
19751128,0.002700,-0.000664381,0.0019277162,-0.000705305,0.00020
19751201,-0.005900,0.0021840422,0.0019714478,-0.000408809,0.00020
19751202,-0.015500,-0.00196579,0.0010475568,-0.005954859,0.00020
19751203,-0.020700,-0.001364627,-0.000337592,-0.003912726,0.00020
19751204,0.001300,-0.00416115,0.002658144,0.0027788083,0.00020
19751205,-0.010700,0.0068642483,0.0022505631,-0.000262009,0.00020
19751208,0.001400,-0.007584379,-0.003017173,0.0006834566,0.00020
19751209,0.000900,-0.005803584,-0.000747022,0.0019514326,0.00020
19751210,0.009000,-0.001069763,0.0002630031,-0.001147362,0.00020
19751211,-0.002500,0.0038502387,0.0058068209,0.0007423889,0.00020
19751212,-0.000800,-0.001331604,0.0019914993,-0.002953042,0.00020
19751215,0.002000,-0.006233437,0.0004820649,0.0000459538,0.00020
19751216,0.009400,0.0009068941,-0.000668876,0.0032594862,0.00020
19751217,0.002900,0.0026029759,-0.000034439,-0.003921832,0.00020
19751218,0.003500,0.000578122,0.0006453171,-0.005184364,0.00020
19751219,-0.006500,0.0064800952,0.0004104029,-0.003696666,0.00020
19751222,-0.007300,0.0023308453,0.0027685879,-0.000616364,0.00020
19751223,0.005900,-0.00150972,0.0019127018,0.0001417926,0.00020
19751224,0.008200,0.004626397,-0.003278959,-0.003910337,0.00020
19751226,0.009000,-0.000758912,0.0012106717,-0.002833641,0.00020
19751229,-0.001600,0.0018878963,0.0004602432,0.0013342822,0.00020
19751230,-0.003700,0.0011774351,-0.000296626,-0.000760962,0.00020
19751231,0.006200,0.0089332409,-0.00018106,-0.006336512,0.00020
19760102,0.007900,0.0044243973,-0.000196688,-0.006271624,0.00020
19760105,0.017800,0.0008118132,-0.000640755,-0.001851524,0.00020
19760106,0.011900,0.0048463657,0.0052457222,-0.000567226,0.00020
19760107,0.005300,-0.002257453,-0.00291864,0.0039699931,0.00020
19760108,0.006800,0.0033444426,0.0017449329,0.0000116917,0.00020
19760109,0.004300,0.0038418452,0.0033801898,0.0000953431,0.00020
19760112,0.013000,0.0037202779,0.0024093013,0.0091131302,0.00020
19760113,-0.007200,0.0027741714,0.0023906344,-0.002315893,0.00020
19760114,0.015800,0.0064463024,-0.000053865,0.0028963111,0.00020
19760115,-0.004500,0.0060757069,0.0042801065,-0.002031316,0.00020
19760116,0.004400,0.0052211022,0.0022975217,-0.000188786,0.00020
19760119,0.012100,0.0055319218,0.0103062099,0.0062123767,0.00020
19760120,0.004900,-0.001670302,0.0051394427,0.001868582,0.00020
19760121,-0.004900,0.0054541854,0.0037807704,0.0003132298,0.00020
19760122,-0.001900,0.0089751054,-0.001045257,0.0037614535,0.00020
19760123,0.011500,0.0072340161,-0.001676802,0.0026039501,0.00020
19760126,0.004100,0.0015312299,-0.004503336,-0.000045607,0.00020
19760127,-0.005300,0.0072846718,-0.001921029,-0.006183502,0.00020
19760128,-0.004600,0.0006510629,0.0006123208,-0.001466725,0.00020
19760129,0.016700,0.000810635,-0.003001139,0.0011020736,0.00020
19760130,0.007300,-0.000448799,-0.001510782,-0.002060335,0.00020
19760202,0.001400,0.0071843023,-0.000392838,-0.003672976,0.00020
19760203,0.004200,0.0039249767,0.001983772,-0.003486901,0.00020
19760204,0.008700,0.0070420924,-0.004834426,-0.004416022,0.00020
19760205,-0.013100,0.0025046589,0.0030543445,-0.003022375,0.00020
19760206,-0.008500,0.0018359156,-0.000896455,0.0020993776,0.00020
19760209,0.002700,0.0077573344,0.0049888886,-0.000862178,0.00020
19760210,0.007900,0.002521563,0.0058696706,0.0027415378,0.00020
19760211,0.004300,0.0037131373,-0.00044569,-0.001190635,0.00020
19760212,-0.003600,0.0088265055,0.0004510835,0.00139838,0.00020
19760213,-0.004100,0.0052144389,0.00091454,0.0014429702,0.00020
19760217,-0.005200,0.0047428094,0.0043229746,-0.001582605,0.00020
19760218,0.007900,0.0065771743,0.0053911012,0.0029870437,0.00020
19760219,0.015900,0.0026382861,0.005479659,-0.001647557,0.00020
19760220,0.006700,-0.00002107,0.0025281302,0.0017658391,0.00020
19760223,-0.003000,0.0003458299,0.0016474484,-0.005267925,0.00020
19760224,0.004900,-0.000165466,0.0086838835,0.0018314219,0.00020
19760225,-0.001600,0.0022026025,0.0049798963,-0.002624729,0.00020
19760226,-0.014800,0.0000766694,0.0015390006,-0.000988842,0.00020
19760227,-0.006800,-0.003252615,-0.002889699,0.0026279327,0.00020
19760301,0.003200,0.0010838019,0.0018726589,0.0027688083,0.00020
19760302,0.005800,0.0067113266,0.0025629097,0.0041017095,0.00020
19760303,-0.005600,0.0059692458,0.0012616163,0.003034907,0.00020
19760304,-0.009600,0.0005411203,-0.000680266,0.001534349,0.00020
19760305,0.001200,0.000072762,0.0003597537,0.0014608816,0.00020
19760308,0.010100,0.0019675833,0.0047183979,0.0053511537,0.00020
19760309,0.002700,-0.00546423,0.0016659949,-0.001624094,0.00020
19760310,0.003500,-0.001907599,0.0008843661,0.0025156436,0.00020
19760311,0.008300,-0.001679412,0.0047442644,0.0017565244,0.00020
19760312,-0.008700,-0.002594368,-0.003525229,-0.005461509,0.00020
19760315,-0.011200,-0.00175676,-0.003394786,0.0009133791,0.00020
19760316,0.009800,-0.003856157,0.0012885717,-0.000045,0.00020
19760317,-0.000300,0.0036796234,0.0016005734,-0.004717641,0.00020
19760318,-0.004100,-0.002006483,-0.003242479,-0.005814684,0.00020
19760319,0.001000,-0.001681087,-0.000044593,-0.000999062,0.00020
19760322,0.000600,-0.00026622,0.0011687456,-0.001007196,0.00020
19760323,0.013000,-0.010851343,-0.003718461,0.001540893,0.00020
19760324,0.010300,-0.006614581,-0.000895162,0.003749562,0.00020
19760325,-0.005500,-0.001527035,-0.00015502,-0.004219699,0.00020
19760326,0.001000,0.0038140376,0.0015109117,-0.002489605,0.00020
19760329,-0.004000,0.0000689449,0.000264044,-0.000880458,0.00020
19760330,-0.004300,-0.000095496,-0.001358671,-0.000867801,0.00020
19760331,0.006200,0.0011957594,-0.000243646,0.0027343654,0.00020
19760401,-0.004300,0.0053060461,-0.00141093,-0.000057944,0.00020
19760402,0.000300,0.0028534352,-0.001278789,0.0018502592,0.00020
19760405,0.011500,-0.001108842,-0.001315915,0.0027467421,0.00020
19760406,-0.000900,-0.00146205,0.0017505267,-0.003451291,0.00020
19760407,-0.011800,0.0003411161,0.0003827328,-0.005489367,0.00020
19760408,-0.009800,-0.004540814,-0.003922062,-0.001745096,0.00020
19760409,-0.010400,-0.004571319,-0.004609599,0.0016148541,0.00020
19760412,-0.002000,-0.00382208,-0.002170745,-0.004350585,0.00020
19760413,0.006500,-0.004548062,-0.002397852,0.0011196332,0.00020
19760414,-0.006200,0.003964674,-0.003394249,-0.001604194,0.00020
19760415,0.003300,0.0000984252,-0.000860218,0.0007745772,0.00020
19760419,0.006800,0.0016769608,0.0021574387,0.002610918,0.00020
19760420,0.014500,-0.000163684,0.0038283635,0.0031886792,0.00020
19760421,0.003600,-8.567022E-6,-0.000657754,0.0017854024,0.00020
19760422,-0.002000,0.0026463324,-0.000416741,-0.000555505,0.00020
19760423,-0.006600,0.0011718536,-0.00061974,-0.001744286,0.00020
19760426,0.000700,-0.00209595,-0.002035905,-0.000164523,0.00020
19760427,-0.005200,-0.001708296,0.0007909172,-0.001660041,0.00020
19760428,0.001700,-0.002528141,-0.00160115,0.0027732671,0.00020
19760429,-0.000300,-0.000090081,0.0022766866,-0.00154699,0.00020
19760430,-0.004000,0.0030158307,0.0003280261,-0.003451896,0.00020
19760503,-0.008300,-0.003163595,-0.001348219,0.0003408071,0.00020
19760504,0.005600,-0.001786982,0.0006123688,0.0013438469,0.00020
19760505,-0.004500,0.003759454,0.0019884358,0.0000914131,0.00020
19760506,0.002900,-0.002106834,-0.001754282,0.0034176499,0.00020
19760507,0.007600,-0.000723072,2.468635E-6,-0.000214443,0.00020
19760510,0.012200,-0.002745067,-0.002500718,0.0028205647,0.00020
19760511,-0.000900,0.0044864661,-0.000754513,-0.000458829,0.00020
19760512,-0.001700,0.0035331255,0.0001936763,0.0012164023,0.00020
19760513,-0.005600,0.0015912843,-0.000639484,0.0003675255,0.00020
19760514,-0.007600,0.0020936418,0.0013467515,-0.003913163,0.00020
19760517,-0.002800,-0.001833727,0.0027629186,-0.000794239,0.00020
19760518,0.001100,-0.001063303,0.0019700042,-0.000717081,0.00020
19760519,-0.000500,0.0011145057,0.0018239566,-0.000562305,0.00020
19760520,0.006300,-0.00147275,-0.000406527,0.0024535672,0.00020
19760521,-0.005400,0.0037465116,-0.000260711,-0.005054093,0.00020
19760524,-0.016600,0.0005971704,0.0014499034,-0.002228375,0.00020
19760525,-0.000800,-0.010524776,-0.003400145,0.0011007603,0.00020
19760526,-0.000600,0.000145152,0.0024694111,-0.00291889,0.00020
19760527,-0.001000,-0.003435949,-0.000785443,0.0002800714,0.00020
19760528,0.007400,-0.002946935,-0.001735117,0.0007558848,0.00020
19760601,-0.002800,0.0002300416,0.0018408162,-0.0025643,0.00020
19760602,0.002900,-0.001279502,-0.000769485,-0.000503962,0.00020
19760603,-0.000600,0.0007510875,0.0012700322,-0.002145256,0.00020
19760604,-0.008800,-0.000024835,0.0026834575,-0.003170096,0.00020
19760607,-0.005200,-0.003496275,-0.002112388,-0.005124048,0.00020
19760608,0.001400,-0.003041891,-0.000988212,0.0002355473,0.00020
19760609,-0.000600,0.0000954271,-0.001466592,0.0002698973,0.00020
19760610,0.007700,-0.002356108,-0.001200357,0.001889587,0.00020
19760611,0.011700,-0.003491706,0.0004007384,0.0031476481,0.00020
19760614,0.009900,-0.002464525,-8.074641E-6,-0.000367499,0.00020
19760615,-0.004200,0.0027678822,-0.000478968,-0.002815864,0.00020
19760616,0.005500,-0.000602395,-0.001188246,-0.000511824,0.00020
19760617,0.014300,-0.003139642,0.0038615006,0.0013599496,0.00020
19760618,0.001800,0.0001760176,-0.001721698,-0.002535224,0.00020
19760621,0.003900,-0.001575042,-0.001712957,-0.000254552,0.00020
19760622,-0.007000,0.0042799347,0.0011431088,-0.001316157,0.00020
19760623,-0.002200,-0.000743987,0.0034638905,-0.000652265,0.00020
19760624,0.005900,0.0000292834,0.0010242259,-0.000160638,0.00020
19760625,0.000100,0.003228267,-0.000031765,-0.003476722,0.00020
19760628,-0.002400,0.002811024,0.0017532211,-0.00117858,0.00020
19760629,0.003700,-0.000013513,-0.000109385,-0.001387969,0.00020
19760630,0.004600,0.003624628,-0.00066918,0.000203682,0.00020
19760701,-0.006700,0.0031918591,0.0029382704,-0.001583978,0.00020
19760702,0.004700,0.0011567707,-0.003912155,-0.002273112,0.00020
19760706,-0.004600,0.0061312559,0.002272936,-0.000580788,0.00020
19760707,0.002500,-0.001342202,0.0007476122,0.0004536735,0.00020
19760708,0.001500,0.0032858345,0.0027600143,-0.001415039,0.00020
19760709,0.008600,-0.000668753,-0.002057345,-0.002656346,0.00020
19760712,0.007600,-0.0044434,0.0003892949,0.0008246287,0.00020
19760713,-0.002100,0.0026140589,0.0042753053,-0.000477305,0.00020
19760714,0.002500,0.001286889,-0.005054867,-0.001379656,0.00020
19760715,-0.006000,0.0066010235,-0.000987706,0.0006200674,0.00020
19760716,-0.004800,0.0013390069,0.0038642305,-0.002696473,0.00020
19760719,-0.003100,-0.001428627,0.0027284024,-0.001724468,0.00020
19760720,-0.006300,-0.00196182,0.0006635137,0.0006461696,0.00020
19760721,0.000600,0.0014709447,-0.000403708,-0.000435055,0.00020
19760722,0.001200,-0.000422193,0.0008344048,0.0022160682,0.00020
19760723,0.001200,-0.000655965,0.0041392209,0.0013029755,0.00020
19760726,-0.000800,0.0006429321,0.0010744694,-0.001150181,0.00020
19760727,-0.005000,0.0009269907,0.0001842385,-0.000228358,0.00020
19760728,-0.004000,-0.001973376,0.0024727604,0.0005159243,0.00020
19760729,-0.001600,0.0007818575,0.0015321928,-0.002547367,0.00020
19760730,0.004000,-0.004419279,0.0010630015,-0.002432494,0.00020
19760802,-0.001500,-0.000682637,0.0032856517,-0.000847942,0.00020
19760803,0.008900,-0.004964837,0.0042462298,0.0024637075,0.00020
19760804,0.002200,0.0011598202,0.0036125631,0.0007293412,0.00020
19760805,-0.004300,0.001962914,-0.000075235,-0.002297494,0.00020
19760806,-0.000300,-0.000023723,-0.000127948,-0.000605555,0.00020
19760809,-0.002300,-0.001710954,0.0005853767,0.0013963802,0.00020
19760810,0.007700,-0.003679355,-0.001281408,0.0025392207,0.00020
19760811,-0.002400,-0.000118136,-0.002274147,-0.003021438,0.00020
19760812,0.000700,-0.003616931,0.0001037051,-0.000429158,0.00020
19760813,0.000500,-0.000065917,0.0019500721,-0.000034506,0.00020
19760816,0.001600,-0.001409759,0.0018496629,-0.002175893,0.00020
19760817,0.003000,-0.00423458,-0.002814851,0.0011990321,0.00020
19760818,-0.002000,0.0005374214,0.001972758,-0.001079439,0.00020
19760819,-0.011700,-0.001039716,0.0015064064,-0.002635178,0.00020
19760820,-0.009100,0.0000276118,-0.00190042,-0.003412654,0.00020
19760823,-0.004300,-0.005729431,-0.003182528,-0.001780423,0.00020
19760824,-0.006200,0.0026580747,-0.003832556,-0.002628851,0.00020
19760825,0.007500,-0.003330849,0.0030117601,0.0042327989,0.00020
19760826,-0.006300,0.0038368225,0.0013569259,0.0008709445,0.00020
19760827,0.000900,0.0002170981,0.0000918109,0.0037684757,0.00020
19760830,0.005300,-0.003161274,0.0017603492,0.0026641789,0.00020
19760831,0.006900,-0.000885843,-0.000727383,0.001458849,0.00020
19760901,0.010200,-0.000839857,-0.0047723,-0.00016113,0.00020
19760902,-0.000400,0.0005288545,-0.001498589,0.0015448742,0.00020
19760903,0.003700,0.0007631928,-0.002107049,-0.003525622,0.00020
19760907,0.006200,-0.003349138,-0.00010438,0.0009645072,0.00020
19760908,-0.001100,0.001914415,-0.000878827,0.0002535781,0.00020
19760909,-0.004500,0.0007204415,-0.00145627,-0.001459082,0.00020
19760910,0.002400,0.0009769433,-0.003391188,0.0008293696,0.00020
19760913,-0.002900,0.0023952458,0.00151357,-0.001630019,0.00020
19760914,-0.003000,0.0006060033,0.0015183259,0.0022132472,0.00020
19760915,0.002000,-0.001893683,-0.001403643,-0.001536554,0.00020
19760916,0.008800,-0.004029796,-0.000433027,0.0016019982,0.00020
19760917,0.008700,-0.00164919,0.0030338242,0.0003979465,0.00020
19760920,0.001000,0.0026950678,0.0009482594,0.0020959272,0.00020
19760921,0.012300,-0.000431059,0.0060908687,0.0014739205,0.00020
19760922,-0.002900,0.0037393648,-0.00211318,0.0003337798,0.00020
19760923,-0.004600,0.0023213843,0.0001563509,0.0022414638,0.00020
19760924,-0.000900,0.0033917691,-0.000545268,0.0013730658,0.00020
19760927,0.003600,0.0008621973,0.0011464648,0.0056064652,0.00020
19760928,-0.011200,0.0029694739,-0.000911865,-0.000376754,0.00020
19760929,-0.005200,-0.000110724,0.0036834077,-0.000964251,0.00020
19760930,-0.001300,-0.000523164,-0.000611933,0.0003403918,0.00020
19761001,-0.009200,0.003468926,-0.001761419,-0.003013996,0.00020
19761004,-0.001500,0.0009655971,-0.000172903,-0.001735602,0.00020
19761005,-0.007300,-0.000257899,0.0019960877,-0.001023825,0.00020
19761006,-0.004300,-0.001427906,0.0002382901,-0.000129366,0.00020
19761007,0.005800,0.0017981566,-0.002637667,0.0021202204,0.00020
19761008,-0.008400,0.0041582475,-0.001223008,-0.004404311,0.00020
19761011,-0.009300,-0.000795368,-0.002830675,-0.003333616,0.00020
19761012,-0.007800,-0.00136341,-0.003214972,-0.007896873,0.00020
19761013,0.010900,-0.006158556,0.0014084733,0.0001967622,0.00020
19761014,-0.011500,0.0048331094,0.0024967622,-0.005493798,0.00020
19761015,0.001000,-0.000386382,-0.002021855,-0.000975766,0.00020
19761018,0.005500,-0.001829767,0.0018335214,0.0009375893,0.00020
19761019,-0.000500,-0.000147679,0.0040897765,-0.000382621,0.00020
19761020,0.002300,-0.000705081,0.001869675,0.0000876964,0.00020
19761021,-0.008200,0.0043899654,0.0033476764,-0.004080688,0.00020
19761022,-0.007500,-0.000215896,0.0017644726,-0.003829024,0.00020
19761025,0.000900,-0.000071891,-0.001108377,0.0033430421,0.00020
19761026,0.008700,-0.001668986,0.0008617953,0.0068052411,0.00020
19761027,0.005600,-0.0005725,0.0023925647,0.0019252039,0.00020
19761028,-0.001000,0.0010869039,0.0009490176,-0.002041246,0.00020
19761029,0.011900,-0.005638104,-0.005837891,0.002505017,0.00020
19761101,0.002300,-0.000308078,0.0054010574,0.0000160443,0.00020
19761103,-0.011700,0.0026925954,0.0004194569,-0.001474736,0.00020
19761104,0.007700,0.0044863034,-0.00426324,-0.000521472,0.00020
19761105,-0.012000,0.0093680014,-0.00002901,-0.004949637,0.00020
19761108,-0.011300,0.0017383776,0.0002720265,-0.003958468,0.00020
19761109,-0.003400,-0.000803367,0.0004207246,0.0001132032,0.00020
19761110,-0.004700,0.0033691211,-0.004236722,-0.000529683,0.00020
19761111,0.007100,-0.005778031,-0.000504988,0.0040528786,0.00020
19761112,-0.003200,0.0015034331,-0.005267104,-0.002913689,0.00020
19761115,0.005200,-0.002999942,-0.000149506,0.0035980351,0.00020
19761116,0.002600,0.002370992,0.0036747895,-0.000013228,0.00020
19761117,0.006300,-0.000096819,-0.000562494,0.0035371081,0.00020
19761118,0.012400,-0.001059716,0.0004418386,-0.001018949,0.00020
19761119,0.001400,0.0048845132,-0.001997797,-0.002400378,0.00020
19761122,0.006300,0.0010867851,0.0022260052,0.0011556859,0.00020
19761123,-0.004100,0.001053879,-0.000622293,-0.002585155,0.00020
19761124,0.005200,0.002665303,-0.000676916,0.0010001411,0.00020
19761126,0.007000,0.0011931794,-0.002448097,0.002069284,0.00020
19761129,-0.005700,0.0041200387,0.0016331258,-0.002218608,0.00020
19761130,-0.003200,0.0016025325,0.0028069008,-0.000987089,0.00020
19761201,0.004300,0.0013202817,0.0009292434,0.0000719877,0.00020
19761202,-0.002900,0.0042294629,0.0023837464,-0.00445416,0.00020
19761203,0.005500,0.0020853114,0.0017733718,-0.003886241,0.00020
19761206,0.007800,0.0001708346,0.0005647217,0.0004875902,0.00020
19761207,0.000300,0.0016205129,0.0019298137,-0.004580956,0.00020
19761208,0.005300,0.0016750791,0.0012655617,0.0006337282,0.00020
19761209,0.005700,0.0016635775,0.0050646533,-0.003924793,0.00020
19761210,0.002200,0.0036252818,0.0011856234,-0.002900166,0.00020
19761213,0.000700,0.0029878756,0.0038954833,-0.001442653,0.00020
19761214,0.004000,-0.00279305,0.0022331367,-0.002181077,0.00020
19761215,0.000600,-0.000332128,0.0002442889,-0.002602219,0.00020
19761216,-0.002800,0.003487597,0.0031441824,-0.001503717,0.00020
19761217,-0.004300,0.0030640253,0.0003193313,0.0001384511,0.00020
19761220,-0.005500,0.0036025259,0.001661549,0.0003543179,0.00020
19761221,0.004400,-0.00075852,-0.001335945,0.0034535903,0.00020
19761222,0.004600,0.0011789151,-0.001098174,-0.001256837,0.00020
19761223,0.000500,0.0002733527,0.0005381421,0.0012338358,0.00020
19761227,0.010700,0.0002320668,0.0005694421,0.0034429491,0.00020
19761228,0.006200,0.0002738813,0.0013363196,0.0007764014,0.00020
19761229,-0.003200,0.0041438885,-0.000246791,-0.003503606,0.00020
19761230,0.005300,0.0038003174,0.0006941036,0.0000111737,0.00020
19761231,0.005800,0.0043956372,0.0002861146,-0.000020745,0.00020
19770103,-0.003200,0.0066351906,0.0024409841,-0.004471338,0.00020
19770104,-0.009800,0.0072726929,0.0020723895,-0.003658049,0.00020
19770105,-0.007400,0.0031082485,0.0016564045,-0.00177714,0.00020
19770106,0.001800,0.0039677367,-0.001132927,-0.000991586,0.00020
19770107,0.000900,0.0068350241,-0.001490232,-0.001563976,0.00020
19770110,0.001200,0.001333824,0.0058228868,0.0020444666,0.00020
19770111,-0.009300,0.0010783067,0.005346445,-0.00173939,0.00020
19770112,-0.006800,0.0022817633,0.0007597146,0.0006431505,0.00020
19770113,0.008200,0.0023595065,-0.005778293,0.0008485373,0.00020
19770114,-0.000200,0.0034183616,-0.000074709,0.0004252066,0.00020
19770117,-0.002100,0.0025471664,-0.002523211,-0.000803265,0.00020
19770118,-0.002900,0.0008815799,0.0032653403,-0.000813807,0.00020
19770119,0.005000,0.0065912222,0.0025810259,-0.0008495,0.00020
19770120,-0.007400,0.0047859522,0.0036674297,-0.000480271,0.00020
19770121,0.003600,0.0017013647,0.000150824,0.0009475698,0.00020
19770124,0.000100,0.0004098004,0.0046315598,-0.003215972,0.00020
19770125,-0.000400,0.0035175266,0.0071244774,-0.002911396,0.00020
19770126,-0.006600,0.0026174374,0.0041357953,-0.001999839,0.00020
19770127,-0.005800,0.0021551385,0.0037875835,0.0020102383,0.00020
19770128,0.000300,-0.000196383,-0.003209218,0.0094497475,0.00020
19770131,-0.000100,-0.005532957,-0.001521873,0.0013958446,0.00020
19770201,0.005000,0.0006315132,-0.002242471,0.0019399307,0.00020
19770202,-0.001100,0.0041527486,0.0010138486,0.0026904038,0.00020
19770203,-0.003900,0.0018569587,-0.002784075,-0.000378939,0.00020
19770204,0.001600,0.0039997027,-0.000465362,-0.001067891,0.00020
19770207,0.000600,0.0016294031,0.0005740764,0.0015782319,0.00020
19770208,-0.002500,0.002057978,-0.000167791,-0.00324682,0.00020
19770209,-0.008400,0.000408997,-0.002126762,-0.004045428,0.00020
19770210,0.001000,0.0003706241,0.0003995564,0.0002328991,0.00020
19770211,-0.005300,0.001621205,0.0011067004,-0.002195512,0.00020
19770214,0.004300,-0.004301894,0.0018274702,0.0046774448,0.00020
19770215,0.002900,-0.000222723,0.0032831575,0.0010230488,0.00020
19770216,0.003800,-0.003176542,0.0000547558,0.0017630538,0.00020
19770217,-0.005200,0.0011651051,0.0034364869,0.0001871466,0.00020
19770218,-0.002900,0.0016206685,-0.001490581,-0.001412902,0.00020
19770222,-0.000300,-0.001480679,0.0013905588,0.0049450195,0.00020
19770223,-0.003000,0.0027145145,0.0003873157,0.0018249972,0.00020
19770224,-0.006200,-0.001012826,0.0026573968,0.0002439738,0.00020
19770225,-0.001700,0.0017250074,0.0014082235,0.0016636074,0.00020
19770228,0.002000,-0.003466589,0.0018922333,0.0021932144,0.00020
19770301,0.008500,-0.000108623,-0.003893998,0.0037908509,0.00020
19770302,-0.002200,0.0026120765,0.0003655501,-0.000802865,0.00020
19770303,0.004400,-0.001970639,-0.001244754,-0.001242813,0.00020
19770304,0.003500,0.0021524957,-0.001835304,-0.003311195,0.00020
19770307,0.001200,0.0009474901,0.0002642099,-0.000339798,0.00020
19770308,-0.003400,0.0022964373,0.0010467781,-0.000238473,0.00020
19770309,-0.007000,0.0031738835,0.0004169423,0.0003729176,0.00020
19770310,0.004800,0.0018369629,-0.000125383,0.0020205984,0.00020
19770311,0.000700,0.0016376901,0.0008388703,-0.000964401,0.00020
19770314,0.006300,-0.004184566,0.0005700414,0.0003663351,0.00020
19770315,0.004400,-0.002181468,-0.00138605,-0.000306691,0.00020
19770316,0.001900,-0.001304367,0.0005758742,-0.001282661,0.00020
19770317,-0.000900,0.0010950153,-0.002429935,0.0017818191,0.00020
19770318,-0.002200,0.0047593985,-0.002855391,-0.001616659,0.00020
19770321,-0.004500,0.0015786676,-0.001224822,0.0007520086,0.00020
19770322,-0.002200,0.0013670421,0.0002735955,0.0005483768,0.00020
19770323,-0.007800,0.0040424212,-0.004644362,-0.004688321,0.00020
19770324,-0.004700,0.0008481718,0.0004367456,0.0002549037,0.00020
19770325,-0.005900,0.0039043091,0.0002267658,-0.002241112,0.00020
19770328,-0.001500,-0.004012511,0.0034263179,0.0019373514,0.00020
19770329,0.005500,-0.003373303,0.0026341558,0.0022085224,0.00020
19770330,-0.010900,0.0028907415,0.0026106309,-0.00357404,0.00020
19770331,-0.001400,-0.000138167,-0.001064349,0.0017173577,0.00020
19770401,0.007500,-0.003388548,-0.001478824,0.001806532,0.00020
19770404,-0.008900,0.0042435644,0.0006001713,0.0005299121,0.00020
19770405,-0.002800,-0.004165741,0.0020511213,0.0002808303,0.00020
19770406,-0.000700,0.0024595652,-0.001449559,-0.000393496,0.00020
19770407,0.003100,0.0001238315,0.0003917896,0.0017634112,0.00020
19770411,0.004900,4.7831535E-6,0.0015521514,0.0011269298,0.00020
19770412,0.012000,-0.00145315,0.0003948434,-0.000641994,0.00020
19770413,0.000300,-0.000347758,-0.002633671,-0.001100403,0.00020
19770414,0.008400,-0.000018996,0.000412915,-0.004145656,0.00020
19770415,0.000400,0.0018633513,0.0004698851,-0.000528789,0.00020
19770418,-0.004000,0.0012469997,-0.000739001,-0.000874648,0.00020
19770419,-0.003300,0.0025965232,-0.001580715,0.0014358861,0.00020
19770420,0.003400,0.0021099434,-0.002299146,-0.000707676,0.00020
19770421,-0.006500,0.0033811264,0.0042227636,-0.001734248,0.00020
19770422,-0.012000,0.0039518708,0.0047210311,-0.00315652,0.00020
19770425,-0.012500,0.0028239033,0.0045034606,-0.001323013,0.00020
19770426,-0.000600,-0.001407156,0.0036628895,0.0013422253,0.00020
19770427,0.008500,-0.001914391,-0.002776739,-0.001840292,0.00020
19770428,0.002000,-0.000128542,-0.000442553,0.0004790384,0.00020
19770429,0.002500,0.0013031386,0.0007050135,-0.002359539,0.00020
19770502,0.005300,-0.001163123,0.0012305263,0.0022543826,0.00020
19770503,0.004700,0.0001699332,-0.003784984,-0.001709817,0.00020
19770504,0.005700,-0.002589184,0.0004175372,0.0011797737,0.00020
19770505,0.002700,0.00097888,0.0009441467,0.000076919,0.00020
19770506,-0.004100,0.005264439,0.0015116421,-0.00470996,0.00020
19770509,-0.002100,0.0004052424,-0.000265533,-0.00082848,0.00020
19770510,0.003000,0.0006814667,-0.000505463,0.000705617,0.00020
19770511,-0.005500,0.0044870937,0.0006540977,-0.002994877,0.00020
19770512,-0.000300,0.0007674926,-0.00190811,0.0007748746,0.00020
19770513,0.003200,0.0007454216,0.0002990571,0.0000502493,0.00020
19770516,0.004000,-0.000084397,0.0021594605,-0.000587205,0.00020
19770517,0.002500,-0.00055752,-1.280537E-6,0.0028904636,0.00020
19770518,0.004900,-0.000819304,-0.001481617,-0.00031403,0.00020
19770519,-0.003300,0.0025842241,-0.002429996,-0.001406213,0.00020
19770520,-0.003700,0.0036281445,-0.00011366,0.000313482,0.00020
19770523,-0.011300,0.0012175141,0.0004607668,-0.001381916,0.00020
19770524,-0.004700,0.0004452837,0.0010954353,0.0023735211,0.00020
19770525,-0.008200,0.00129314,0.0040023093,0.0012182471,0.00020
19770526,0.001600,-0.00040492,0.0012271451,0.0021460157,0.00020
19770527,-0.006500,0.0057755076,0.0008152449,-0.001850611,0.00020
19770531,-0.002400,-0.003474276,0.0011641234,0.0005272884,0.00020
19770601,0.007400,-0.003394387,-0.000887554,0.0012783134,0.00020
19770602,-0.001400,-0.000503755,0.0013791129,0.0001522072,0.00020
19770603,0.008700,-0.002331845,-0.002925331,0.0035957206,0.00020
19770606,-0.003900,0.0046294322,-0.000721521,0.0013916401,0.00020
19770607,0.004400,-0.001978265,0.0010641869,-0.000476247,0.00020
19770608,0.005100,0.0008568815,-0.000087548,0.0012454775,0.00020
19770609,-0.000300,0.0042277609,-0.002425483,-0.002093217,0.00020
19770610,0.002900,0.0034076821,0.0004772956,-0.000836276,0.00020
19770613,0.003200,-0.001457011,0.0014252627,0.0017389625,0.00020
19770614,0.009900,-0.005367803,-0.000290896,0.0033326925,0.00020
19770615,-0.002000,0.0021332544,0.0001134155,0.0004641961,0.00020
19770616,0.002900,0.0017652621,-0.003351059,-0.001585064,0.00020
19770617,0.001500,0.0017398342,0.0005050759,0.0007192545,0.00020
19770620,0.004300,-0.000814144,-0.00061402,-0.000238825,0.00020
19770621,0.003200,0.0006762791,0.0007902769,-0.000661927,0.00020
19770622,-0.001900,0.0025351919,-0.000162406,-0.000980109,0.00020
19770623,0.002200,0.0056340988,-0.001623724,0.0002401968,0.00020
19770624,0.005600,0.002959251,-0.002947035,-0.000153442,0.00020
19770627,-0.001000,0.002583103,-0.001060957,0.0037771215,0.00020
19770628,-0.007200,0.0057020412,0.0010116206,-0.002303268,0.00020
19770629,-0.000700,0.003994463,0.0008420122,0.0001840106,0.00020
19770630,0.003500,0.0019614819,-0.000019092,0.0012715871,0.00020
19770701,-0.002600,0.0058820396,9.3105748E-6,-0.00233273,0.00020
19770705,0.000100,0.003694138,0.0016650265,0.0027051893,0.00020
19770706,-0.004500,0.0012302141,-0.002536935,-0.002322291,0.00020
19770707,0.003100,0.0005829027,0.000635334,-0.000883879,0.00020
19770708,-0.000100,0.0050972539,-0.00083894,-0.002450671,0.00020
19770711,-0.002600,0.0029965147,0.0041067414,-0.000384664,0.00020
19770712,-0.001000,0.0009627495,0.0020396377,0.0016719783,0.00020
19770713,0.001600,0.0002885417,-0.001792389,-0.000775315,0.00020
19770715,0.006000,-0.000165775,-0.003912638,0.0015466773,0.00020
19770718,0.006200,-0.00370055,-0.000597658,0.0020995024,0.00020
19770719,0.006200,-0.003042465,0.003292844,-0.000231103,0.00020
19770720,-0.000200,-0.001002582,0.0026861938,-0.000474508,0.00020
19770721,-0.001100,0.0009758697,0.0011068458,-0.000387825,0.00020
19770722,0.000700,0.0007372161,-0.000508559,-0.001212901,0.00020
19770725,-0.006700,0.0059940842,-0.000530242,0.0012015328,0.00020
19770726,-0.005300,0.0012966209,-0.000308405,-0.000237768,0.00020
19770727,-0.016000,0.0012518601,0.0056251884,0.0021347103,0.00020
19770728,-0.000500,-0.004289533,-0.001011898,0.0009949267,0.00020
19770729,-0.000200,-0.000825252,0.0017514148,0.001720264,0.00020
19770801,0.003500,-0.001360951,0.001918987,0.0042477224,0.00020
19770802,-0.006100,-0.000123992,-0.00259294,-0.000926171,0.00020
19770803,-0.002200,-0.003831449,-0.000284008,-0.000556068,0.00020
19770804,0.004900,0.0016902594,-0.000761142,0.0006520543,0.00020
19770805,0.000100,0.0024183355,0.0000232276,-0.000798556,0.00020
19770808,-0.005900,0.0011320649,0.0009009491,-0.000294133,0.00020
19770809,0.000700,0.0003721791,-0.000848372,0.0008433082,0.00020
19770810,0.007000,-0.003524899,-0.000367706,0.0026655709,0.00020
19770811,-0.005400,0.0065219884,-0.004115148,0.0004185737,0.00020
19770812,-0.003100,0.0029674803,-0.000216711,0.0012440452,0.00020
19770815,0.002100,-0.00464929,0.0004627341,0.0018507373,0.00020
19770816,-0.003600,0.0032512095,0.0005570046,0.0015294509,0.00020
19770817,-0.000500,0.0005802434,-0.002577264,0.0028539066,0.00020
19770818,0.000100,0.0013067291,-0.000320678,0.0029360946,0.00020
19770819,-0.002300,0.0034068605,-0.000952533,0.0044703228,0.00020
19770822,0.002700,-0.00150926,-0.003028381,0.0046957016,0.00020
19770823,-0.001500,0.0054131356,-0.000389399,-0.000769839,0.00020
19770824,-0.003800,0.0028149242,0.0028444038,-0.001757627,0.00020
19770825,-0.009100,0.0041346859,0.0040193062,-0.001720715,0.00020
19770826,-0.000900,-0.001223543,0.0003331292,-4.356555E-6,0.00020
19770829,0.008000,-0.002379106,-0.001730987,0.0027278282,0.00020
19770830,-0.004700,0.0014248961,0.0003178061,-0.002026408,0.00020
19770831,0.002400,-0.003478991,-0.000606667,0.0038189128,0.00020
19770901,0.001400,0.0040758742,-0.002030292,-0.000674272,0.00020
19770902,0.006300,-0.001748383,0.0004392132,0.0013242354,0.00020
19770906,0.001700,-0.001147067,-0.001753037,0.0003282087,0.00020
19770907,0.002600,-0.001883532,-0.000609086,0.0026413605,0.00020
19770908,-0.006300,0.0071275377,0.0018061133,-0.000906542,0.00020
19770909,-0.008500,0.0041443988,0.0010445076,0.0007040249,0.00020
19770912,-0.003100,-0.001772602,0.0022799637,0.0001960986,0.00020
19770913,0.000000,-0.001527278,0.0002957601,0.002026019,0.00020
19770914,0.003600,-0.001393398,0.0004748754,0.0019584128,0.00020
19770915,0.003100,-0.000340977,-0.000747042,0.0007994561,0.00020
19770916,-0.003000,0.0028760811,0.0020714443,-0.000468781,0.00020
19770919,-0.005900,0.0025311146,-0.000900864,0.0004258125,0.00020
19770920,0.000100,-0.000564432,0.000130938,0.0037302105,0.00020
19770921,-0.007500,0.000522403,-0.000220556,-0.00148199,0.00020
19770922,-0.000600,-0.000404348,-0.000073451,0.0020898824,0.00020
19770923,-0.000200,0.0020961011,0.0002495791,0.0013178609,0.00020
19770926,0.002500,-0.003933252,0.0005318029,0.003184267,0.00020
19770927,-0.001400,-0.000442723,0.0002290417,-0.000559727,0.00020
19770928,0.000500,-0.00031297,-0.000809898,0.0029042647,0.00020
19770929,0.005200,0.0001700641,-0.001862221,-0.001043076,0.00020
19770930,0.006900,-0.000099363,-0.001237756,-0.002177177,0.00020
19771003,0.002800,0.0003456192,0.0013489435,-0.000407975,0.00020
19771004,-0.006100,0.0025758385,-0.000664948,-0.002263029,0.00020
19771005,-0.003600,0.0039473109,-0.00035493,-0.001893258,0.00020
19771006,0.003600,-1.336948E-6,-0.001108524,-0.000487723,0.00020
19771007,-0.000100,0.0023207857,-0.002631179,-0.000136981,0.00020
19771010,-0.001700,0.0027495228,0.0016974265,0.0017470731,0.00020
19771011,-0.007600,0.0032356012,0.0045460703,0.0014912003,0.00020
19771012,-0.011300,-0.004112793,0.0030539359,-0.001977843,0.00020
19771013,-0.006900,-0.001286302,0.003539732,0.0006428683,0.00020
19771014,0.000200,-0.000191156,0.0029032477,-0.000811308,0.00020
19771017,-0.001100,-0.001245227,-0.002499459,-0.000312911,0.00020
19771018,-0.000200,0.0010344499,0.0000655177,-0.001919925,0.00020
19771019,-0.010500,0.0058026748,0.0014993336,0.0011794686,0.00020
19771020,0.001900,-0.001442376,0.001843898,0.0004062956,0.00020
19771021,-0.002300,0.004348157,0.0012648481,0.0048829298,0.00020
19771024,-0.007900,0.0017633392,0.0030341406,0.0047658064,0.00020
19771025,-0.008300,-0.004428845,-0.00014988,0.000630235,0.00020
19771026,0.009800,-0.003814162,-0.00500231,-0.000191001,0.00020
19771027,0.003600,0.0025024491,-0.002584864,-0.000719329,0.00020
19771028,0.003400,0.0022545123,-0.000425142,0.0003624149,0.00020
19771031,-0.001900,0.0033159351,-0.001301976,-0.001235937,0.00020
19771101,-0.009800,0.0029124258,0.0037633122,-0.001157874,0.00020
19771102,-0.006000,0.0016663112,0.002658121,0.00019303,0.00020
19771103,0.001400,-0.000590805,-0.001193598,-0.001159367,0.00020
19771104,0.009400,0.0024104059,-0.000677955,0.0001127988,0.00020
19771107,0.008200,0.0020127565,-0.002495291,-0.001163418,0.00020
19771108,0.001900,0.0022133718,0.0011162796,-0.001297996,0.00020
19771109,0.005000,0.0036857933,-0.002006871,0.0019929577,0.00020
19771110,0.019100,-0.001292164,-0.006130208,0.0024034727,0.00020
19771111,0.012900,-0.004454345,-0.00381049,0.0007460095,0.00020
19771114,-0.005100,0.0046266821,-0.000667242,-0.000069051,0.00020
19771115,0.006500,0.002355087,-0.001446026,0.0034848666,0.00020
19771116,-0.003300,0.0037799489,0.0013608465,0.0010299239,0.00020
19771117,-0.002100,0.0090737206,0.001215989,0.0014010631,0.00020
19771118,0.002500,0.0068438971,-0.001054239,0.0040269915,0.00020
19771121,-0.000800,0.0038585009,0.0002235128,0.0015922389,0.00020
19771122,0.008600,0.0006903782,-0.000345964,0.0039763318,0.00020
19771123,0.005900,0.0045328345,-0.00061361,0.0006239989,0.00020
19771125,0.003200,0.0025430272,-0.002365431,0.0013584723,0.00020
19771128,-0.005400,0.0023328688,0.002130195,-0.001952418,0.00020
19771129,-0.014100,0.0039125696,0.0015574745,-0.001814818,0.00020
19771130,0.001700,-0.000537345,-0.001495336,0.0016523066,0.00020
19771201,0.000400,0.006572663,0.0002292872,-0.000526589,0.00020
19771202,0.000100,0.0036095315,0.00112499,-0.001060691,0.00020
19771205,-0.003600,0.0018050322,-0.000548463,0.0002526944,0.00020
19771206,-0.015200,0.0014587124,0.0026180523,0.0003054267,0.00020
19771207,-0.001400,-0.001060088,-0.000486081,0.0009022605,0.00020
19771208,0.002000,-0.001679301,0.0002351019,0.0023400678,0.00020
19771209,0.006900,-0.001691194,-0.000040266,0.000639597,0.00020
19771212,0.000600,-0.001635375,-0.000093151,-0.00104855,0.00020
19771213,-0.000600,0.0011189799,0.0008187816,0.0004651017,0.00020
19771214,0.003200,-0.001131516,0.0007826642,0.0029733151,0.00020
19771215,-0.004000,0.0062647411,-0.002270846,0.0008940903,0.00020
19771216,-0.001100,0.0015757083,-0.002418291,0.0006797132,0.00020
19771219,-0.007100,0.0012963621,-0.000579621,0.0022508614,0.00020
19771220,-0.003600,-0.002430488,0.0014705346,0.0024666319,0.00020
19771221,0.005800,-0.001485392,-0.001131418,0.001032789,0.00020
19771222,0.006600,-0.002601416,0.0002004362,0.0004454868,0.00020
19771223,0.008800,-0.001027108,-0.002475734,-0.00160673,0.00020
19771227,-0.000200,-0.003121285,0.002391922,0.0020882722,0.00020
19771228,0.000200,0.0018856416,-0.001077913,0.0025367147,0.00020
19771229,0.003100,-0.001909737,-0.002383113,0.0027523163,0.00020
19771230,0.001800,0.001329552,-0.001990746,0.0005696299,0.00020
19780103,-0.012900,0.0040751707,0.001006436,-0.00648086,0.00020
19780104,-0.004000,-0.001477532,0.0004892414,0.0000866227,0.00020
19780105,-0.007300,0.001881337,0.0020712453,-0.007305934,0.00020
19780106,-0.012300,-0.002376352,0.0023276556,0.0000622599,0.00020
19780109,-0.011800,-0.00319222,0.0056291417,-0.002923022,0.00020
19780110,-0.006400,0.0004088013,0.0025272463,-0.001446997,0.00020
19780111,-0.005300,0.0025314721,0.0051604588,-0.001163176,0.00020
19780112,0.001900,0.003246989,-0.002647776,-0.000410483,0.00020
19780113,-0.000300,0.0060799383,0.0037919504,0.0007523624,0.00020
19780116,-0.003400,-0.002923067,0.0017012871,0.0009902278,0.00020
19780117,0.005200,0.0039605893,-0.001746966,-0.001544288,0.00020
19780118,0.006800,0.0004068015,0.000604153,-0.000231969,0.00020
19780119,-0.003400,0.0085187214,0.0007831265,0.0003316868,0.00020
19780120,-0.002100,0.0039063514,0.0013411389,0.0012403118,0.00020
19780123,-0.006500,0.0042279221,0.0016040741,0.0010886227,0.00020
19780124,0.000200,0.0005813643,-0.000157963,-0.000855361,0.00020
19780125,0.001700,0.0009403505,0.0001148843,-0.000749801,0.00020
19780126,-0.007700,0.0049126849,0.004218724,0.0003456405,0.00020
19780127,-0.000200,0.0024754849,0.0013001906,0.0008156422,0.00020
19780130,0.007700,-0.004287434,-0.002366019,0.0017476411,0.00020
19780131,-0.000900,-0.001849346,-0.002083589,0.0031245961,0.00020
19780201,0.007800,-0.000385245,-0.001920192,0.0016821124,0.00020
19780202,0.003400,0.0008281594,0.0001631097,-0.0025357,0.00020
19780203,-0.002900,0.005818507,-0.00103368,0.0000664032,0.00020
19780206,0.000000,0.0003649289,0.0007748902,0.0001242223,0.00020
19780207,0.007500,-0.001437876,0.0009205167,-0.000071311,0.00020
19780208,0.005200,-0.002885183,-0.000771113,-0.001342737,0.00020
19780209,-0.003600,0.0080499375,0.0026377061,-0.00216437,0.00020
19780210,-0.001200,0.0009140383,-0.000442932,-0.002953022,0.00020
19780213,-0.002700,0.0030558206,0.0038661798,0.0018709741,0.00020
19780214,-0.007800,0.0053882384,0.0004247115,-4.41693E-6,0.00020
19780215,-0.002500,0.0026775922,-0.000282015,-0.000095001,0.00020
19780216,-0.007800,0.0036614583,0.0018838863,0.0011743043,0.00020
19780217,-0.001100,0.0019576962,-0.001091394,-0.000729105,0.00020
19780221,-0.003900,-0.000738544,0.0030015748,-0.000464402,0.00020
19780222,0.000600,0.0009960776,0.0002233249,0.0000756148,0.00020
19780223,0.001800,-0.000883044,0.0006595425,0.0008213064,0.00020
19780224,0.008400,-0.000514355,-0.001604321,0.0005798199,0.00020
19780227,-0.007000,0.0049625965,0.0028320378,-0.000652298,0.00020
19780228,-0.007900,0.0007719642,0.0031420136,0.0008256452,0.00020
19780301,0.001000,-0.00027633,0.0017025373,-0.000074177,0.00020
19780302,0.002200,0.0011408786,-0.000339774,-0.001561719,0.00020
19780303,0.001200,0.0002347321,0.0019684559,-0.003375147,0.00020
19780306,-0.005300,0.0005360384,0.0028322735,-0.00173605,0.00020
19780307,0.004700,0.001807879,-0.002677225,-0.000033836,0.00020
19780308,0.004900,-0.002125546,-0.000395778,0.001865951,0.00020
19780309,0.002000,0.0036267323,-0.000452024,-0.000282026,0.00020
19780310,0.010300,-0.004650479,0.0006794175,0.0013349969,0.00020
19780313,0.001000,-0.000118306,0.0007149076,0.0012046799,0.00020
19780314,0.004000,-0.001131609,0.0033838902,-0.000016653,0.00020
19780315,-0.001800,0.0050253245,0.0007075639,-0.001107824,0.00020
19780316,0.004300,0.0038895018,0.0010329726,0.002210391,0.00020
19780317,0.007300,0.0006483067,-0.000304062,0.0013353996,0.00020
19780320,0.005700,-0.001901803,0.0006257387,-0.000909832,0.00020
19780321,-0.009700,0.0073911807,0.0023024422,-0.001403674,0.00020
19780322,-0.002600,0.004396881,0.0011260344,0.0002946156,0.00020
19780323,-0.000500,0.0047548421,0.0017723023,-0.002386848,0.00020
19780327,-0.004300,0.0060474244,0.001836705,-0.000022042,0.00020
19780328,0.006100,-0.000405046,-0.000632597,0.0003813956,0.00020
19780329,0.002000,0.0033171286,0.0004306144,-0.001817017,0.00020
19780330,-0.002300,0.0022991256,0.0004854461,0.0005277575,0.00020
19780331,-0.002300,0.0012986577,-0.001194905,-0.001830107,0.00020
19780403,-0.007100,0.0020366057,0.0013342998,-0.001333102,0.00030
19780404,0.003800,0.0006899014,0.0000367159,0.0006326242,0.00030
19780405,0.008100,0.0023500657,-0.001131275,0.0031232457,0.00030
19780406,0.002400,0.0035461238,0.0001655827,0.0005417789,0.00030
19780407,0.004700,-0.001025326,-0.001889137,0.0010526029,0.00030
19780410,0.003100,-0.001972484,-0.000065762,0.0007657434,0.00030
19780411,-0.002100,0.0021993128,-0.001688603,0.0006237684,0.00030
19780412,-0.000300,0.0040112345,-0.000391771,-0.002368444,0.00030
19780413,0.009700,0.0012894147,0.0005130228,0.0020109218,0.00030
19780414,0.018600,-0.008478358,-0.001727249,0.0022736242,0.00030
19780417,0.013900,-0.010360531,-0.001271202,0.0089549636,0.00030
19780418,-0.010300,0.005247724,0.0012832698,-0.002062549,0.00030
19780419,0.003600,0.0012968018,0.0009613051,0.0036800263,0.00030
19780420,0.007200,-0.002292962,-0.002288983,0.0001708573,0.00030
19780421,-0.001000,0.0063604921,-0.000432746,-0.001211133,0.00030
19780424,0.012500,-0.007332258,-0.000946407,0.0013796873,0.00030
19780425,0.007800,-0.004082167,-0.001692046,0.0046673918,0.00030
19780426,0.001700,-0.000163435,0.0007359126,-0.000777463,0.00030
19780427,-0.008600,0.007031156,-0.003086369,0.000090712,0.00030
19780428,0.008700,-0.003080971,0.0005609486,0.0065318755,0.00030
19780501,0.008400,-0.001772204,-0.001592941,0.0049163466,0.00020
19780502,-0.002600,0.0046935055,-0.001033781,0.0006201312,0.00020
19780503,-0.007300,0.0093389786,-0.0007558,-0.000940946,0.00020
19780504,-0.000500,0.0043030619,-0.000621498,0.0022982017,0.00020
19780505,0.006800,0.0028206808,-0.00098873,0.0053384905,0.00020
19780508,-0.002600,0.002521568,-0.000537912,0.0003914881,0.00020
19780509,-0.001700,0.0019006591,-0.000433295,0.0007715172,0.00020
19780510,0.000900,0.0046758728,-0.00397028,0.0015678073,0.00020
19780511,0.011300,-0.004291913,0.0014985242,0.0065038707,0.00020
19780512,0.008300,-0.000672045,-0.003698523,0.0018912563,0.00020
19780515,0.006000,-0.005251198,-0.003298165,0.004771038,0.00020
19780516,0.006700,-0.000521967,-0.002406146,0.0014246279,0.00020
19780517,0.002900,0.0042580718,-0.000853858,-0.002122255,0.00020
19780518,-0.007500,0.0079912888,0.0007845773,-0.003816954,0.00020
19780519,-0.004300,0.0044316166,-0.002360485,-0.002570797,0.00020
19780522,0.008400,-0.001299859,-0.000520946,0.0067420772,0.00020
19780523,-0.008500,0.0026663332,0.0016960628,-0.003384128,0.00020
19780524,-0.009700,-0.000744146,0.0039861811,0.000176629,0.00020
19780525,-0.001800,0.0021004087,-0.002043393,0.0014003994,0.00020
19780526,-0.001600,0.0034026659,-0.001872406,0.002587917,0.00020
19780530,0.002300,0.0020410474,0.0000435911,0.0012144697,0.00020
19780531,0.004000,-0.000988718,-0.003577858,0.0021934833,0.00020
19780601,0.001100,-0.002399832,-0.000089658,0.0007680624,0.00020
19780602,0.007400,0.0002022988,-0.000027434,0.0054442117,0.00020
19780605,0.015900,-0.004749931,-0.00162345,0.0091525119,0.00020
19780606,0.004300,0.0017221436,-0.001863872,0.0028729945,0.00020
19780607,-0.001400,0.0020951614,-0.002744998,-0.00013021,0.00020
19780608,0.002100,0.00579117,0.0009496898,0.0033370933,0.00020
19780609,-0.001400,0.0066999394,0.0025745554,-0.000628706,0.00020
19780612,-0.002800,0.0013348592,-0.0004493,-0.001184465,0.00020
19780613,0.000900,0.003114817,0.002438819,0.0042568412,0.00020
19780614,-0.000600,0.0052221893,-0.004687444,-0.001985946,0.00020
19780615,-0.009600,0.0044459916,-0.000575086,0.0003807526,0.00020
19780616,-0.008500,0.0023070555,0.0004036239,-0.002264007,0.00020
19780619,-0.001900,-0.004287245,0.0017280601,-3.730899E-6,0.00020
19780620,-0.009500,0.0031568283,0.0000555819,-0.003321025,0.00020
19780621,-0.006500,-0.003978929,0.0057370797,-0.001391987,0.00020
19780622,0.002100,-0.000114795,-0.004674936,-0.000496621,0.00020
19780623,-0.002800,0.0049393438,-0.005198501,-0.003491266,0.00020
19780626,-0.012700,-0.001828329,0.0000471005,-0.001432141,0.00020
19780627,0.002100,-0.005834922,0.0020304508,0.0024467142,0.00020
19780628,0.003700,-0.00181252,0.000878195,-0.000645113,0.00020
19780629,0.002100,0.0032508452,-0.002270395,-0.001132664,0.00020
19780630,-0.000800,0.0015489246,-0.003315523,-0.000724591,0.00020
19780703,-0.003100,0.0035829354,-0.00157795,-0.001447268,0.00030
19780705,-0.008700,0.0013153073,0.0024809167,0.0014694692,0.00030
19780706,-0.000300,-0.0030069,0.0013427286,-0.00180515,0.00030
19780707,0.005700,0.0002008079,0.0015461439,0.0034377051,0.00030
19780710,0.003400,-0.001171135,0.0008996614,0.0044766093,0.00030
19780711,0.006100,-0.001226647,-0.00218354,0.0001663607,0.00030
19780712,0.003500,-0.001726037,-0.003880232,-0.000980525,0.00030
19780713,0.000200,0.0037998101,0.0017834093,0.0012438124,0.00030
19780714,0.012300,-0.002066349,0.0030095723,0.0065988671,0.00030
19780717,0.002300,0.0025832827,-0.001904377,0.0022717834,0.00030
19780718,-0.007800,0.0038557809,0.0018265251,-0.001981153,0.00030
19780719,0.011000,-0.002894268,0.0040503071,0.0008606903,0.00030
19780720,0.000000,0.0035836417,-0.004306166,-0.000627156,0.00030
19780721,-0.003200,0.001901686,0.0040014403,0.0014526793,0.00030
19780724,-0.001000,0.0002199128,-0.000374412,0.0024530873,0.00030
19780725,0.006800,-0.003641097,0.0006390804,0.0022176008,0.00030
19780726,0.006000,0.0013347696,-0.00078015,0.0005669361,0.00030
19780727,0.005200,0.002364321,-0.000588792,0.0010241862,0.00030
19780728,0.004600,0.0033097161,-0.000652156,0.0023578345,0.00030
19780731,0.007100,0.0000791871,-0.000295068,0.003683696,0.00030
19780801,0.001200,-0.003299412,-0.000953209,-0.001370525,0.00020
19780802,0.021300,-0.005762745,0.0046725728,0.0120808564,0.00020
19780803,0.004300,-0.00540632,-0.00631964,-0.003212662,0.00020
19780804,0.004300,0.0003470812,0.0040435516,0.0028379312,0.00020
19780807,-0.001700,0.0064477494,-0.001518526,-0.000241481,0.00020
19780808,0.004800,0.0008503084,-0.000423998,0.0054538239,0.00020
19780809,0.005200,0.0015075094,-0.002490682,0.000452045,0.00020
19780810,-0.005900,0.005978217,-0.000497441,-0.005822486,0.00020
19780811,0.003200,0.0042548337,0.0010584451,0.0034571722,0.00020
19780814,0.000900,0.0038536203,-0.002288771,-0.00008295,0.00020
19780815,-0.001400,0.0012111381,0.0028967394,0.0001522015,0.00020
19780816,0.007200,0.0033227833,0.0009301109,0.0043964896,0.00020
19780817,0.005500,0.0001359778,-0.002418743,0.0014990148,0.00020
19780818,-0.002300,0.0062688764,-0.002864935,-0.003406332,0.00020
19780821,-0.008000,0.0008379137,0.0030875492,-0.003879537,0.00020
19780822,0.002900,0.0020122822,0.0016733837,0.0032205524,0.00020
19780823,0.006100,0.0012716998,-0.002671962,0.0047100254,0.00020
19780824,0.002700,0.0035057519,-0.000876805,0.0011286892,0.00020
19780825,0.000500,0.0027126644,0.0029576291,0.0007684126,0.00020
19780828,-0.007300,0.0020936853,0.0033369955,-0.001463932,0.00020
19780829,-0.005800,0.0020571188,0.0017436675,-0.000774988,0.00020
19780830,0.001500,0.003565286,-0.002382683,0.0014180386,0.00020
19780831,-0.002000,0.0024938094,-0.000650495,-0.000513082,0.00020
19780901,0.003900,-0.002164424,0.0038701634,0.0007713105,0.00030
19780905,0.005300,-0.001991193,0.0032578282,0.0039459239,0.00030
19780906,0.008400,0.0002118616,-0.001146979,0.0024773488,0.00030
19780907,0.001200,0.0033709189,-0.003737981,-0.000573595,0.00030
19780908,0.012500,-0.002517653,0.0003379763,0.0018368974,0.00030
19780911,0.002100,0.0004248024,-0.006474258,-0.003963407,0.00030
19780912,0.000700,0.0004459393,0.0013642796,0.0005251839,0.00030
19780913,-0.005500,0.0025707619,-0.002518766,-0.006745201,0.00030
19780914,-0.010600,0.0014116802,0.0001525848,-0.003995198,0.00030
19780915,-0.009500,0.0003590844,0.0012489173,-0.005451806,0.00030
19780918,-0.010600,-0.005012073,0.0037774382,-0.005522095,0.00030
19780919,-0.007500,-0.007405009,0.0024882996,-0.003812107,0.00030
19780920,-0.009300,-0.008253937,0.0039771352,-0.006907724,0.00030
19780921,-0.000400,-0.00120849,0.0010315557,0.0013103582,0.00030
19780922,0.000300,0.0047686565,-0.001902289,-0.001902663,0.00030
19780925,-0.000100,-0.001176212,0.0011678905,0.000832598,0.00030
19780926,0.007000,0.0009944514,0.0001434464,0.0021594144,0.00030
19780927,-0.008800,-0.001189611,-0.000931523,-0.005001667,0.00030
19780928,0.002100,-0.00136042,0.0013371884,0.0004932282,0.00030
19780929,0.004900,-0.001629578,0.0023090038,0.0017974667,0.00030
19781002,0.003200,0.0001367412,-0.000188417,0.0031801503,0.00030
19781003,-0.003100,0.0010356651,-0.000683947,-0.003466017,0.00030
19781004,0.003800,-0.003519928,0.0031857484,0.0034391813,0.00030
19781005,0.002200,0.0020216811,-0.001188643,0.0005085617,0.00030
19781006,0.002300,0.0001922905,0.0005133248,0.0012775061,0.00030
19781009,0.009200,-0.004412743,-0.000022646,0.0032590112,0.00030
19781010,-0.001400,0.0028484777,-0.000779144,-0.000039791,0.00030
19781011,0.008600,-0.00667027,0.0034683966,0.0028733326,0.00030
19781012,-0.004700,0.0060562839,-0.000928386,-0.00238508,0.00030
19781013,-0.002900,0.0002919886,0.0004172326,-0.001228512,0.00030
19781016,-0.018200,0.0003061881,-0.000235769,-0.006900481,0.00030
19781017,-0.017100,-0.017211363,0.0089372255,-0.007215632,0.00030
19781018,-0.009900,-0.009591736,0.0052425295,-0.002577139,0.00030
19781019,-0.013100,-0.003022168,0.0025685214,-0.006139262,0.00030
19781020,-0.017900,-0.019772977,0.0125229267,-0.005853002,0.00030
19781023,-0.002500,-0.013437814,0.0016383347,0.0003418464,0.00030
19781024,-0.005800,0.0047285035,-0.001087185,-0.002168763,0.00030
19781025,-0.002200,0.0026203416,-0.00105933,0.0014388286,0.00030
19781026,-0.017300,-0.018942675,0.0127722305,-0.007529488,0.00030
19781027,-0.019700,-0.0232939,0.0092805893,-0.005195883,0.00030
19781030,0.000000,-0.029180029,-0.000129241,0.007328028,0.00030
19781031,-0.018100,-0.000893294,0.0002687104,-0.003316022,0.00030
19781101,0.041300,0.0121036261,-0.018179062,0.0189913719,0.00030
19781102,-0.009300,0.0100158102,-0.002465093,-0.000794997,0.00030
19781103,0.005600,0.0084433711,0.0027857354,0.0033981721,0.00030
19781106,-0.008000,0.0032196438,-0.00244665,-0.005823462,0.00030
19781107,-0.015800,-0.009287621,0.0059849557,-0.003245264,0.00030
19781108,0.004200,-0.005136578,-0.001888269,0.0064615608,0.00030
19781109,0.001300,0.0021503842,-0.002053127,-0.002751689,0.00030
19781110,0.004800,0.005268893,-0.003300045,0.0007930025,0.00030
19781113,-0.016400,-0.006085964,0.0015451961,-0.003761768,0.00030
19781114,-0.010200,-0.013126811,0.0073148044,-0.001834001,0.00030
19781115,0.003100,0.0012430157,-0.008249654,0.0015154989,0.00030
19781116,0.010100,-0.001007938,-0.004318073,0.0062425377,0.00030
19781117,0.009500,0.005221705,-0.00675194,0.0003943118,0.00030
19781120,0.009100,0.006768063,-0.002258142,0.0058091779,0.00030
19781121,-0.001300,0.0039923466,-0.002080743,0.0001907974,0.00030
19781122,0.005900,0.0057709472,-0.000937158,0.0041093181,0.00030
19781124,0.004700,0.0051013865,-0.002357833,0.0039367268,0.00030
19781127,0.002500,0.0009473762,0.0025502954,0.005337323,0.00030
19781128,-0.008000,-0.000152905,0.0006498554,-0.003518312,0.00030
19781129,-0.013900,0.0007388571,0.0034028863,-0.006218027,0.00030
19781130,0.009000,0.0003772441,-0.003601201,0.005782308,0.00030
19781201,0.015800,0.0050238793,-0.006402661,0.0051436992,0.00040
19781204,0.000100,0.005368422,-0.00062158,0.003499284,0.00040
19781205,0.012400,0.0028191537,-0.001298532,0.0043916391,0.00040
19781206,0.001700,0.0022524783,0.0005696038,-0.000714649,0.00040
19781207,-0.003900,0.0017957102,-0.000383297,-0.000979209,0.00040
19781208,-0.004300,0.0015971341,-0.000672101,-0.001687609,0.00040
19781211,0.004300,0.0007681496,0.001184322,0.0052304715,0.00040
19781212,-0.005200,0.0015335822,0.0020221711,0.000919358,0.00040
19781213,-0.005900,0.0001285008,0.0005496247,-0.000890582,0.00040
19781214,-0.000300,-0.000118867,0.0012391812,0.0023448222,0.00040
19781215,-0.007400,0.0005850858,0.0030600028,0.0001724666,0.00040
19781218,-0.022400,-0.009947881,0.0059313567,-0.007532867,0.00040
19781219,0.007200,0.001159678,0.0028095163,0.0070512459,0.00040
19781220,0.004100,0.0020725885,-0.002329334,0.0038061629,0.00040
19781221,0.000500,0.0045438181,-0.003158287,0.0001586543,0.00040
19781222,0.016600,0.0038705138,-0.002501035,0.0043419089,0.00040
19781226,0.009800,0.0005640413,0.0043003516,0.008066177,0.00040
19781227,-0.008400,-0.003118159,0.0007497949,-0.002075838,0.00040
19781228,-0.004000,-0.001391161,0.0016883141,0.0008186782,0.00040
19781229,-0.001300,0.0044982069,-0.005558773,-0.001576738,0.00040
19790102,0.005900,0.0034607665,0.0049487011,-0.003560134,0.00030
19790103,0.011200,0.0074833954,-0.006040359,-0.001321101,0.00030
19790104,0.009400,0.0037580705,-0.003244689,-0.002737775,0.00030
19790105,0.006500,0.0053588929,-0.003235766,-0.00381681,0.00030
19790108,-0.002800,0.0009913258,-0.00005895,-0.001010973,0.00030
19790109,0.005100,0.0040837325,-0.001476526,-0.000534782,0.00030
19790110,-0.005300,0.0023440409,0.000429973,0.0005305516,0.00030
19790111,0.004200,0.0019322397,-0.000535998,0.0041237575,0.00030
19790112,0.007600,0.0040130538,-0.003251676,0.0013260868,0.00030
19790115,0.006500,-0.000790947,0.0036184569,0.0039915264,0.00030
19790116,-0.011300,0.0030854544,0.0046503582,-0.002655996,0.00030
19790117,-0.000800,0.0015114749,0.0014309944,-0.001259168,0.00030
19790118,0.004000,0.0045896248,-0.00346706,-0.000963646,0.00030
19790119,-0.000200,0.0036294536,-0.002081539,-0.002962987,0.00030
19790122,0.000600,-0.00311179,0.0043040561,0.0032450102,0.00030
19790123,0.006300,-0.004061341,-0.001261795,-0.002132892,0.00030
19790124,-0.003600,-0.002271363,-0.001118615,-0.000583381,0.00030
19790125,0.009300,-0.003281003,-0.000831562,-0.000228993,0.00030
19790126,0.006400,-0.00056808,-0.002280465,0.0000491859,0.00030
19790129,-0.002400,0.000122729,-0.000998423,-0.000093418,0.00030
19790130,-0.003500,0.0020118217,0.0032246129,-0.00116363,0.00030
19790131,-0.011400,0.0018708933,-0.001566889,-0.00390152,0.00030
19790201,0.000400,-0.002255109,0.0017457236,0.0002745543,0.00040
19790202,-0.003300,0.0038454897,-0.002540293,-0.000053446,0.00040
19790205,-0.013100,-0.002785247,0.0018018692,-0.002649506,0.00040
19790206,-0.000400,0.0010824769,0.0013695421,-0.002452689,0.00040
19790207,-0.009500,-0.003788508,0.0061523836,-0.00253712,0.00040
19790208,0.005200,-0.000129671,-0.004630215,0.0002950296,0.00040
19790209,0.002500,0.00183122,0.0021153445,0.0005966072,0.00040
19790212,0.002500,-0.003381193,0.0007288283,0.0002772955,0.00040
19790213,0.007400,0.0009783923,-0.001043346,0.0030619512,0.00040
19790214,-0.001400,0.0002908241,0.000140816,-0.003268322,0.00040
19790215,-0.000500,0.0043457774,0.0004049786,0.0002420969,0.00040
19790216,0.000300,0.0004340013,-0.001376082,-0.000702388,0.00040
19790220,0.005800,-0.001896832,-0.000314658,0.0015810453,0.00040
19790221,-0.002800,0.0021805419,0.0003123251,-0.001577903,0.00040
19790222,-0.005800,0.001154226,-0.001036782,-0.001709594,0.00040
19790223,-0.005700,-0.000267595,0.0015875937,-0.000419504,0.00040
19790226,-0.001400,0.0011743011,0.0010823898,-0.001314869,0.00040
19790227,-0.016900,-0.0081417,0.0058130188,-0.004786192,0.00040
19790228,0.000900,-0.001003394,0.0012228359,0.001491878,0.00040
19790301,0.006700,-0.000555677,-0.000123755,0.0007902435,0.00040
19790302,0.001100,0.0022023173,-0.000024409,-0.002254779,0.00040
19790305,0.011000,-0.001338936,0.000405411,0.0026732148,0.00040
19790306,-0.002200,0.0016066035,0.0021894941,-0.001332853,0.00040
19790307,0.006400,0.0033338553,-0.001655475,0.0036224327,0.00040
19790308,0.010200,0.0034348613,-0.0010102,0.0009748456,0.00040
19790309,0.000300,0.0002628904,-0.001950005,-0.000329664,0.00040
19790312,0.001600,0.0032801662,0.0002822837,0.0023934288,0.00040
19790313,0.002300,0.002689139,-0.003772511,0.0002715192,0.00040
19790314,-0.000700,0.0004158759,-0.000271766,0.0000888253,0.00040
19790315,0.001700,0.0019442141,-0.000633283,-0.003366131,0.00040
19790316,0.007400,0.0000289066,-0.003860347,0.0018501468,0.00040
19790319,0.003500,-0.00118324,-0.000251675,0.0000270746,0.00040
19790320,-0.005300,0.0035630614,0.0012759064,0.0008172826,0.00040
19790321,0.006500,-0.000113885,-0.001637,0.0030280683,0.00040
19790322,0.004000,-0.001609304,-0.003752426,0.0039210281,0.00040
19790323,-0.000200,0.0057138429,-0.003660863,-0.002273864,0.00040
19790326,-0.005000,0.0025265357,0.0023783247,-0.000997902,0.00040
19790327,0.013000,-0.003935653,-0.001124121,0.0032774826,0.00040
19790328,-0.003600,0.0006572696,-0.000712177,-0.000408215,0.00040
19790329,-0.000300,0.0047153296,-0.003496476,0.0002273041,0.00040
19790330,-0.003100,0.0047575181,0.0012498822,-0.001174765,0.00040
19790402,-0.006900,-0.00028313,0.0048585834,-0.001758829,0.00040
19790403,0.013300,-0.002832783,-0.000105019,0.0056920244,0.00040
19790404,0.003000,-0.000785855,-0.001582829,-0.00098286,0.00040
19790405,0.005500,-0.001714362,0.0016856865,0.0010824266,0.00040
19790406,-0.000700,0.0015299173,-0.003164022,-0.001638198,0.00040
19790409,-0.003000,0.0011481201,0.0027759192,0.0003314054,0.00040
19790410,0.004500,0.0009221095,0.0010492418,-0.001906593,0.00040
19790411,-0.009000,0.0008039701,0.001939732,-0.00519789,0.00040
19790412,-0.002400,0.002428315,0.0009456927,-0.002301384,0.00040
19790416,-0.008700,0.0017445689,0.0014766718,0.0011129722,0.00040
19790417,-0.000800,-0.000377481,0.0013863887,0.0008882679,0.00040
19790418,0.004900,0.0039991971,-0.001974822,0.0022621423,0.00040
19790419,-0.003800,0.0039440424,0.0000684657,-0.000700661,0.00040
19790420,0.000100,0.0016041142,-0.002575213,-0.000541895,0.00040
19790423,0.002900,0.002146852,-0.000674422,0.0052627339,0.00040
19790424,0.005200,-0.000187743,-0.002116238,0.0034295444,0.00040
19790425,0.003200,-0.000334856,-0.000712547,0.00484165,0.00040
19790426,-0.004700,0.0013827291,0.0001152053,0.00181783,0.00040
19790427,-0.002400,0.0052732964,-0.001637258,-0.002138241,0.00040
19790430,-0.000700,0.0014135885,0.0024321602,0.0015968682,0.00040
19790501,-0.000200,0.0033008621,0.0004608611,0.0013151344,0.00040
19790502,0.000500,0.0002238884,0.0008306758,-0.000225057,0.00040
19790503,0.000200,0.0028366115,0.0005588226,0.0019640989,0.00040
19790504,-0.009600,0.0020832359,0.0022925687,-0.001283529,0.00040
19790507,-0.018100,-0.008799538,0.0103657671,-0.0055658,0.00040
19790508,-0.000200,-0.004403951,0.0032071243,-0.00117306,0.00040
19790509,0.003300,0.0005048149,-0.003066253,0.0019767975,0.00040
19790510,-0.008900,0.0001217448,0.0039015764,-0.000768576,0.00040
19790511,0.001200,-0.001210767,-0.002516402,0.0017812727,0.00040
19790514,-0.004800,0.0005865511,0.0003032938,0.0019757084,0.00040
19790515,0.000700,-0.001693434,-0.000537211,-0.002071209,0.00040
19790516,0.002200,-0.000596299,-0.000351847,-0.000383773,0.00040
19790517,0.014700,-0.005654055,-0.002496456,0.0009670695,0.00040
19790518,0.000800,0.0033526307,-0.002302463,0.0016641797,0.00040
19790521,0.003000,0.0013447028,-0.0018691,-0.000201174,0.00040
19790522,0.004600,0.0004219886,-0.000943346,0.0000982194,0.00040
19790523,-0.003900,0.0023822586,-0.002078798,-0.003928192,0.00040
19790524,0.001400,0.0012694901,-0.000372854,-0.000121571,0.00040
19790525,0.002900,0.0013688265,-0.001592928,0.0007839541,0.00040
19790529,-0.001800,0.0008537724,-0.001843428,0.00074908,0.00040
19790530,-0.009400,-0.001855247,0.0058105217,-0.003532068,0.00040
19790531,0.000100,-0.000624513,-0.001933941,-0.001856491,0.00040
19790601,0.001000,0.0030195805,-0.000850925,-0.001937553,0.00040
19790604,0.001800,-0.002529919,0.0014865048,-0.001592688,0.00040
19790605,0.011800,0.0002425211,-0.002675884,0.0032150433,0.00040
19790606,0.006600,-0.002655767,-0.004292519,-0.000755426,0.00040
19790607,0.005700,-0.001024499,-0.0041367,-0.003389663,0.00040
19790608,-0.002000,0.0047306854,-0.000767059,-0.002369358,0.00040
19790611,0.002600,0.0004148308,0.0035063392,0.0000825697,0.00040
19790612,0.009100,-0.000910503,-0.004536341,-0.005039895,0.00040
19790613,-0.003600,0.0007093583,-0.005197201,-0.008808304,0.00040
19790614,-0.001900,-0.000085524,0.0026517297,-0.003414601,0.00040
19790615,0.000500,0.0016643936,0.0002201137,-0.00229527,0.00040
19790618,-0.005700,0.0034782192,-0.001207214,-0.003182981,0.00040
19790619,0.000200,-0.000851677,-0.000045304,-0.000143873,0.00040
19790620,0.001400,0.0028100567,0.0004216154,-0.001182773,0.00040
19790621,0.003900,0.0029200506,-0.001229837,0.0009392198,0.00040
19790622,0.004400,-0.000071654,0.0007744953,-0.000921579,0.00040
19790625,-0.005200,-0.000772474,0.0061056589,-0.002001335,0.00040
19790626,-0.004400,-0.001096771,0.0040320279,-0.003800254,0.00040
19790627,0.005600,0.0003659611,-0.000214113,-0.002900951,0.00040
19790628,0.005400,0.0012285361,0.0013434263,-0.002066381,0.00040
19790629,0.000300,0.0001332219,0.0016237961,-0.000468858,0.00040
19790702,-0.009100,-0.000293218,0.0049166214,-0.001275464,0.00040
19790703,0.001400,0.0003108594,-0.002159648,-0.000550132,0.00040
19790705,0.003700,0.0011374468,-0.000326451,-0.002730159,0.00040
19790706,0.010400,-0.0024748,-0.000015405,0.0001394817,0.00040
19790709,0.007700,-0.002497412,-0.000035626,0.0003922563,0.00040
19790710,-0.003100,0.0017108063,0.0013533944,-0.00022314,0.00040
19790711,-0.005800,0.0049464549,0.0008801624,-0.004677225,0.00040
19790712,-0.007500,0.0033585277,0.0009888073,-0.004485629,0.00040
19790713,-0.003400,0.0010520785,-0.002980678,-0.000679221,0.00040
19790716,0.004000,-0.001471123,0.0015606604,0.0013847197,0.00040
19790717,-0.009600,-0.002805754,0.0052186458,0.0003373163,0.00040
19790718,-0.002900,-0.003632892,0.0014745732,0.0003161729,0.00040
19790719,-0.000100,0.0051099248,-0.001798769,-0.000461259,0.00040
19790720,0.002400,0.0011932113,-0.000411207,-0.000525031,0.00040
19790723,-0.002900,-0.00072857,0.00001578,0.0006951889,0.00040
19790724,0.003100,0.0016428809,0.0010042089,0.0019536508,0.00040
19790725,0.010600,-0.002489468,0.0000368784,0.0012311494,0.00040
19790726,0.001100,0.0036652897,-0.005820537,-0.002754794,0.00040
19790727,0.001300,0.001167371,0.000429817,-0.002025729,0.00040
19790730,0.001300,0.0009018895,-0.001063829,-0.001751503,0.00040
19790731,0.005900,-0.000716247,0.0005216131,-0.002900929,0.00040
19790801,0.003500,0.0023948809,0.0000958534,-0.001492001,0.00030
19790802,0.000500,0.0027875042,-0.004113227,-0.003501797,0.00030
19790803,-0.000800,0.0004625406,0.0008566387,-0.000661507,0.00030
19790806,0.002000,-0.001271808,-0.00077164,0.001914833,0.00030
19790807,0.011800,-0.001951098,-0.001518867,0.0024918552,0.00030
19790808,0.003300,0.000856195,-0.006171903,0.0006739458,0.00030
19790809,-0.002900,0.0054987832,-0.002362864,0.0009337041,0.00030
19790810,0.008100,-0.000444739,-0.000586483,0.0026615136,0.00030
19790813,0.008600,-0.001808355,-0.004419135,0.0038251123,0.00030
19790814,0.001400,0.0012016179,-0.000264957,0.0016022618,0.00030
19790815,0.006900,0.0007114209,-0.001537812,0.0019043216,0.00030
19790816,-0.001900,-0.000386554,-0.000931972,-0.002079117,0.00030
19790817,0.002500,0.0014291357,-0.000615338,0.0032986998,0.00030
19790820,0.004800,-0.002093203,-0.000411905,0.004027692,0.00030
19790821,0.000200,0.0008543341,0.0022321546,-0.000126256,0.00030
19790822,0.001400,0.0014560892,0.0011821765,0.0009242514,0.00030
19790823,-0.002800,0.0035723559,-0.001355043,-0.002646158,0.00030
19790824,0.000000,-0.001513999,0.0013005988,0.001475822,0.00030
19790827,0.005300,-0.000427755,0.0000520879,0.0038435643,0.00030
19790828,-0.001000,0.0006720111,-0.000554646,0.0003886927,0.00030
19790829,0.000100,0.0009424897,-0.001944048,0.0014741505,0.00030
19790830,-0.000200,0.0044520364,-0.001318957,0.0008072192,0.00030
19790831,0.003100,0.0039429069,-0.002058577,0.0017790155,0.00030
19790904,-0.016100,-0.001112643,0.0029987552,-0.003597998,0.00040
19790905,-0.012500,-0.010413561,0.0070232021,-0.002936852,0.00040
19790906,0.004700,0.0048122066,-0.004600695,0.0045335321,0.00040
19790907,0.007600,-0.000428395,-0.000434836,0.0044017209,0.00040
19790910,0.004700,0.0024813532,-0.000226029,0.0033174418,0.00040
19790911,-0.006800,-0.00058842,0.0024135634,0.0006780618,0.00040
19790912,0.003100,-0.001549521,-0.001731476,0.0015966551,0.00040
19790913,0.000300,0.0019212713,-0.003569723,-0.000183699,0.00040
19790914,0.009100,0.0022666812,0.0001232495,0.0052325198,0.00040
19790917,-0.001000,-0.00099051,0.0029608489,0.0026811369,0.00040
19790918,-0.007600,-0.000279257,0.0028783797,0.0026253117,0.00040
19790919,0.002100,0.001996286,-0.000738054,0.0010197492,0.00040
19790920,0.016700,-0.004929391,0.0068186756,0.0128189419,0.00040
19790921,-0.000500,0.0003822909,-0.00408724,-0.003562378,0.00040
19790924,-0.007900,-0.001605714,-0.000881358,-0.000817657,0.00040
19790925,0.000100,-0.001919757,-0.000168631,0.0016755361,0.00040
19790926,0.002100,0.0001603444,-0.002608153,0.0026972121,0.00040
19790927,0.001000,0.0009903755,0.0002285879,0.0028941159,0.00040
19790928,-0.006900,0.0036546947,0.0016303767,-0.002065459,0.00040
19791001,-0.005800,0.0007136856,-0.001796914,0.0002251314,0.00040
19791002,0.007800,0.0000492885,-0.000929829,0.0026333206,0.00040
19791003,0.001300,0.0026760025,-0.00460016,0.002769726,0.00040
19791004,0.005600,0.0018682849,-0.00100344,0.0023272719,0.00040
19791005,0.008500,0.0006414971,-0.000125588,0.0024704567,0.00040
19791008,-0.012400,-0.002230976,-0.000230551,-0.000154263,0.00040
19791009,-0.034400,-0.017234101,0.011002624,-0.000782278,0.00040
19791010,-0.019200,-0.023397099,0.0114887389,0.0017790433,0.00040
19791011,-0.000200,0.0066243404,-0.009052554,0.0027450512,0.00040
19791012,-0.003100,0.0050099621,-0.002830103,-0.000320162,0.00040
19791015,-0.012300,-0.004647028,0.0026295915,0.0027551125,0.00040
19791016,-0.002100,0.0013328041,-0.001835117,-0.000036288,0.00040
19791017,0.003000,0.0035011102,-0.004519372,0.0002862181,0.00040
19791018,0.001800,0.002922929,0.00124452,0.0010049704,0.00040
19791019,-0.021000,-0.000789993,0.0092058294,0.0017062682,0.00040
19791022,-0.014300,-0.017291275,0.0070654289,-0.000211924,0.00040
19791023,-0.003700,0.000068358,-0.001258329,0.0044794792,0.00040
19791024,0.002100,0.0033272961,-0.002250803,0.0034397648,0.00040
19791025,-0.003400,0.0009182218,-0.001300915,-0.002437655,0.00040
19791026,0.006500,0.0019506955,-0.006281826,-0.001275292,0.00040
19791029,0.001600,-0.001527782,-0.000089863,0.0006096402,0.00040
19791030,0.017700,-0.002410481,-0.002819415,0.0068259273,0.00040
19791031,-0.006200,0.0054198111,-0.000763409,-0.000617131,0.00040
19791101,0.007900,0.002414467,-0.001151233,0.0072537121,0.00050
19791102,0.001700,0.0054356323,-0.000257694,0.0002114355,0.00050
19791105,-0.006800,-0.000136342,0.0015104598,-0.001531051,0.00050
19791106,-0.006100,0.0010916994,0.001023921,0.0020253386,0.00050
19791107,-0.012400,-0.001529483,0.0042587372,-0.000348037,0.00050
19791108,0.005300,-0.002871127,-0.004205764,0.0015148719,0.00050
19791109,0.012400,-0.001718504,-0.00494683,-0.000035715,0.00050
19791112,0.017100,-0.006495291,-0.002201641,0.0084416942,0.00050
19791113,-0.003600,0.0028293116,-0.003292455,-0.001666124,0.00050
19791114,0.003700,0.000124301,-0.006860688,0.0038264825,0.00050
19791115,0.007300,0.0022947621,-0.00447768,0.0052242455,0.00050
19791116,-0.001900,0.0011140736,-0.002629861,0.0026567042,0.00050
19791119,0.004000,-0.000156742,-0.002892711,0.0058038072,0.00050
19791120,-0.004700,0.0031893256,0.0003940481,0.0001168542,0.00050
19791121,0.000800,-0.003528262,-0.001543694,0.0008732658,0.00050
19791123,0.007600,0.001476562,-0.002525828,0.0021560904,0.00050
19791126,0.021100,-0.003314023,-0.00526245,-0.001733942,0.00050
19791127,-0.001900,0.0080989068,-0.002255205,-0.010037364,0.00050
19791128,0.004200,0.0034280168,-0.001587671,0.0009647972,0.00050
19791129,0.000700,0.0055960596,-0.000672167,-0.000284842,0.00050
19791130,-0.004900,0.0042283196,0.0008542577,0.0000661862,0.00050
19791203,-0.003000,0.0038189675,0.0008637709,0.0023677118,0.00050
19791204,0.008200,-0.000341975,-0.002617852,0.0049898022,0.00050
19791205,0.004900,0.000301337,-0.00430213,0.0021746232,0.00050
19791206,0.006800,0.0032261965,-0.002051889,0.0019191088,0.00050
19791207,-0.003500,0.0044429028,-0.001280538,-0.00167982,0.00050
19791210,0.002200,0.00018394,-0.004975062,0.0023629767,0.00050
19791211,-0.002200,0.0012824121,0.0011410242,0.0022590971,0.00050
19791212,0.000600,0.0045920343,-0.001015407,0.0052867476,0.00050
19791213,0.001400,-0.001066653,-0.000167258,0.0049607458,0.00050
19791214,0.010500,-0.001383212,0.0009315796,0.008918047,0.00050
19791217,0.004400,0.0029721144,-0.00384135,0.0048832566,0.00050
19791218,-0.009200,0.0028782911,0.0031293165,-0.004571963,0.00050
19791219,-0.001300,-0.001033459,0.0009552768,-0.001577719,0.00050
19791220,0.001300,0.0046322418,0.0001546084,0.0003806659,0.00050
19791221,-0.006100,0.0061488732,-0.000754969,-0.002085268,0.00050
19791224,0.000300,0.0011932383,0.0033386121,-0.002633035,0.00050
19791226,0.000900,-0.002091228,-0.000496752,-0.000818123,0.00050
19791227,0.000700,-0.000439829,-0.000383511,-0.000603334,0.00050
19791228,0.000300,0.0025603509,-0.002425206,0.0005847577,0.00050
19791231,0.000500,0.0028654816,0.0001780489,0.0029996032,0.00050
19800102,-0.020400,-0.003373626,0.0079343051,-0.014875848,0.00040
19800103,-0.007300,-0.007422027,0.0075122626,-0.003708179,0.00040
19800104,0.013200,0.0082187542,-0.01117995,0.0018682847,0.00040
19800107,0.003900,0.0035913751,-0.003178547,0.0001654044,0.00040
19800108,0.019300,-0.003576874,0.0004081223,0.0090209758,0.00040
19800109,0.001100,0.0030631384,-0.005731102,-0.001767523,0.00040
19800110,0.008700,0.0047192203,0.001128308,0.0051298211,0.00040
19800111,0.002000,0.0032322028,-0.000599538,-0.000444349,0.00040
19800114,0.003400,0.0027434642,-0.000162352,0.0009819812,0.00040
19800115,0.005500,0.0006775986,0.0047153172,0.0056920563,0.00040
19800116,0.000400,0.0022833222,0.0008928618,0.0036370558,0.00040
19800117,-0.002800,0.0049959462,0.0020124688,0.0018125083,0.00040
19800118,0.002200,0.0034753215,0.0017184183,0.0025864021,0.00040
19800121,0.008500,-0.001443264,0.0031894574,0.0052428838,0.00040
19800122,-0.005900,0.0018470991,0.0045323196,-0.003564132,0.00040
19800123,0.015000,-0.000850455,0.0029985903,0.0071321695,0.00040
19800124,0.002500,0.0039947316,-0.004904096,0.0053001342,0.00040
19800125,-0.000300,0.0016289812,-0.002361232,0.0020118362,0.00040
19800128,0.010000,0.0008237745,-0.000422226,0.00925414,0.00040
19800129,-0.006500,-0.000141947,0.0004808493,-0.001041179,0.00040
19800130,0.009300,-0.002569229,0.0020077185,0.0059685671,0.00040
19800131,-0.007200,0.0064044418,-0.002292706,0.0006773629,0.00040
19800201,0.006600,0.0000164347,0.0025234203,0.002427524,0.00040
19800204,-0.004500,0.0016057649,-0.001280311,-0.000907359,0.00040
19800205,0.002000,-0.000449529,0.0024499384,2.2020336E-7,0.00040
19800206,0.008400,-0.003479931,0.0027349481,0.0100973543,0.00040
19800207,0.004300,-0.002473944,0.0012043808,0.006880722,0.00040
19800208,0.012400,-0.010044659,0.0014715876,0.0099591127,0.00040
19800211,-0.007300,0.0021623243,0.0029120623,0.0022590682,0.00040
19800212,0.005800,-0.0027292,0.0028645924,0.0052171085,0.00040
19800213,0.002700,-0.001663213,-0.000242294,0.0039634743,0.00040
19800214,-0.014200,0.0023315267,-0.000130469,-0.00715134,0.00040
19800215,-0.009200,0.0056430668,0.0004098847,-0.001267378,0.00040
19800219,-0.007900,0.0029946496,0.0004856833,0.0038977834,0.00040
19800220,0.014000,-0.005049027,-0.000151792,0.0136417106,0.00040
19800221,-0.009200,0.0036628719,-0.000058375,0.0080119897,0.00040
19800222,-0.004000,-0.003113537,0.0044588756,0.0075379877,0.00040
19800225,-0.014200,0.0035151743,0.0003757298,0.0011203677,0.00040
19800226,0.005600,-0.002006628,0.0035062238,0.0018637713,0.00040
19800227,-0.012400,0.0060313921,-0.007214976,-0.003611408,0.00040
19800228,-0.000300,0.0001285956,0.0021505386,0.0028181561,0.00040
19800229,0.009700,-0.010106427,-0.004894581,-0.003255978,0.00040
19800303,-0.009400,0.0018926403,0.0007789591,-0.003671518,0.00060
19800304,-0.000800,-0.004684797,0.0099429632,0.0069005673,0.00060
19800305,-0.015800,0.001969704,0.0043042713,0.0021461845,0.00060
19800306,-0.024200,-0.008617313,-0.000342644,-0.007143574,0.00060
19800307,-0.017300,0.0008825712,-0.006598042,-0.012087265,0.00060
19800310,-0.007500,-0.015051715,0.0088202837,-0.008007148,0.00060
19800311,0.012000,-0.001983181,-0.002966611,-0.003486186,0.00060
19800312,-0.007000,0.0079196002,-0.001052196,-0.002645082,0.00060
19800313,-0.010200,0.0027473621,-0.005470737,-0.006706803,0.00060
19800314,-0.003400,-0.005184381,-0.000681924,-0.007655959,0.00060
19800317,-0.032000,-0.003656874,0.0038825671,-0.01247965,0.00060
19800318,0.013300,-0.016299083,0.0052262869,0.0077744491,0.00060
19800319,0.003500,0.0060445673,-0.00601821,0.0028398951,0.00060
19800320,-0.010500,0.0033750168,-0.004982427,-0.004595742,0.00060
19800321,-0.007700,0.0030666455,0.0012000281,0.0004479987,0.00060
19800324,-0.031300,-0.004128555,0.0077508072,-0.015177344,0.00060
19800325,-0.005500,-0.013235499,0.0043854453,-0.002986724,0.00060
19800326,-0.005400,0.0001167633,-0.006983319,-0.008533274,0.00060
19800327,-0.018400,-0.042145539,0.0335352184,-0.000675006,0.00060
19800328,0.029300,0.0155675671,-0.03060161,0.0115366034,0.00060
19800331,0.014400,0.0008004694,-0.007421503,-0.002241906,0.00060
19800401,0.003200,0.0043696114,-0.007974456,-0.011150103,0.00060
19800402,0.008300,0.003172741,-0.001242315,-0.011360999,0.00060
19800403,-0.004200,0.0020677592,-0.000608021,-0.005597977,0.00060
19800407,-0.020700,0.0006232519,0.0024930119,-0.007572941,0.00060
19800408,0.009300,-0.004266996,-0.004650452,0.0007269119,0.00060
19800409,0.018000,-0.003182211,0.0056681318,0.008385634,0.00060
19800410,0.008600,0.0067631342,-0.009776957,-0.009259837,0.00060
19800411,-0.001100,0.0045344972,0.0013634317,-0.005728545,0.00060
19800414,-0.010300,-0.000100469,0.0049096776,0.001078998,0.00060
19800415,-0.002300,-0.000369951,0.0041831032,0.0015849298,0.00060
19800416,-0.010700,0.0007136823,0.0044499177,-0.015389984,0.00060
19800417,-0.005400,-0.002981811,-0.00058475,-0.007082449,0.00060
19800418,-0.004100,0.004124264,-0.003130448,-0.006123336,0.00060
19800421,-0.008800,-0.000804904,0.008176234,-0.002062766,0.00060
19800422,0.033900,-0.005369823,-0.009483888,0.0168535492,0.00060
19800423,0.003500,0.0043586797,-0.0037651,0.0005497698,0.00060
19800424,0.008100,-0.002694007,-0.007804349,0.0021684028,0.00060
19800425,0.004700,-0.007672808,0.0045269876,0.0085265206,0.00060
19800428,0.004000,0.0036566009,-0.001244976,-0.002547892,0.00060
19800429,0.002800,0.0006898557,0.0001702259,0.001391593,0.00060
19800430,0.003000,0.0028559859,0.0007725372,0.0003289003,0.00060
19800501,-0.006600,0.001492466,0.0012894517,-0.002645045,0.00040
19800502,0.001600,-0.000385029,-0.001732361,-0.003599955,0.00040
19800505,0.007600,-0.003002587,0.0018527985,-0.008029687,0.00040
19800506,0.001400,0.0013923911,0.0028197796,-0.009100125,0.00040
19800507,0.008700,-0.001365649,0.0039781343,-0.011726242,0.00040
19800508,-0.007000,0.0045545258,0.0019468363,-0.004588433,0.00040
19800509,-0.011800,0.0080971934,0.0020070221,-0.00329953,0.00040
19800512,-0.000200,0.0003983161,0.0020511583,-0.00295274,0.00040
19800513,0.011900,-0.001327407,-0.00371684,0.0061008857,0.00040
19800514,0.006500,0.0000138222,-0.003611534,0.0020462418,0.00040
19800515,0.002000,0.0058520136,-0.004011563,-0.001721152,0.00040
19800516,0.003800,0.0038145097,-0.005319427,0.0043838984,0.00040
19800519,0.002500,0.0025099644,-0.002095425,0.0052393959,0.00040
19800520,-0.000800,0.0020454349,-0.001048431,0.0019676471,0.00040
19800521,0.000700,0.0010783065,-0.001115994,0.0045613262,0.00040
19800522,0.012100,-0.004793071,-0.000648924,0.0037675711,0.00040
19800523,0.014500,-0.003612797,0.0028723852,0.0019018117,0.00040
19800527,0.006600,0.0021687585,-0.00177293,0.0033319019,0.00040
19800528,0.006100,-0.002276637,-0.002052425,0.0058671731,0.00040
19800529,-0.014800,0.0016051882,-0.001606129,-0.001678729,0.00040
19800530,0.007000,-0.004580315,-0.002009209,0.000887086,0.00040
19800602,-0.002500,0.0044801947,-0.001463252,0.0017488291,0.00030
19800603,-0.002000,0.0036635136,0.0018986967,0.0020368881,0.00030
19800604,0.016900,-0.005182158,-0.002743002,0.0053815488,0.00030
19800605,0.002100,-0.001294751,-0.001610606,-0.000547413,0.00030
19800606,0.004000,0.0009738847,-0.003651781,0.0008048715,0.00030
19800609,0.003700,0.0026788395,-0.002823493,0.0046385579,0.00030
19800610,0.008000,-0.00231983,0.0006677388,0.0004253338,0.00030
19800611,0.010800,-0.003761481,-0.000650669,0.0057093844,0.00030
19800612,-0.002500,-0.004231971,0.0028469807,-0.005727078,0.00030
19800613,0.002900,0.0017011855,-0.000037867,-0.008766693,0.00030
19800616,0.001600,0.0015754665,-0.000466506,0.0028538249,0.00030
19800617,-0.000100,-0.000332477,-0.000476021,0.0026087721,0.00030
19800618,0.001400,-0.002165535,0.0005592848,0.0024584346,0.00030
19800619,-0.012700,0.0066564133,0.0004975397,-0.0043346,0.00030
19800620,-0.004200,0.0025304418,0.0031764723,-0.0040479,0.00030
19800623,0.003800,0.0008848502,-0.000741783,0.0002078021,0.00030
19800624,0.005700,-0.003423613,-0.003110542,-0.000555712,0.00030
19800625,0.012100,0.0012508627,-0.003120728,0.0041903701,0.00030
19800626,-0.003500,0.0022256075,-0.001480768,0.0006135111,0.00030
19800627,-0.001200,0.0024850205,0.0000584207,-0.00169697,0.00030
19800630,-0.014600,0.0023461518,0.0048471333,-0.005345485,0.00030
19800701,0.005500,0.0025573648,0.0020582619,0.0055649047,0.00020
19800702,0.006600,0.0023187828,-0.002342966,0.0006099508,0.00020
19800703,0.013900,-0.002998779,-0.002655397,0.0058045615,0.00020
19800707,0.007700,-0.000862594,-0.005869343,0.0053750397,0.00020
19800708,-0.003000,0.0027586335,0.002548506,-0.002102741,0.00020
19800709,0.001300,0.0007921027,-0.000661419,-0.001165075,0.00020
19800710,-0.007500,0.0042876175,-0.000935918,-0.003649563,0.00020
19800711,0.007000,0.0032053616,-0.002506768,0.003685055,0.00020
19800714,0.017300,0.0005135101,-0.003840508,0.0068136581,0.00020
19800715,-0.004600,0.0027674323,0.0029634547,-0.000776312,0.00020
19800716,0.002100,0.005515739,-0.002960062,0.0004582518,0.00020
19800717,0.014100,-0.002372368,-0.007157869,0.0095707044,0.00020
19800718,0.003300,0.0019438327,-0.0016308,0.0011255001,0.00020
19800721,0.003400,0.0029029785,-0.002152947,0.0040905101,0.00020
19800722,-0.002600,-0.001264316,0.0017826577,0.0017344387,0.00020
19800723,-0.001700,0.0031612365,0.0019491024,0.0057622421,0.00020
19800724,-0.001100,0.0021691168,-0.002691055,0.0020100902,0.00020
19800725,-0.007600,0.0016302001,-0.002586581,-0.00076249,0.00020
19800728,0.004300,-0.002591743,0.0043471173,0.0031297463,0.00020
19800729,0.007600,0.0009225715,-0.005474384,-0.000677762,0.00020
19800730,0.000800,0.0044246526,-0.001939007,-0.001844391,0.00020
19800731,-0.003700,0.0004356881,0.0024528711,-0.002193668,0.00020
19800801,-0.001800,0.0078133769,0.0006276821,0.0017541443,0.00030
19800804,-0.003600,0.0009400243,0.0047999722,0.0002455538,0.00030
19800805,-0.000100,0.0071245234,-0.001288175,0.0027967671,0.00030
19800806,0.006600,0.001410435,-0.001380804,0.005367988,0.00030
19800807,0.014500,-0.001719128,-0.000653002,0.0079639489,0.00030
19800808,0.002900,0.0006388546,-0.001141224,0.0020707039,0.00030
19800811,0.009100,-0.002272808,-0.003388178,0.0041953849,0.00030
19800812,-0.007400,0.0014071649,0.0004825237,-0.000624569,0.00030
19800813,-0.002900,0.0063250498,-0.001575049,0.0006671073,0.00030
19800814,0.014900,-0.001114528,0.0003546658,0.0053325539,0.00030
19800815,0.004000,0.0010106952,-0.001934731,0.0008615601,0.00030
19800818,-0.017900,-0.000065297,0.0046162922,-0.005451794,0.00030
19800819,-0.006200,0.0004769636,0.0004731466,0.0007113531,0.00030
19800820,0.009800,0.0010799108,-0.005089788,0.0039435935,0.00030
19800821,0.014800,-0.001797362,-0.00928306,0.0071103533,0.00030
19800822,0.006000,-0.000507558,-0.008142419,0.0045363219,0.00030
19800825,-0.005000,0.0052853407,-0.002607792,0.0027325502,0.00030
19800826,-0.001200,0.0036196484,-0.002922528,0.0032187852,0.00030
19800827,-0.009400,0.0059331351,-0.00003611,-0.002756614,0.00030
19800828,-0.011500,0.000949528,0.0047277258,-0.005520548,0.00030
19800829,0.002600,0.0003562799,-0.000062573,-0.001453451,0.00030
19800902,0.009900,-0.003015416,-0.00188345,0.0038000527,0.00040
19800903,0.019300,-0.004467774,-0.005425571,0.0003440906,0.00040
19800904,-0.003900,0.0064306754,-0.002424994,0.000687858,0.00040
19800905,-0.003200,0.0064248538,-0.002505343,0.00347836,0.00040
19800908,-0.012100,0.0068931333,0.0005385325,-0.002114572,0.00040
19800909,0.005400,-0.000596484,0.0001665565,0.0008753184,0.00040
19800910,0.006700,0.0063858102,-0.00074979,0.0023183245,0.00040
19800911,0.006800,0.0057201569,-0.003076004,0.0060294868,0.00040
19800912,0.000800,0.0057012748,-0.00559013,0.0004958306,0.00040
19800915,0.000800,-0.000299953,0.0011235123,0.0005275051,0.00040
19800916,0.009000,-0.003298711,-0.011061116,0.0085456801,0.00040
19800917,0.015000,-0.007829622,-0.006825177,0.0093395823,0.00040
19800918,-0.003400,0.0015786659,-0.001465483,0.0009502058,0.00040
19800919,0.005700,0.0019299181,-0.002718093,0.0044832898,0.00040
19800922,0.007600,-0.00362548,-0.004363731,0.0076237248,0.00040
19800923,-0.006800,-0.001905788,0.003114322,0.0002768761,0.00040
19800924,0.006100,-0.006390225,-0.005430776,0.0066333464,0.00040
19800925,-0.011800,0.0067720344,0.0027070667,-0.001284223,0.00040
19800926,-0.020100,-0.003570624,0.0071845679,-0.005750117,0.00040
19800929,-0.024200,-0.00780409,0.0081929992,-0.007582413,0.00040
19800930,0.015000,0.0010057393,-0.01166526,0.0093425407,0.00040
19801001,0.013100,-0.001710477,-0.016414305,0.017655728,0.00040
19801002,0.007100,-0.001501023,-0.003066412,0.002904576,0.00040
19801003,0.011200,0.0027789877,-0.007769944,0.0019911602,0.00040
19801006,0.017100,-0.001854169,-0.011538768,0.0098954628,0.00040
19801007,-0.004900,0.0010527091,0.0015055181,-0.000861371,0.00040
19801008,0.004900,0.0013209163,-0.002945664,0.0037018902,0.00040
19801009,-0.003700,0.0052122261,0.0002306882,-0.002777346,0.00040
19801010,-0.004300,0.0077937158,0.0006228782,-0.002578138,0.00040
19801013,0.011200,-0.003954767,-0.004624852,0.0090479274,0.00040
19801014,-0.000100,-0.000168753,-0.000625044,0.0008799938,0.00040
19801015,0.011100,-0.004096468,0.0007419082,0.0085715069,0.00040
19801016,-0.011800,0.0035483133,0.0043531858,-0.005744114,0.00040
19801017,-0.005200,-0.000022672,0.0023708641,-0.002689994,0.00040
19801020,0.006000,-0.0013238,-0.002327808,0.006639283,0.00040
19801021,-0.006200,0.0034435275,-0.001901515,0.0020901262,0.00040
19801022,0.001500,0.0041499675,-0.0036324,-0.000078043,0.00040
19801023,-0.017900,0.0038285902,0.0057575996,-0.007530236,0.00040
19801024,0.002400,-0.001668352,0.0015464172,0.0006273844,0.00040
19801027,-0.014000,0.0047814247,0.0073369921,-0.003765819,0.00040
19801028,0.000000,0.0012602064,-0.002248242,0.0039194731,0.00040
19801029,-0.001400,-0.000837368,0.0014294932,0.000575267,0.00040
19801030,-0.014400,0.0026895174,0.0111546091,-0.004357063,0.00040
19801031,0.009600,-0.006318191,-0.002093092,0.0029206356,0.00040
19801103,0.011100,-0.004493915,-0.005930116,0.0101882944,0.00050
19801105,0.016900,-0.004772481,-0.007739744,0.0155604046,0.00050
19801106,-0.017800,0.0015928934,0.0035247776,-0.001397042,0.00050
19801107,0.001200,-0.00612012,-0.001871713,0.0035948832,0.00050
19801110,0.002700,-0.002270681,-0.006451637,0.0053993112,0.00050
19801111,0.012000,-0.00308655,-0.004971487,0.0016174525,0.00050
19801112,0.023500,-0.012398393,-0.010302941,0.0048356539,0.00050
19801113,0.014600,-0.004967308,-0.006567047,0.005386746,0.00050
19801114,0.004900,0.0015747727,-0.004803855,0.0082060909,0.00050
19801117,0.003900,-0.006191634,-0.005585986,0.0076706184,0.00050
19801118,0.013800,-0.006736006,-0.007703683,0.0109581363,0.00050
19801119,-0.003700,0.0073525068,-0.003219745,0.0023179979,0.00050
19801120,0.009200,-0.001644258,0.0010378716,0.0042785473,0.00050
19801121,-0.008700,0.0058674193,0.0006697933,0.0005564474,0.00050
19801124,-0.006300,-0.002956547,0.0020697037,-0.002717191,0.00050
19801125,0.007400,-0.002594847,-0.005144361,0.0037456348,0.00050
19801126,0.005000,0.0026658278,-0.005271161,0.0079942322,0.00050
19801128,0.002700,0.0017935803,-0.001579841,0.0018814976,0.00050
19801201,-0.022100,0.0088959822,0.0015443142,-0.005358737,0.00060
19801202,-0.003000,-0.002708868,0.0042383238,-0.003722262,0.00060
19801203,-0.000700,0.0059585707,-0.001194226,0.0011081495,0.00060
19801204,-0.001300,0.0062247096,0.0010598453,-0.0064867,0.00060
19801205,-0.019100,0.0061876372,0.0051394088,-0.008012613,0.00060
19801208,-0.027000,-0.004382393,0.0150870277,-0.014249206,0.00060
19801209,-0.002100,-0.005451544,-0.001640991,-0.001599771,0.00060
19801210,-0.016100,0.0029385751,0.0069926808,-0.008284474,0.00060
19801211,-0.011500,-0.013849228,0.0064870609,-0.001915031,0.00060
19801212,0.013800,-0.001098621,-0.009419663,0.0070399456,0.00060
19801215,0.001100,0.0018116029,-0.001616535,0.003411625,0.00060
19801216,0.007200,-0.006585747,-0.000379317,0.0072624401,0.00060
19801217,0.015200,-0.006020009,-0.004671124,0.0042697376,0.00060
19801218,0.004000,0.0015115032,-0.003274516,-0.021266295,0.00060
19801219,0.005700,0.0064201756,0.0070460853,-0.015343626,0.00060
19801222,0.012900,-0.004926951,0.0057985406,-0.007186725,0.00060
19801223,-0.003100,0.0031686482,0.0017976587,-0.004651279,0.00060
19801224,0.003400,-0.002773416,0.0011371721,0.0011204974,0.00060
19801226,0.004400,-0.000237545,-0.002045361,0.0013854575,0.00060
19801229,-0.010700,0.0029534964,0.0009446623,0.0033551008,0.00060
19801230,0.001600,0.0001961375,-0.004808937,0.0061108194,0.00060
19801231,0.003500,0.0057670725,0.0009371928,-0.004979628,0.00060
19810102,0.005600,0.0053411151,0.0020418959,-0.004567369,0.00050
19810105,0.009500,0.0025501804,0.0107852516,-0.008619598,0.00050
19810106,0.000500,0.0015515484,0.012034577,-0.010981657,0.00050
19810107,-0.026400,-0.01189521,0.0161897599,-0.013334396,0.00050
19810108,-0.013700,0.007240546,0.0046714631,-0.007926011,0.00050
19810109,0.003700,0.0071608256,0.003965738,0.0056049894,0.00050
19810112,0.000200,0.0037465828,0.0049412767,-0.002717405,0.00050
19810113,-0.003300,0.0040590558,0.0023695337,0.0024523579,0.00050
19810114,0.002600,0.0007101893,-0.005102,0.0036377331,0.00050
19810115,0.004800,-0.000796497,-0.004456385,0.0077387162,0.00050
19810116,0.004800,-0.003437871,-0.003480941,0.0024735419,0.00050
19810119,-0.002400,0.0010874185,-0.000226367,-0.000653087,0.00050
19810120,-0.018900,0.0050849192,0.0024372695,-0.00431881,0.00050
19810121,-0.003600,0.0010156425,0.0024009275,-0.001940183,0.00050
19810122,-0.008200,0.0034365849,0.0018356219,0.0010482063,0.00050
19810123,-0.000500,0.0020862468,-0.000725552,0.0008697822,0.00050
19810126,-0.005100,0.0004817545,0.0042196888,-0.004039106,0.00050
19810127,0.010000,-0.002585011,-0.001069816,0.0046924274,0.00050
19810128,-0.004600,0.002451656,0.0024852881,-0.005976597,0.00050
19810129,-0.000800,0.0019231047,0.008995235,-0.00366271,0.00050
19810130,-0.004700,0.0010206015,0.0077414446,-0.007344589,0.00050
19810202,-0.022400,-0.000100956,0.01958078,-0.011840209,0.00060
19810203,0.010700,-0.005874705,-0.001225906,0.0006304033,0.00060
19810204,0.002200,0.0059065081,-0.003933047,-0.001132597,0.00060
19810205,0.009300,-0.000251877,-0.001272249,0.000241004,0.00060
19810206,0.007700,-0.00319247,-0.007245981,0.0059178985,0.00060
19810209,-0.009900,0.0104840059,0.0056437308,-0.004060533,0.00060
19810210,-0.001400,0.0015135755,0.0045377161,0.002298122,0.00060
19810211,-0.007400,0.0063423454,0.0054639334,-0.005253827,0.00060
19810212,-0.006600,0.0007068633,0.0075062429,-0.001843665,0.00060
19810213,-0.003100,0.0009072775,-0.00162134,0.0033757866,0.00060
19810217,0.004400,-0.007357762,-0.002136295,0.0047978594,0.00060
19810218,0.004500,-0.003534067,-0.000442335,0.0015839654,0.00060
19810219,-0.014700,0.0046002946,0.006025902,-0.00167359,0.00060
19810220,-0.001900,0.0012378544,-0.000476591,-0.00379221,0.00060
19810223,0.005400,-0.001204291,0.0033881338,-0.001161255,0.00060
19810224,0.001800,0.0015629434,0.0017622709,-0.000021782,0.00060
19810225,0.007000,-0.006581466,0.0071672999,0.0003272063,0.00060
19810226,0.011600,-0.001284691,-0.003032515,0.003491517,0.00060
19810227,0.009600,-0.001498838,-0.006016426,0.0036282831,0.00060
19810302,0.006000,-0.001445271,-0.003510026,0.0003053687,0.00050
19810303,-0.009200,0.0071174131,0.0006183349,-0.003114437,0.00050
19810304,0.001400,0.000698508,0.0014990212,-0.000873519,0.00050
19810305,-0.005100,0.0086523302,0.0028376466,0.0006684168,0.00050
19810306,-0.000900,0.0070275128,0.0040999162,-0.003126326,0.00050
19810309,0.007300,-0.000964255,0.0016725368,0.0028196419,0.00050
19810310,-0.004600,0.0024134862,0.004469286,0.0000992915,0.00050
19810311,-0.003200,0.0022473545,0.00240861,-0.002420019,0.00050
19810312,0.022100,-0.013483088,-0.003023741,0.0005853951,0.00050
19810313,0.000800,0.0020261462,-0.00176867,-0.005411534,0.00050
19810316,0.010200,-0.001794603,0.002215005,-0.000264427,0.00050
19810317,-0.004500,0.0058142224,0.0022043764,-0.002656503,0.00050
19810318,0.002200,0.0057103306,0.0012008524,-0.006467733,0.00050
19810319,-0.005000,0.0129037166,0.0011555728,-0.005353737,0.00050
19810320,0.006200,0.0052407736,-0.002831619,0.0003647289,0.00050
19810323,0.010200,-0.007360982,-0.002986053,0.0062222292,0.00050
19810324,-0.005800,0.0038597759,-0.004568172,0.0049696472,0.00050
19810325,0.015400,-0.010548805,-0.004749413,0.0077578548,0.00050
19810326,-0.004500,0.0027919484,-0.005775716,0.0015617846,0.00050
19810327,-0.010100,0.0075313691,-0.001479274,0.0023254366,0.00050
19810330,-0.003000,0.0038776865,0.002699909,0.0015075152,0.00050
19810331,0.010400,-0.002466333,0.0005713608,-0.000523679,0.00050
19810401,0.004900,0.0044254219,0.0002835421,0.0027256864,0.00050
19810402,-0.000900,0.0036155344,0.000486642,0.0014338782,0.00050
19810403,-0.004900,0.008935325,-0.002024657,-0.000039844,0.00050
19810406,-0.011100,0.0028242275,0.00049293,0.0014517857,0.00050
19810407,-0.000300,0.003682089,-0.00195001,0.0006898648,0.00050
19810408,0.003200,0.0028233866,0.0002558523,0.0008194679,0.00050
19810409,0.003600,0.0070090146,0.0015854404,-0.000836291,0.00050
19810410,0.000200,0.0100561721,-0.000391266,0.0013296109,0.00050
19810413,-0.010400,0.0090529644,0.0049203983,0.0029795031,0.00050
19810414,-0.005500,-0.000046182,0.0038980095,-0.002527278,0.00050
19810415,0.010200,-0.003544041,-0.005261152,0.0020411929,0.00050
19810416,0.004500,0.0038773775,-0.007835971,0.0037094938,0.00050
19810420,0.005400,0.0014938703,-0.000133197,0.0081075834,0.00050
19810421,-0.009400,0.0075302795,0.0033398112,0.0015645683,0.00050
19810422,-0.000800,0.0031873562,0.0051045212,-0.002099325,0.00050
19810423,-0.000200,0.0096285356,0.0039353404,2.3031932E-6,0.00050
19810424,0.007000,-0.003735534,0.0026722047,-0.003134675,0.00050
19810427,0.002100,-0.005010952,0.0038745174,0.0001816829,0.00050
19810428,-0.009400,-0.002282207,0.005847409,-0.003894492,0.00050
19810429,-0.009500,0.0010550631,-0.00254255,-0.001822864,0.00050
19810430,0.000000,-0.0006095,-0.007658545,-0.000630202,0.00050
19810501,-0.001800,-0.000248512,-0.001045391,0.000997136,0.00060
19810504,-0.015300,-0.004712259,0.0052059806,-0.004408296,0.00060
19810505,-0.004100,-0.006008459,-0.002617923,0.0018133956,0.00060
19810506,0.004000,-0.003018232,-0.005054955,0.0043990734,0.00060
19810507,0.007300,-0.002925929,-0.004463948,0.0019849011,0.00060
19810508,0.000900,0.0055534407,-0.000378957,0.00082271,0.00060
19810511,-0.014100,0.0070903587,0.0033334226,-0.005474558,0.00060
19810512,0.006500,-0.006618335,-0.003063161,0.0001202963,0.00060
19810513,-0.000400,0.0082884739,0.0002830213,-0.001937967,0.00060
19810514,0.005600,-0.002272377,-0.00298495,-0.004196079,0.00060
19810515,0.006100,-0.000988935,-0.000679696,0.0005358781,0.00060
19810518,0.001500,-0.000978616,-0.000703121,0.0021913714,0.00060
19810519,-0.003200,0.0005030288,0.0034088154,-0.002186194,0.00060
19810520,0.001000,0.0059596524,-0.004727971,0.0026209637,0.00060
19810521,-0.001100,0.0050130854,-0.002518055,0.003619924,0.00060
19810522,-0.000100,0.0052550741,0.0011796538,0.0024503124,0.00060
19810526,0.008800,-0.006464784,-0.006442697,0.0040645961,0.00060
19810527,0.006400,0.0068386546,0.0005189013,0.004635856,0.00060
19810528,-0.001600,0.0140124298,0.0025945408,0.0003225565,0.00060
19810529,-0.004800,0.0110120578,0.006193806,0.0015438771,0.00060
19810601,-0.002300,0.0060366937,0.0114771289,0.000916552,0.00060
19810602,-0.014500,0.0051203182,0.0112386691,-0.004243122,0.00060
19810603,-0.000300,-0.003009117,-0.000267361,-0.002454657,0.00060
19810604,0.001600,-0.001457765,0.0013274445,-0.002104675,0.00060
19810605,0.008400,-0.010773095,0.0007933123,-0.002741176,0.00060
19810608,-0.000300,-0.00079508,0.0042945865,-0.003564994,0.00060
19810609,-0.003400,-0.00071905,0.0034408244,-0.00230913,0.00060
19810610,0.002500,0.0017421632,0.0054486712,-0.007246938,0.00060
19810611,0.010100,0.0034159317,0.0003694479,-0.003961837,0.00060
19810612,-0.000400,0.0047719044,0.0041488542,-0.002451845,0.00060
19810615,0.000700,0.0029015133,0.0106078934,-0.011130467,0.00060
19810616,-0.011600,-0.000112589,0.011032065,-0.007298299,0.00060
19810617,0.006800,-0.013235323,-0.0064267,-0.001507352,0.00060
19810618,-0.012100,0.0058181769,0.0028772661,0.0018218022,0.00060
19810619,0.003700,-0.005622288,-0.004344748,0.0028407783,0.00060
19810622,-0.002000,0.0014564484,0.0013712099,0.0014808108,0.00060
19810623,0.009200,-0.008465722,0.0000687821,-0.000452167,0.00060
19810624,-0.005500,0.0041622356,0.0014517576,0.0000837739,0.00060
19810625,0.001000,-0.004546505,-0.003107416,-0.000031507,0.00060
19810626,-0.001900,0.000695293,-0.005245799,0.0018283099,0.00060
19810629,-0.006200,-0.001772559,-0.001399723,-0.002254685,0.00060
19810630,-0.006500,-0.004487546,0.0024088901,-0.001543877,0.00060
19810701,-0.009800,0.0031833264,0.00177893,-0.000708183,0.00060
19810702,-0.009500,-0.000522517,0.005956682,-0.003403705,0.00060
19810706,-0.011200,-0.006976929,0.0045537478,-0.004935431,0.00060
19810707,0.003400,-0.012579031,-0.002691309,-0.001331794,0.00060
19810708,0.000900,-0.0016021,5.3765175E-6,-0.004234782,0.00060
19810709,0.006600,-0.003011714,-0.00265124,0.0005814355,0.00060
19810710,0.001000,0.0031008078,0.0010889995,-0.002908082,0.00060
19810713,0.001200,-0.002519086,0.0005908244,-0.004887762,0.00060
19810714,-0.001200,-0.007504673,-0.002550108,0.0011987579,0.00060
19810715,0.003800,0.0020632067,-0.004092036,0.0008819509,0.00060
19810716,0.001400,0.0028100855,-0.003969845,0.0052484028,0.00060
19810717,0.002900,0.0013609992,-0.003048416,0.0032690266,0.00060
19810720,-0.015900,0.0023759448,0.0023722695,0.0030883096,0.00060
19810721,-0.005000,-0.005713128,-0.002217801,0.0033754631,0.00060
19810722,-0.008900,0.0038052581,0.0012325042,0.0011347089,0.00060
19810723,0.001400,-0.005911634,-0.002992162,0.0032932849,0.00060
19810724,0.008000,-0.003375519,-0.000117107,-0.000511861,0.00060
19810727,0.008200,-0.005878094,-0.001632632,0.0004950064,0.00060
19810728,-0.005100,0.0018808249,0.002833866,-0.001630916,0.00060
19810729,-0.000400,0.0003335217,0.0014702193,-0.000990529,0.00060
19810730,0.005600,-0.00135563,-0.003836869,0.0008825748,0.00060
19810731,0.007700,-0.001124654,-0.004978803,0.0006676119,0.00060
19810803,-0.003400,-0.001625775,0.0011696551,-0.001010222,0.00060
19810804,0.004200,-0.004620224,-0.002517592,0.004768933,0.00060
19810805,0.010500,-0.007646663,-0.006216068,0.0013890678,0.00060
19810806,0.000900,0.0022295063,0.0000415703,-0.001638519,0.00060
19810807,-0.004500,0.0013742313,0.0015229933,-0.002284017,0.00060
19810810,0.003400,-0.007618596,0.0002602698,-0.000914025,0.00060
19810811,0.008500,-0.005941055,-0.003162575,-0.004950872,0.00060
19810812,-0.002400,0.0038510727,0.0016951055,-0.000694096,0.00060
19810813,0.000500,0.000337379,-0.001927757,-0.002123526,0.00060
19810814,-0.007000,0.0058098173,0.0026537136,-0.000549193,0.00060
19810817,-0.010100,0.0000174478,0.0054064147,-0.004017009,0.00060
19810818,-0.011000,0.0009417438,0.0052202355,-0.000201472,0.00060
19810819,0.001900,-0.000063241,-0.000674312,0.0021547697,0.00060
19810820,0.001500,-0.000387016,-0.001329281,0.0023402384,0.00060
19810821,-0.010300,0.0054644538,0.0055947164,-0.001361022,0.00060
19810824,-0.029600,0.0066687102,0.0126746585,0.0003236162,0.00060
19810825,-0.005300,-0.012118541,-0.002630302,-0.000894233,0.00060
19810826,-0.001200,-0.001070843,0.0010848909,-0.002505844,0.00060
19810827,-0.010700,0.0044466738,0.0060978252,-0.003055468,0.00060
19810828,0.004100,-0.000440888,-0.0019386,-0.003285616,0.00060
19810831,-0.011400,0.002300247,0.0071911038,0.0027411693,0.00060
19810901,0.001200,-0.005952303,-0.001072114,-0.000045906,0.00060
19810902,0.002600,0.0010837589,-0.001258804,0.0010068422,0.00060
19810903,-0.019100,0.0046326052,0.0136386533,0.0000906796,0.00060
19810904,-0.010400,0.0017155797,0.0039859229,-0.002105702,0.00060
19810908,-0.019700,-0.007883144,0.0123370676,0.0025959531,0.00060
19810909,0.002500,-0.002292275,-0.006320928,0.0011245304,0.00060
19810910,0.014900,-0.001556859,-0.010720977,-0.001118748,0.00060
19810911,0.011600,0.0001761009,-0.000069427,-0.004642415,0.00060
19810914,-0.007800,0.0082318919,0.0040872786,0.0007019306,0.00060
19810915,-0.006200,0.0058371237,0.006907646,-0.003824376,0.00060
19810916,-0.008500,0.0003866106,0.0092510224,-0.002060593,0.00060
19810917,-0.014800,0.0020668759,0.0142947789,-0.003360875,0.00060
19810918,-0.009200,0.0011995286,0.0063841012,-0.000476544,0.00060
19810921,0.005400,-0.006200587,-0.000552245,0.0001940955,0.00060
19810922,-0.005200,0.003554195,0.0041417455,0.0025784777,0.00060
19810923,-0.012200,-0.004088584,0.0109668857,0.0006105869,0.00060
19810924,-0.003900,0.005239497,0.0005753501,-0.001539006,0.00060
19810925,-0.024000,-0.01023472,0.01920429,0.0001311069,0.00060
19810928,0.019400,-0.023865734,-0.022937012,0.0078776633,0.00060
19810929,0.008500,0.0170825186,-0.014291411,0.003588614,0.00060
19810930,0.002800,0.0078592457,-0.001001922,-0.000977259,0.00060
19811001,0.006600,-0.003071976,-0.005894638,-0.002771907,0.00050
19811002,0.019600,-0.004549889,-0.009950892,-0.002397678,0.00050
19811005,0.003100,0.0057209851,-0.001614984,0.001638635,0.00050
19811006,-0.000700,0.0017448003,-0.008512932,-0.000860333,0.00050
19811007,0.015500,-0.002282212,-0.001963574,-0.00444187,0.00050
19811008,0.008800,0.0068277344,-0.005426589,0.0026608731,0.00050
19811009,-0.004900,0.0106762203,0.0073175798,-0.00278116,0.00050
19811012,-0.002200,0.0070967587,0.0032167512,-0.001635863,0.00050
19811013,-0.002200,0.001269461,-0.000710807,0.0007840068,0.00050
19811014,-0.015800,0.0040423384,0.0104891355,0.0042232139,0.00050
19811015,0.005500,-0.00315246,-0.002772829,-0.000374402,0.00050
19811016,-0.003600,0.0023157703,0.0043813305,0.0014161947,0.00050
19811019,-0.002100,-0.000871255,0.0037200369,0.0041105388,0.00050
19811020,0.009500,-0.005398727,-0.003788725,0.0029807411,0.00050
19811021,-0.001200,0.0019057084,-0.001973512,0.0055383035,0.00050
19811022,-0.003800,-0.000187212,0.0014768247,-0.000337663,0.00050
19811023,-0.008000,0.0051974888,0.0015862254,0.0028198219,0.00050
19811026,-0.004600,-0.000404462,-0.000019443,0.0015652369,0.00050
19811027,0.009300,-0.002403079,-0.005491043,0.0027891272,0.00050
19811028,0.002200,0.0033398686,-0.00075511,0.0021394793,0.00050
19811029,-0.003800,0.0004527922,0.0004350486,0.0028020553,0.00050
19811030,0.021500,-0.013364196,-0.006264384,-0.005916417,0.00050
19811102,0.018900,-0.009009426,-0.009024784,-0.00351895,0.00050
19811103,0.004300,0.0006256445,-0.002449859,-0.006279883,0.00050
19811104,0.001600,0.0005337194,0.0029341011,-0.004616517,0.00050
19811105,-0.007100,0.0050892845,0.0058803753,0.0020702101,0.00050
19811106,-0.005100,0.0039031541,0.0037906592,-0.004513535,0.00050
19811109,0.003500,-0.006172867,0.0019450158,0.0002498329,0.00050
19811110,-0.004000,0.0078533067,0.0041411838,0.0012079272,0.00050
19811111,0.001200,-0.003468252,0.0017432416,0.0011557319,0.00050
19811112,0.002300,0.0019461763,0.0030019643,-0.002804979,0.00050
19811113,-0.011500,0.0068990829,0.0113162158,0.00104158,0.00050
19811116,-0.013100,-0.002415251,0.0077044389,0.0008705685,0.00050
19811117,0.005100,-0.006244925,-0.002661145,-0.000095188,0.00050
19811118,-0.004500,0.0062167596,0.0035511775,0.000827254,0.00050
19811119,0.004200,-0.009253831,-0.004331557,0.0019480748,0.00050
19811120,0.008500,-0.003315148,-0.004658359,-0.000916338,0.00050
19811123,-0.001000,-0.001399621,0.0014686892,0.00211886,0.00050
19811124,0.012100,-0.008740691,-0.002321872,-0.001002587,0.00050
19811125,0.003400,0.0010836645,0.0025801698,-0.00127601,0.00050
19811127,0.007000,-0.001177234,-0.001300877,-0.00104124,0.00050
19811130,0.007900,-0.004156762,-0.006179814,0.0035637131,0.00050
19811201,-0.002300,0.0038382262,0.0066125646,-0.00090138,0.00040
19811202,-0.010100,0.0079701614,0.0066950078,0.0025779106,0.00040
19811203,0.003100,-0.005901817,-0.000961432,-0.002107118,0.00040
19811204,0.006500,-0.002999679,0.0005193387,-0.002933796,0.00040
19811207,-0.007800,0.0005500758,0.0046053304,0.0029668342,0.00040
19811208,-0.004800,-0.002674003,0.0011751814,0.0055489308,0.00040
19811209,0.004100,-0.004527149,-0.005378207,-0.001451166,0.00040
19811210,0.001400,0.0024928146,-0.003265289,0.0020591999,0.00040
19811211,-0.005600,0.0065921377,0.0029406615,0.0012754063,0.00040
19811214,-0.015900,0.0039840678,0.0049593346,0.006561594,0.00040
19811215,0.000400,-0.000088631,0.0016578402,0.0009323697,0.00040
19811216,-0.003600,0.002666223,0.0008116658,0.0016631033,0.00040
19811217,0.004000,-0.001577213,-0.003561638,0.0039484681,0.00040
19811218,0.006300,0.0017832069,-0.005242315,-0.000682203,0.00040
19811221,-0.004600,0.0000197728,0.0041607503,0.0045351893,0.00040
19811222,-0.003900,0.0026510144,0.0066650147,0.0029752064,0.00040
19811223,-0.004000,0.0034594957,0.000968685,-0.002054438,0.00040
19811224,0.002100,0.0010330511,-0.003344818,-0.004076388,0.00040
19811228,-0.002700,-0.0004363,0.0045245997,0.0031847222,0.00040
19811229,-0.005700,0.0008079636,0.0059714175,0.0019782737,0.00040
19811230,0.003500,-0.00099096,-0.000349047,0.0008617478,0.00040
19811231,0.003000,0.0060849049,-0.003860424,-0.000995453,0.00040
19820104,0.001700,0.003539508,0.0010789786,-0.007944528,0.00040
19820105,-0.020300,0.0089318517,0.0111239154,-0.000547978,0.00040
19820106,-0.008100,0.0018782299,0.0049979364,-0.001920692,0.00040
19820107,-0.002700,0.0040539045,-0.000025583,0.0009255567,0.00040
19820108,0.004400,0.0000564653,-0.000204882,-0.002148383,0.00040
19820111,-0.022800,0.0056426902,0.0178746527,0.0069793593,0.00040
19820112,-0.005500,-0.000993638,0.0031368293,-0.000296253,0.00040
19820113,-0.012700,0.003248568,0.0044586071,0.0044603659,0.00040
19820114,0.004700,-0.002654927,-0.004747992,-0.000948119,0.00040
19820115,0.006100,-0.00123724,-0.005318833,-0.000459874,0.00040
19820118,0.005800,-0.001922143,-0.00199539,0.0034911531,0.00040
19820119,-0.009300,0.0082689336,0.0096541368,0.0029291278,0.00040
19820120,-0.006200,0.0045009323,0.0057601265,0.0020459207,0.00040
19820121,0.003100,-0.002818801,0.0011576204,0.0037349588,0.00040
19820122,-0.003800,-0.00178929,0.0061111665,0.0018232936,0.00040
19820125,-0.004100,-0.010056782,0.0076917737,0.0003336386,0.00040
19820126,-0.001700,0.0002666655,0.0004666642,0.0019796452,0.00040
19820127,0.003400,-0.004001072,-0.006711378,0.0016954004,0.00040
19820128,0.025300,-0.00864628,-0.018515047,0.0003044675,0.00040
19820129,0.011200,-0.000569796,-0.003881318,0.0037012742,0.00040
19820201,-0.017900,0.0113331782,0.0126774683,0.0053268792,0.00050
19820202,0.002700,0.0027421376,0.0002285757,0.0021168196,0.00050
19820203,-0.009300,0.0124386595,0.0100588264,0.0002739774,0.00050
19820204,-0.002000,0.0011484698,0.0054544842,0.0002630835,0.00050
19820205,0.007700,-1.691325E-6,0.000241093,-0.001630571,0.00050
19820208,-0.021600,0.0045424136,0.0147873214,0.0068776771,0.00050
19820209,-0.009400,-0.002655308,0.0057588982,-0.000472999,0.00050
19820210,0.006000,-0.006383104,-0.000806637,-0.002930279,0.00050
19820211,-0.001400,-0.003064995,0.0008448375,0.0003151841,0.00050
19820212,-0.000700,0.0014305368,-0.001483452,0.0017545802,0.00050
19820216,-0.004500,0.0012138926,0.0022542524,0.0074817753,0.00050
19820217,-0.001900,0.0063807978,-0.001547666,0.004752361,0.00050
19820218,0.000600,0.002052805,-0.001429721,0.0010935886,0.00050
19820219,-0.004700,0.0000215996,0.0027461815,0.0018694964,0.00050
19820222,-0.012500,0.0068829299,0.0106048002,-0.002963513,0.00050
19820223,-0.002100,-0.004266656,0.0057681433,-0.001065666,0.00050
19820224,0.013900,-0.012512007,-0.006211336,-0.012167986,0.00050
19820225,-0.000400,0.0084365814,-0.003717638,0.0020665928,0.00050
19820226,-0.001600,-0.002626471,0.0027294146,-0.000345926,0.00050
19820301,0.002400,0.0036115998,0.002002062,-0.004552055,0.00040
19820302,-0.003800,0.0071472487,0.0080027306,0.0036492406,0.00040
19820303,-0.015200,0.0044748643,0.0208856966,0.0037286158,0.00040
19820304,-0.010800,0.0004500567,0.0114842985,-0.005296592,0.00040
19820305,-0.006800,-0.005831458,0.0115290676,-0.004378573,0.00040
19820308,-0.016100,0.000089315,0.0131173849,-0.000196403,0.00040
19820309,0.007000,-0.014960587,-0.007094469,0.0043249964,0.00040
19820310,0.005000,-0.003980239,-0.006546171,0.0005277476,0.00040
19820311,-0.001200,-0.003738912,0.0010487586,-0.001099898,0.00040
19820312,-0.008000,-0.000966834,0.0024638232,0.0005274381,0.00040
19820315,0.004900,-0.012044385,-0.008547208,0.0030481128,0.00040
19820316,-0.000600,0.002836291,-0.002816759,-0.001147183,0.00040
19820317,-0.001600,0.0017407468,-0.002152305,0.0019667175,0.00040
19820318,0.011200,0.0007970914,-0.008058771,0.0009575149,0.00040
19820319,0.003000,0.0067616326,-0.001405637,-0.003511978,0.00040
19820322,0.018700,-0.00436481,-0.011058869,-0.004956376,0.00040
19820323,0.005900,-0.000767412,0.0021786125,0.0025846593,0.00040
19820324,-0.004500,0.0074224538,0.0054601739,0.0006852035,0.00040
19820325,0.003100,0.0033714488,-0.001897662,-0.000721344,0.00040
19820326,-0.008900,0.0068618106,0.0029434683,0.0008184613,0.00040
19820329,0.001300,-0.000755063,-0.002139859,0.001926926,0.00040
19820330,0.000100,0.0027532824,-0.000440542,0.0028119581,0.00040
19820331,-0.002300,0.00412017,0.0018939413,-0.000155115,0.00040
19820401,0.013700,-0.004638927,-0.006037208,0.0008972168,0.00050
19820402,0.010600,-0.003512631,-0.007728917,-0.000658009,0.00050
19820405,-0.003100,0.005598194,0.0003883936,0.0031745594,0.00050
19820406,0.004800,-0.000950673,-0.00307005,0.0011333534,0.00050
19820407,0.001500,0.0045398988,0.0001825508,0.0008796914,0.00050
19820408,0.005800,-0.000878656,-0.00065537,-0.00201296,0.00050
19820412,-0.002100,0.0024442675,0.0022517554,0.0028495942,0.00050
19820413,-0.000400,0.0019529118,0.0013823581,0.0021160831,0.00050
19820414,-0.001700,0.0014200556,0.0008212875,0.0052696934,0.00050
19820415,0.003900,0.0002649812,-0.00304266,0.0025866863,0.00050
19820416,0.004700,0.0020346961,-0.006416912,0.0009252272,0.00050
19820419,-0.000900,0.0064304453,0.0031192614,0.0027674529,0.00050
19820420,-0.009300,0.0080097054,0.0044564377,0.0023905401,0.00050
19820421,0.002300,0.0003284798,0.0020934702,-0.002793249,0.00050
19820422,0.010100,-0.008071565,-0.005610829,-0.00268375,0.00050
19820423,0.010600,-0.005998265,-0.005819616,0.001286171,0.00050
19820426,0.004300,0.0024916078,-0.002296916,0.000893801,0.00050
19820427,-0.009100,0.0039265435,0.0041671814,0.0032028558,0.00050
19820428,-0.006100,0.0055658531,0.0005891331,0.0019198701,0.00050
19820429,-0.009000,0.0059470189,0.0034259216,-0.001090306,0.00050
19820430,0.001800,-0.002100479,-0.00062511,0.0000471584,0.00050
19820503,0.002700,-0.003393097,0.0001779864,0.000190356,0.00050
19820504,0.005900,0.0011570004,-0.002843993,0.002329505,0.00050
19820505,0.001200,-0.002596037,0.0078064588,0.0041565877,0.00050
19820506,0.008300,-0.00360424,-0.001749792,0.0006508481,0.00050
19820507,0.006900,-0.006548751,-0.002786496,-0.009191315,0.00050
19820510,-0.007500,0.0027579783,0.0002286062,-0.003941698,0.00050
19820511,0.007900,-0.003113795,-0.003989416,-0.006246389,0.00050
19820512,-0.003100,0.0011291509,0.00196039,-0.001130103,0.00050
19820513,-0.006200,0.006291555,0.0004312513,0.0005197726,0.00050
19820514,-0.001300,0.0023668158,0.0029796023,0.0000883928,0.00050
19820517,-0.010600,0.0039602112,0.005688139,0.0068811962,0.00050
19820518,-0.008200,0.0027817992,0.0012356494,0.0040769941,0.00050
19820519,-0.007600,0.0025759227,0.0034485584,0.0028216129,0.00050
19820520,-0.004400,-0.003368437,0.0027004796,0.0054313806,0.00050
19820521,0.001600,-0.004702743,-0.000256207,0.0008778445,0.00050
19820524,-0.000800,-0.005998625,-0.000900296,0.0025829901,0.00050
19820525,-0.003000,0.0012800729,0.0016088318,0.001791536,0.00050
19820526,-0.012600,0.0006419695,0.0053361224,0.0065917647,0.00050
19820527,-0.004700,-0.000622433,0.0014479438,0.005887825,0.00050
19820528,-0.003800,0.0103587858,-0.000016578,-0.002995965,0.00050
19820601,-0.003800,-0.002588764,0.0028335625,0.0036004853,0.00040
19820602,0.003100,0.000366119,-0.000131073,0.000282021,0.00040
19820603,-0.002000,-0.002331587,0.0054230979,0.0001407793,0.00040
19820604,-0.015100,0.0027939303,0.0068254067,0.0032370181,0.00040
19820607,-0.001400,-0.007261937,-0.001741291,0.0044350248,0.00040
19820608,-0.004400,0.0011309302,0.0030282995,3.6941275E-6,0.00040
19820609,-0.006900,-0.001766444,0.0037212583,0.0054703568,0.00040
19820610,0.003700,0.0005133788,0.0002573072,0.0042294578,0.00040
19820611,0.015200,-0.000249187,-0.008806315,-0.006333802,0.00040
19820614,-0.011400,0.0038769829,0.008111668,0.0019615103,0.00040
19820615,-0.003800,0.0002746801,0.0064230247,0.0066302528,0.00040
19820616,-0.005600,0.0108035508,0.0046471443,0.0009684281,0.00040
19820617,-0.010500,0.0030741529,0.0054383302,-0.001516866,0.00040
19820618,-0.005500,-0.001864846,0.0019881138,-0.003036366,0.00040
19820621,-0.000700,0.0045494178,0.0013534481,0.0064283556,0.00040
19820622,0.007700,-0.002259902,-0.005664558,-0.000724378,0.00040
19820623,0.015200,-0.005638162,-0.011041102,-0.005985632,0.00040
19820624,-0.001700,0.0047037806,0.0011675074,0.0000890129,0.00040
19820625,-0.005900,0.0007292538,0.0038742313,0.0016052082,0.00040
19820628,0.007400,-0.006570084,-0.00165256,0.0025463992,0.00040
19820629,0.000100,-0.002279999,0.0069689749,-0.00017868,0.00040
19820630,-0.003900,0.0120254165,0.0022087975,-0.003339526,0.00040
19820701,-0.007900,0.0035704755,0.0084577215,0.0012809367,0.00050
19820702,-0.007500,0.0050447405,0.0044658597,-0.001480521,0.00050
19820706,-0.004400,0.0002753703,-0.000113873,0.0128572594,0.00050
19820707,-0.002100,0.0012972809,-0.00165857,0.0056359554,0.00050
19820708,0.000200,-0.005180302,-0.002731438,0.003410941,0.00050
19820709,0.010800,0.001107952,-0.003523308,0.0009506405,0.00050
19820712,0.006700,0.0052738965,0.0033905129,0.0078858415,0.00050
19820713,-0.001200,0.0031560695,0.0043946843,0.0087991578,0.00050
19820714,0.006000,-0.007593185,0.0002284912,0.006800115,0.00050
19820715,0.000400,0.0021684345,0.0002976351,0.003538369,0.00050
19820716,0.004300,-0.005166608,-0.005054634,0.0046742256,0.00050
19820719,-0.002500,0.0049686461,0.0007066609,0.0010094415,0.00050
19820720,0.005300,0.0023162536,0.0005199604,-0.001546421,0.00050
19820721,-0.000100,0.0039791385,-0.00023331,-0.003523723,0.00050
19820722,0.000200,0.0013812593,-0.002455217,-0.007386746,0.00050
19820723,-0.003300,0.0032198336,-0.003550205,-0.001942715,0.00050
19820726,-0.007000,0.0018870323,-0.000023173,-0.000271916,0.00050
19820727,-0.008000,0.0084650951,0.00516104,0.0010744683,0.00050
19820728,-0.015500,0.0014556025,0.008927886,0.0025234755,0.00050
19820729,-0.001600,-0.003454484,-0.000894144,0.0036145953,0.00050
19820730,-0.004500,0.0041862929,0.0011520639,0.002995348,0.00050
19820802,0.015700,-0.008929102,-0.001289365,-0.003452466,0.00030
19820803,-0.008500,0.0087307227,0.0063048083,-0.000628143,0.00030
19820804,-0.014500,0.003998287,0.0082398979,0.0004133828,0.00030
19820805,-0.008200,-0.002345691,0.0002658396,-0.003147998,0.00030
19820806,-0.011600,0.0055582804,0.0062949282,0.0002648179,0.00030
19820809,-0.007300,-0.006242317,0.0047129619,0.0029654202,0.00030
19820810,-0.001800,0.0016167765,0.0040515493,0.0005690774,0.00030
19820811,-0.003300,-0.003108589,0.0030066598,-0.000129492,0.00030
19820812,-0.002900,-0.003220595,0.0017636385,0.0031726102,0.00030
19820813,0.010500,-0.017509131,-0.001310282,-0.005443128,0.00030
19820816,0.004100,0.0074534705,-0.001823662,-0.001267981,0.00030
19820817,0.040800,-0.022724458,-0.009614964,-0.004550759,0.00030
19820818,0.001300,0.016419017,0.0005289673,-0.004852088,0.00030
19820819,0.002100,-0.008763509,0.0021125519,0.0065964942,0.00030
19820820,0.030700,-0.020664701,-0.008225831,-0.004192641,0.00030
19820823,0.026200,-0.014001025,-0.009346721,-0.0013691,0.00030
19820824,-0.002700,0.013099845,-0.003500248,-0.000779974,0.00030
19820825,0.020000,-0.007786614,-0.01815348,-0.011432286,0.00030
19820826,0.010600,0.0065095409,-0.004995831,-0.001613621,0.00030
19820827,-0.010800,0.0120666544,0.0003873548,0.0048175111,0.00030
19820830,0.003700,-0.000247971,-0.001470608,0.0063081523,0.00030
19820831,0.014300,-0.003653943,0.0031217421,0.0066539326,0.00030
19820901,-0.008800,0.009348379,0.0054912721,0.0007251187,0.00020
19820902,0.015600,-0.004243853,-0.003218849,0.0015705618,0.00020
19820903,0.018000,-0.013932847,-0.003692601,0.0021143145,0.00020
19820907,-0.009600,0.0076450472,0.00422708,0.0032776142,0.00020
19820908,0.006700,-0.003145986,-0.004051879,-0.00328655,0.00020
19820909,0.000100,0.0069261203,0.0005908566,-0.003969249,0.00020
19820910,-0.007300,0.0051251626,0.004972557,0.0022217084,0.00020
19820913,0.008200,-0.005195839,-0.001863155,0.0046484911,0.00020
19820914,0.008100,0.0012095959,0.0002089224,0.002333522,0.00020
19820915,0.008000,-0.001270016,0.0029621767,-0.005023504,0.00020
19820916,-0.001400,0.0075575694,0.0034209241,-0.000415167,0.00020
19820917,-0.009300,0.0075696619,0.0033642985,0.0013232827,0.00020
19820920,-0.001100,-0.003338517,0.0031149087,0.0027280416,0.00020
19820921,0.016900,-0.007962882,-0.00536639,-0.000773368,0.00020
19820922,-0.004600,0.0077905838,0.0053787739,0.00495705,0.00020
19820923,-0.001900,0.0025027249,0.0001287667,0.0009418013,0.00020
19820924,-0.002800,0.0070136306,-0.001276306,0.0003136859,0.00020
19820927,0.001700,-0.000372423,0.0031090428,0.0019028492,0.00020
19820928,-0.002000,0.0031822888,0.0050715237,0.0015371298,0.00020
19820929,-0.012300,0.0044172444,0.0037206999,-0.003320914,0.00020
19820930,-0.008500,0.0045156138,0.0033547357,-0.004671045,0.00020
19821001,0.011000,-0.00864813,-0.001908055,-0.000063906,0.00030
19821004,-0.002600,0.0024106512,0.0034923797,0.0017084843,0.00030
19821005,0.004200,0.0012951654,-0.001897848,-0.00187513,0.00030
19821006,0.029300,-0.010713926,-0.003963134,0.0046156446,0.00030
19821007,0.020500,-0.004374804,-0.001943399,0.0004780678,0.00030
19821008,0.017500,-0.008635551,-0.000404637,0.0015360273,0.00030
19821011,0.022400,-0.004158876,-0.004939031,-0.00427111,0.00030
19821012,-0.001000,-0.001075962,-0.005909641,-0.006705318,0.00030
19821013,0.017900,-0.001351568,-0.014222331,-0.021700356,0.00030
19821014,-0.012900,0.0084532387,0.0039490545,-0.009696866,0.00030
19821015,-0.005900,0.0062815164,0.0011168992,0.0016136868,0.00030
19821018,0.020300,-0.008126186,-0.003210324,0.002568742,0.00030
19821019,-0.000100,0.0035018196,0.0038102136,0.0010202025,0.00030
19821020,0.018800,-0.004362168,-0.002004503,-0.001407909,0.00030
19821021,0.000000,0.0109333281,-0.003351164,0.0041976034,0.00030
19821022,0.000400,0.0126370933,-0.004629625,-0.005364122,0.00030
19821025,-0.036200,0.01952599,0.0064758489,0.0064088395,0.00030
19821026,0.005500,-0.012111905,-0.003186028,0.0041020942,0.00030
19821027,0.007600,0.0097433824,-0.00801612,-0.000829155,0.00030
19821028,-0.010100,0.011257354,0.0041799361,0.0004636234,0.00030
19821029,0.002600,0.0021010901,0.0003511742,-0.000152788,0.00030
19821101,0.011500,-0.005227311,-0.002817668,0.0041739264,0.00030
19821102,0.015300,0.0004560869,-0.000666888,-0.000600596,0.00030
19821103,0.035700,-0.011420827,-0.003063766,-0.001858723,0.00030
19821104,-0.003600,0.0105732814,0.0002547427,0.0019155533,0.00030
19821105,0.004900,0.0020526689,-0.003889409,-0.003159631,0.00030
19821108,-0.009600,0.0113490364,-0.000041579,0.0004080508,0.00030
19821109,0.016400,0.0005876666,-0.007529546,0.0003824459,0.00030
19821110,-0.010500,0.0091394469,0.0026084431,0.0006522801,0.00030
19821111,0.004400,-0.001182259,-0.001384069,0.0005285479,0.00030
19821112,-0.009900,0.017350809,0.0040097364,0.0008398265,0.00030
19821115,-0.017600,0.0044098711,0.0071156163,0.0017354421,0.00030
19821116,-0.013700,-0.003613194,0.0078013467,0.0021761616,0.00030
19821117,0.016800,-0.006575775,-0.000830366,0.0019272126,0.00030
19821118,0.004400,0.0046075852,0.0006667066,0.0054802825,0.00030
19821119,-0.006700,0.0103602962,-0.000912706,0.0047512026,0.00030
19821122,-0.019600,0.007801019,0.0064095874,-0.002302396,0.00030
19821123,-0.008000,0.0071034816,0.000165372,0.0050969486,0.00030
19821124,0.007200,-0.000845326,-0.006003585,0.003684948,0.00030
19821126,0.007100,0.0005155257,-0.004632933,0.0020279234,0.00030
19821129,-0.004800,0.00227866,0.0037895521,0.0071138564,0.00030
19821130,0.028200,-0.014260722,-0.011193679,0.0112500422,0.00030
19821201,0.003400,0.0117465213,0.0025076762,0.0119255369,0.00030
19821202,0.000100,0.0030158682,0.0019244013,0.0057951475,0.00030
19821203,-0.000800,0.001337329,0.0014321256,0.0042904922,0.00030
19821206,0.018000,-0.008785481,-0.008841761,0.0137585788,0.00030
19821207,0.006000,0.0020512514,-0.001186088,0.0087445126,0.00030
19821208,-0.004400,0.0055236918,0.0010636985,-0.000508018,0.00030
19821209,-0.011800,-0.003923306,0.008298257,-0.010074542,0.00030
19821210,-0.006000,-0.008288583,0.0000608475,-0.00245134,0.00030
19821213,0.001500,-0.002916927,0.0008739351,0.0002370896,0.00030
19821214,-0.015800,0.007032614,0.0100163086,-0.000730956,0.00030
19821215,-0.017000,-0.002498345,0.0027615393,-0.003755862,0.00030
19821216,-0.001400,-0.003989298,-0.003863335,0.0038686759,0.00030
19821217,0.014400,-0.00544461,-0.004844536,0.0032191872,0.00030
19821220,-0.008100,0.0073289263,0.0068890475,0.0029439738,0.00030
19821221,0.013700,-0.01248543,-0.002878982,0.0052325228,0.00030
19821222,0.002400,0.0055338238,-0.000261849,0.0022896053,0.00030
19821223,0.005700,-0.000568165,-0.002831798,-0.003900068,0.00030
19821227,0.014300,-0.011087519,-0.001923212,-0.005789615,0.00030
19821228,-0.008000,0.0054604725,0.0032116942,-0.002673929,0.00030
19821229,0.003000,-0.002571768,-0.003260224,0.0008832187,0.00030
19821230,-0.005800,0.0067106176,0.001641738,-0.00026527,0.00030
19821231,0.003100,0.0036283129,-0.003745173,-0.001967295,0.00030
19830103,-0.014500,0.0061863941,0.0049090463,-0.010607099,0.00030
19830104,0.016700,-0.016761387,-0.003216366,-0.00249939,0.00030
19830105,0.005000,-0.00165121,-0.002903884,-0.007621114,0.00030
19830106,0.022700,-0.00683673,-0.00675594,-0.012488286,0.00030
19830107,0.000800,0.0034236576,0.0031990784,-0.000669736,0.00030
19830110,0.011200,-0.000857655,-0.003533974,-0.005898473,0.00030
19830111,-0.005500,0.0051219603,0.0020372411,0.0034210536,0.00030
19830112,0.006200,0.0016715445,-0.000075532,0.001445913,0.00030
19830113,-0.004900,0.0061932242,-0.003339392,0.0005018277,0.00030
19830114,0.006200,0.0019558182,-0.002761322,0.0061971562,0.00030
19830117,0.001900,0.0031971703,-0.002636949,0.0082694601,0.00030
19830118,-0.001400,0.0008402698,-0.000084564,0.0044521115,0.00030
19830119,-0.007500,-0.000813224,0.0014046742,-0.002257977,0.00030
19830120,0.004700,-0.005590638,0.0002719635,-0.008191579,0.00030
19830121,-0.015200,0.007611464,0.0016330968,-0.003431578,0.00030
19830124,-0.027500,0.0020891353,0.0097536293,0.0046704476,0.00030
19830125,0.011400,0.0007835762,-0.005599172,0.0074644969,0.00030
19830126,0.000500,0.0064395828,-0.00434171,0.0060100433,0.00030
19830127,0.017600,-0.003368865,-0.00607046,0.0067840477,0.00030
19830128,0.002200,0.0035438204,-0.000098909,0.0038990058,0.00030
19830131,0.005700,0.0001481474,-0.000963177,0.0021861581,0.00030
19830201,-0.011500,0.0117175777,0.0052668282,-0.001564086,0.00030
19830202,0.000200,0.0004759817,0.00121305,0.0010451145,0.00030
19830203,0.007200,-0.003211195,0.000540223,0.005027761,0.00030
19830204,0.012700,-0.006041014,-0.007293135,0.0033497955,0.00030
19830207,0.005100,-0.000906882,0.002533258,-0.000053965,0.00030
19830208,-0.007100,0.0039225514,0.0026519064,-0.001410607,0.00030
19830209,-0.003600,0.0054506739,-0.002433611,0.0002251484,0.00030
19830210,0.015000,-0.004481709,-0.001443507,0.0005447684,0.00030
19830211,0.001500,0.003678555,0.000950362,-0.000076832,0.00030
19830214,0.008700,-0.000532394,-0.002620879,0.0031490446,0.00030
19830215,-0.002100,0.007016586,-0.000109947,-0.004612046,0.00030
19830216,-0.005200,0.0056432828,0.0036833928,0.0013551315,0.00030
19830217,-0.000700,-0.00086121,0.0028572783,-0.000024858,0.00030
19830218,0.004200,0.0043967996,0.0024334196,-0.001749986,0.00030
19830222,-0.013300,0.0087599597,0.0029362099,0.0126027219,0.00030
19830223,0.007600,-0.004464361,-0.000871737,0.0070322823,0.00030
19830224,0.016400,-0.009747214,-0.000510377,-0.000308629,0.00030
19830225,0.001000,-0.003548189,0.0034523827,0.000397441,0.00030
19830228,-0.009900,0.0092105832,0.0036830614,0.0058024075,0.00030
19830301,0.015400,-0.014103169,0.0046981051,0.0025729616,0.00030
19830302,0.008600,0.0027250193,0.0032539482,-0.006425964,0.00030
19830303,0.007400,0.0012410684,0.0040954191,-0.01216118,0.00030
19830304,0.001800,0.0032917635,0.004728789,-0.012434802,0.00030
19830307,0.000100,0.0033640007,0.0017608186,-0.006803709,0.00030
19830308,-0.013500,0.0068564341,0.0031073825,-0.000663249,0.00030
19830309,0.008900,-0.00395032,-0.00192988,-0.001305963,0.00030
19830310,-0.005000,0.0061214682,0.0009253432,0.0001967382,0.00030
19830311,-0.003400,0.0003774716,0.0024256248,0.002972281,0.00030
19830314,-0.004300,-0.003528642,0.0033354606,-0.000072639,0.00030
19830315,0.002000,-0.003212137,0.0015198845,0.0017223651,0.00030
19830316,-0.007600,0.0121959782,0.0020110247,-0.000277399,0.00030
19830317,-0.002100,0.0003905796,0.0021136371,0.0019695461,0.00030
19830318,0.002000,0.0045058684,0.0002182926,0.0038686141,0.00030
19830321,0.006900,-0.006703448,0.0048472197,0.0014426964,0.00030
19830322,-0.002100,0.0088333333,-0.000658919,0.0029624473,0.00030
19830323,0.012300,-0.003685552,0.001881988,0.0032593774,0.00030
19830324,0.003900,0.002866417,0.0016694361,-0.002237804,0.00030
19830325,-0.002900,0.004342621,-0.000807779,0.0003933007,0.00030
19830328,-0.005900,0.000905819,0.0019567106,0.0039527825,0.00030
19830329,-0.001700,0.0000668195,0.0038897859,0.0028584891,0.00030
19830330,0.009600,-0.007673477,-0.002794005,0.0010509631,0.00030
19830331,-0.002100,-0.002454685,-0.000425402,-0.01109878,0.00030
19830404,-0.000700,-0.005039127,0.0007373161,-0.002035349,0.00040
19830405,-0.005900,0.0084463699,0.0042168379,0.0004766487,0.00040
19830406,-0.006700,0.0015134444,0.0017616309,-0.002214793,0.00040
19830407,0.003200,-0.004963345,-0.000407364,-0.002920549,0.00040
19830408,0.005800,-0.00515528,0.0005136025,-0.001424991,0.00040
19830411,0.012800,-0.005595538,-0.000975087,-0.000012512,0.00040
19830412,0.004400,0.0004658242,0.0019151867,-0.001891126,0.00040
19830413,0.007000,0.003361071,-0.000434742,0.0012311209,0.00040
19830414,0.008400,0.0008722022,0.0012262009,0.0048151183,0.00040
19830415,0.004900,0.0002926543,-0.002185687,0.001557848,0.00040
19830418,0.006000,0.0012448205,0.0048688263,-0.000367409,0.00040
19830419,-0.006200,0.0027214696,-0.000326945,-0.000512744,0.00040
19830420,0.011200,-0.002053862,-0.000182322,0.0025407671,0.00040
19830421,-0.002400,0.0073157435,0.0037055032,0.0008863945,0.00040
19830422,0.002200,0.0022999436,0.0014796248,0.0025082957,0.00040
19830425,-0.009300,0.0017110989,0.0027386068,-0.001524389,0.00040
19830426,0.014900,-0.016076905,-0.002597961,-0.003346546,0.00040
19830427,-0.001100,0.001366954,0.0026663778,-0.00155663,0.00040
19830428,0.008600,-0.003469492,0.0022373915,-0.002294764,0.00040
19830429,0.007500,-0.004771702,-0.001454189,-0.002268657,0.00040
19830502,-0.012500,0.0074352854,0.0029158502,-0.003149617,0.00030
19830503,0.000100,-0.002317049,-0.001653521,-0.004003529,0.00030
19830504,0.008200,-0.001212159,-0.006053451,-0.002909249,0.00030
19830505,0.008300,0.0037363205,-0.012431628,0.0013883457,0.00030
19830506,0.011600,0.0015162421,-0.002859672,0.0021132028,0.00030
19830509,0.000100,0.0052357895,0.0009530727,-0.003110139,0.00030
19830510,0.002100,0.008108244,-0.001097228,-0.002017329,0.00030
19830511,-0.005800,0.0020178869,0.0039871036,-0.00440777,0.00030
19830512,-0.003600,0.0050110501,-0.000813959,-0.001616277,0.00030
19830513,0.004300,0.003552613,-0.001951672,0.0005848447,0.00030
19830516,-0.009800,-0.002379105,0.0043544797,-0.000575034,0.00030
19830517,0.003400,0.0023076923,-0.002867665,-0.006734171,0.00030
19830518,0.000100,0.0078627719,-0.004854378,-0.002891437,0.00030
19830519,-0.006700,0.0017913886,-0.001681534,0.0013683096,0.00030
19830520,-0.000300,-0.0010828,-0.000684372,-0.000068582,0.00030
19830523,0.006900,-0.006285555,0.0022415033,-0.003841871,0.00030
19830524,0.012400,-0.000272126,-0.002401634,-0.003954606,0.00030
19830525,0.004900,0.0009452912,-0.00289433,-0.001651796,0.00030
19830526,-0.002200,0.0035169182,-0.003173183,-0.000567083,0.00030
19830527,-0.004000,0.0059944947,0.0001957795,-0.001376113,0.00030
19830531,-0.011900,0.0028293271,0.0002244504,-0.001079738,0.00030
19830601,0.000100,-0.00192602,-0.000467478,0.0023616061,0.00030
19830602,0.007800,0.0000812149,-0.003236908,0.006360008,0.00030
19830603,0.004000,0.0064374904,-0.001949323,0.0048979335,0.00030
19830606,0.003300,0.00315548,-0.002405902,0.0064223662,0.00030
19830607,-0.009400,0.0062813511,-0.000981936,0.001587069,0.00030
19830608,-0.008300,0.0020414079,0.0004114048,0.0040840202,0.00030
19830609,0.002300,-0.002907991,-0.00161226,0.0021064997,0.00030
19830610,0.006500,0.0026076051,-0.000346176,-0.000326485,0.00030
19830613,0.011600,-0.006352299,0.0026866536,0.0049000215,0.00030
19830614,0.004200,0.0032749454,-0.000486581,0.0049088426,0.00030
19830615,0.008700,0.0001375496,-0.00616704,0.0073603288,0.00030
19830616,0.010500,-0.000767899,0.0050491922,0.0057436159,0.00030
19830617,-0.000400,0.0002287631,0.0029817085,0.0015209473,0.00030
19830620,-0.001200,-0.001724912,0.0006442503,0.0020042405,0.00030
19830621,0.006900,-0.003668254,0.0027971593,0.0033548319,0.00030
19830622,0.002300,-0.00039556,-0.00245893,-0.000040554,0.00030
19830623,-0.002200,0.0009992755,-0.001873941,0.0005868416,0.00030
19830624,0.001600,0.0033073476,-0.002850922,0.0001815383,0.00030
19830627,-0.011500,-0.002730769,0.0033474353,-0.003782305,0.00030
19830628,-0.018300,-0.003341362,0.0078661125,-0.00787371,0.00030
19830629,0.004200,-0.00222938,-0.002156949,0.0007831299,0.00030
19830630,0.008200,0.0027623097,-0.000498108,0.0029191996,0.00030
19830701,0.005600,0.0025652963,-0.002007723,0.0001137633,0.00040
19830705,-0.013300,0.005681613,0.0056386661,-0.004776032,0.00040
19830706,0.009400,-0.000713215,0.0017175728,-0.00220186,0.00040
19830707,-0.004300,0.0073030838,-0.001493608,-0.000222183,0.00040
19830708,-0.002400,9.9068682E-7,0.0009422865,0.000442122,0.00040
19830711,0.004600,-0.002596095,0.0006893178,-0.000802462,0.00040
19830712,-0.014200,0.0035819795,0.0004756838,-0.000038846,0.00040
19830713,-0.002500,-0.004388844,0.0031929099,-0.003689368,0.00040
19830714,0.002800,0.001062317,0.0008096922,0.0006402207,0.00040
19830715,-0.010100,0.0038315975,0.0038893456,-0.001787268,0.00040
19830718,-0.004300,-0.003916488,0.0032895742,-0.00011124,0.00040
19830719,0.004500,-0.002686371,0.0003189468,-0.001654439,0.00040
19830720,0.023500,-0.009548653,-0.003971285,0.0063345208,0.00040
19830721,0.000800,0.0069840416,-0.002765797,0.0063253467,0.00040
19830722,-0.000300,0.0033099765,0.0018598309,-0.001574161,0.00040
19830725,0.003000,0.0002172782,0.0037381351,-0.001033119,0.00040
19830726,0.003200,-0.000266651,0.0042178639,-0.002714901,0.00040
19830727,-0.015700,0.0040015411,0.0133752369,-0.008105588,0.00040
19830728,-0.016000,0.0060583782,0.0099388524,-0.006407185,0.00040
19830729,-0.014500,0.0025288307,-0.000115408,-0.001364323,0.00040
19830801,-0.005100,-0.005730276,0.0025076527,-0.00131634,0.00030
19830802,-0.000500,-0.001477852,-2.714042E-6,-0.002092023,0.00030
19830803,0.005100,-0.008997106,-0.000038556,-0.005167036,0.00030
19830804,-0.012000,0.0018508465,0.0050615502,-0.000814125,0.00030
19830805,0.002600,-0.001219702,-0.001419616,0.0019043265,0.00030
19830808,-0.015400,0.0005459915,0.0055317142,-0.005058143,0.00030
19830809,0.003100,-0.012124536,-0.000738456,-0.004611266,0.00030
19830810,0.007900,-0.002645213,-0.000841657,-0.000992888,0.00030
19830811,0.001000,0.003680968,-0.004025805,0.0016530044,0.00030
19830812,0.005400,0.0008453077,-0.000013973,-0.000163266,0.00030
19830815,0.008300,0.002299538,0.0004360404,0.0058812598,0.00030
19830816,-0.003500,-0.001154518,0.0073629962,0.0007603773,0.00030
19830817,0.009100,-0.006446276,0.0026734229,-0.007114805,0.00030
19830818,-0.007800,0.0060001355,0.0022099664,-0.002443878,0.00030
19830819,0.001300,-0.000584581,0.0041822723,0.000909356,0.00030
19830822,0.000500,-0.000948182,0.0050396166,-0.003218457,0.00030
19830823,-0.010000,0.0015726764,0.003974556,-0.002474555,0.00030
19830824,-0.009100,-0.000631695,0.0017098264,-0.008599558,0.00030
19830825,-0.003200,-0.004617624,0.000605023,-0.004624471,0.00030
19830826,0.006500,-0.005459085,-0.001527977,0.0018985545,0.00030
19830829,-0.000400,-0.00549763,-0.001784024,0.0031884486,0.00030
19830830,0.001900,-0.0002808,-0.001428774,0.0021503959,0.00030
19830831,0.010100,-0.004647731,-0.005606349,0.00515849,0.00030
19830901,-0.000200,0.0041828897,-0.00415126,0.0021383417,0.00040
19830902,0.006000,-0.001051746,-0.006102949,0.0025758818,0.00040
19830906,0.014800,-0.002597955,-0.000714272,0.0020487475,0.00040
19830907,0.000500,0.0045089461,0.0041818558,-0.001162187,0.00040
19830908,-0.000100,0.0041386603,0.0006539368,-0.000618706,0.00040
19830909,-0.001600,0.0039037083,0.003367656,-0.003818542,0.00040
19830912,-0.008400,0.0083524685,0.0020630341,-0.002969671,0.00040
19830913,-0.005800,-0.001766815,0.0043442474,-0.00283924,0.00040
19830914,0.002400,-0.000901112,0.0007577366,-0.001401188,0.00040
19830915,-0.004600,0.0009929059,-0.002011569,-0.000668679,0.00040
19830916,0.008500,-0.007441162,-0.002848091,0.0022684661,0.00040
19830919,0.010000,0.0027358403,-0.001543047,0.000818951,0.00040
19830920,0.007200,-0.006555497,-0.000082869,0.0017581021,0.00040
19830921,-0.003900,0.0030768269,0.0011714353,0.0017567034,0.00040
19830922,0.007100,-0.003443302,0.0004657201,0.0034654153,0.00040
19830923,-0.001500,0.001652145,0.0028884193,0.0008992821,0.00040
19830926,0.001300,0.0014218862,0.0021916349,0.004423584,0.00040
19830927,-0.009000,0.0013266675,0.0016923449,0.0031360861,0.00040
19830928,-0.002700,-0.000963914,0.0001806698,-0.000467692,0.00040
19830929,-0.004000,0.0037271973,0.0016826357,-0.001109411,0.00040
19830930,-0.006800,0.0009982323,0.0013669007,0.000018572,0.00040
19831003,-0.002800,-0.005512164,0.000879762,0.0015782712,0.00040
19831004,0.002600,-0.002438081,-0.002889036,0.0010186143,0.00040
19831005,0.006800,-0.003983228,-0.005095172,0.0023312426,0.00040
19831006,0.012700,-0.007027295,-0.001348263,0.0022451978,0.00040
19831007,0.002800,0.0019539671,-0.00144613,0.0013254513,0.00040
19831010,0.007200,-0.004642302,0.0090739958,0.0026228611,0.00040
19831011,-0.011600,0.0087253922,0.0033740254,0.0009650716,0.00040
19831012,-0.006200,-0.002334808,0.0082058668,0.0001299358,0.00040
19831013,-0.000500,-0.00382521,0.0040680759,-0.001274007,0.00040
19831014,0.000000,-0.000187195,0.0034358782,-0.002495751,0.00040
19831017,0.001000,-0.001971787,0.0039289663,-0.000450807,0.00040
19831018,-0.015800,0.000843629,0.0172117696,-0.007681774,0.00040
19831019,-0.008300,-0.00631317,0.0015758748,-0.001017255,0.00040
19831020,0.001800,0.0006753566,-0.001029265,-0.000113787,0.00040
19831021,-0.007200,0.0001583469,0.0015615741,0.0015091899,0.00040
19831024,-0.001500,-0.007271867,0.0013502103,-0.001570746,0.00040
19831025,0.002600,-0.001904734,-0.000894774,-0.000923823,0.00040
19831026,-0.005600,0.0001414789,-0.000309472,-0.001777248,0.00040
19831027,-0.003300,-0.000931086,-0.000764169,0.0003377704,0.00040
19831028,-0.007900,0.0041975531,0.0025962771,-0.001679108,0.00040
19831031,-0.001000,-0.00612047,0.003953732,-0.006404121,0.00040
19831101,-0.000300,-0.003346446,-0.000524866,-0.000233413,0.00030
19831102,0.007700,0.0001762354,-0.002239362,-0.001592813,0.00030
19831103,-0.006000,0.0071678201,0.0002737508,-0.003590678,0.00030
19831104,-0.005800,0.0002270642,0.0052935324,-0.001395353,0.00030
19831107,-0.004000,-0.00118618,0.0067298182,-0.003217408,0.00030
19831108,-0.002200,-0.001093348,0.0028373144,0.0014589381,0.00030
19831109,0.010600,-0.008974782,-0.004595562,0.0024604326,0.00030
19831110,0.003400,0.0028442461,-0.004170069,0.0015103889,0.00030
19831111,0.012000,0.001768561,-0.010506655,-0.000771874,0.00030
19831114,0.003800,0.0056316431,-0.006009724,0.003355642,0.00030
19831115,-0.005600,0.0045560956,-0.001507021,0.0010314593,0.00030
19831116,0.003900,-0.002372955,-0.001291569,-0.000459029,0.00030
19831117,0.000600,0.0051354897,0.0003534726,-0.002012344,0.00030
19831118,-0.003900,0.0055238416,-0.003891211,-0.002145266,0.00030
19831121,0.005100,-0.003450995,-0.001248605,0.0023184394,0.00030
19831122,0.003900,-0.003380861,0.0028665892,-0.002914452,0.00030
19831123,0.000200,-0.00113375,0.0071679248,-0.000546211,0.00030
19831125,0.002000,-0.000658852,0.0016416146,-0.003009041,0.00030
19831128,-0.003600,0.0020305378,0.0018164091,-0.002208678,0.00030
19831129,0.006900,0.0000292022,0.0032362282,-0.003440133,0.00030
19831130,-0.006900,0.0060321975,-0.001233934,-0.002784086,0.00030
19831201,0.000300,-0.00111752,0.0050500798,-0.002036809,0.00030
19831202,-0.006500,0.0019779051,0.0069288942,0.0017100082,0.00030
19831205,0.000000,-0.004009692,0.0095257992,0.0010043963,0.00030
19831206,-0.001900,0.0025306225,0.0023987983,0.0004462211,0.00030
19831207,0.002100,-0.000263152,0.0011449779,-0.000871955,0.00030
19831208,-0.004800,0.0027660925,0.0023666239,-0.001029391,0.00030
19831209,0.000000,0.0019939996,0.0036746915,0.0024277732,0.00030
19831212,0.001200,-0.002940874,-0.000455091,0.0051339274,0.00030
19831213,-0.003800,-0.001056227,0.002999234,-0.003050656,0.00030
19831214,-0.009700,0.0057277709,0.0039180185,-0.003932661,0.00030
19831215,-0.008600,0.0048575225,0.0025929492,-0.000558932,0.00030
19831216,0.003000,-0.002561289,-0.001238631,0.0026497865,0.00030
19831219,-0.000500,-0.002443911,0.0003039959,0.0019193367,0.00030
19831220,-0.002400,-0.001934948,-0.000666764,-0.002194928,0.00030
19831221,0.007200,-0.006496613,0.0012043318,-0.001197347,0.00030
19831222,-0.001900,0.003230842,0.0024371693,-0.002613797,0.00030
19831223,-0.000300,0.0013511117,-0.000054175,-0.002443688,0.00030
19831227,0.006600,-0.005145024,0.0005338671,0.0009401204,0.00030
19831228,0.002100,-0.003659104,0.0082134901,0.0028583884,0.00030
19831229,-0.001700,0.0022277374,-0.002096478,-0.00231863,0.00030
19831230,0.002000,0.0032312243,-0.003832329,-0.001828679,0.00030
19840103,-0.004600,0.004476326,-0.003265882,0.0005936242,0.00040
19840104,0.014800,-0.007958019,-0.003689221,-0.008064789,0.00040
19840105,0.012600,-0.000847074,-0.005965072,-0.005430983,0.00040
19840106,0.004100,0.0013064937,-0.00284965,-0.003352634,0.00040
19840109,-0.001600,0.00394665,0.004948506,-0.002502633,0.00040
19840110,-0.004000,0.0051138589,0.0022491894,-0.000193004,0.00040
19840111,-0.001100,0.0008653378,0.0048742585,-0.002656502,0.00040
19840112,-0.000600,0.0023489674,0.005976115,-0.002122204,0.00040
19840113,-0.003800,0.0011676892,0.0035484685,-0.002793672,0.00040
19840116,-0.000200,-0.002577115,0.0040680047,0.0015314992,0.00040
19840117,0.002900,-0.002871338,-0.002234395,-0.000066243,0.00040
19840118,-0.001700,0.0010111558,0.0030642372,-0.001323033,0.00040
19840119,-0.003400,0.0033785114,0.0043596062,-0.001910325,0.00040
19840120,-0.006200,0.000129402,0.0061695477,-0.001018984,0.00040
19840123,-0.009200,-0.002772455,0.0097202097,-0.00712332,0.00040
19840124,0.003300,-0.008357817,0.0026548472,-0.002713286,0.00040
19840125,-0.005900,0.0018628735,0.0082337439,-0.002864778,0.00040
19840126,-0.004700,0.0011741652,0.0038103411,-0.005538266,0.00040
19840127,-0.002300,-0.00449159,0.007419034,-0.005110594,0.00040
19840130,-0.008500,-0.004448971,0.0119762341,-0.004847052,0.00040
19840131,0.000500,-0.005710858,0.000653222,0.0010498274,0.00040
19840201,-0.004900,-0.001981384,0.0012247219,0.0003362963,0.00040
19840202,0.003000,-0.002231114,-0.001664987,-0.000165187,0.00040
19840203,-0.013400,0.0086771657,0.0081832763,0.0012019706,0.00040
19840206,-0.016700,-0.002873893,0.0054910194,-0.00226788,0.00040
19840207,0.001200,-0.008763333,-0.005261634,-0.00004433,0.00040
19840208,-0.017300,0.0034753475,0.0070584287,0.0000641195,0.00040
19840209,-0.005100,-0.004092403,0.0029808619,-0.000994165,0.00040
19840210,0.005100,-0.000493723,-0.004195439,0.0022647418,0.00040
19840213,-0.009700,-0.001932258,0.0054896782,-0.000457907,0.00040
19840214,0.009200,-0.004629288,0.0001916857,0.0022370808,0.00040
19840215,-0.001500,0.0031588088,0.0019744904,0.0033386594,0.00040
19840216,-0.002100,-0.000979791,0.0024113652,-0.000760614,0.00040
19840217,-0.002700,0.0035583909,0.0045379627,0.0009726353,0.00040
19840221,-0.007500,0.003343613,0.0027895747,0.0005017527,0.00040
19840222,-0.002700,0.000970701,0.0015128496,0.0014478542,0.00040
19840223,-0.001900,-0.004624122,0.0035618315,0.0023257413,0.00040
19840224,0.020400,-0.007091947,-0.01238261,0.0012730872,0.00040
19840227,0.011700,0.0032785666,0.0001165448,-0.001667614,0.00040
19840228,-0.014500,0.0087719988,0.0087245559,-0.003415123,0.00040
19840229,0.002000,0.0011188167,-0.003315686,-0.003800455,0.00040
19840301,0.006600,-0.000213206,-0.000116152,-0.002993228,0.00030
19840302,0.006800,0.0009781439,-0.003527218,0.0019451787,0.00030
19840305,-0.007800,0.0014759873,0.001616684,-0.000718874,0.00030
19840306,-0.010000,0.0027896872,0.0040517774,-0.003425723,0.00030
19840307,-0.011000,0.0005446159,0.0041777637,-0.004245704,0.00030
19840308,0.003100,-0.00147329,0.0026407577,-0.002846058,0.00030
19840309,-0.004700,0.0018840589,0.0010730612,0.001646157,0.00030
19840312,0.010000,-0.00737326,-0.002849564,0.0036276429,0.00030
19840313,0.003900,0.0031875144,-0.007820602,0.000102285,0.00030
19840314,-0.000600,0.0008777719,-0.001129292,0.0024839125,0.00030
19840315,0.004200,0.0007956045,-0.001451799,0.0041584116,0.00030
19840316,0.010300,-0.002647988,-0.000646782,0.0056870101,0.00030
19840319,-0.009300,0.0015453551,0.005173412,0.0017871319,0.00030
19840320,0.005300,-0.002498823,-0.000266246,-0.005022044,0.00030
19840321,-0.001300,0.002003523,0.0054643614,-0.002857015,0.00030
19840322,-0.010300,0.0057090917,0.0063461666,-0.001536911,0.00030
19840323,-0.001000,0.0007308404,0.0045842395,-0.0003314,0.00030
19840326,-0.000700,-0.004032769,0.0016094887,-0.003909397,0.00030
19840327,0.002500,0.0005735034,0.0037868553,0.0021277935,0.00030
19840328,0.013700,-0.009836061,0.0001266661,-0.003725893,0.00030
19840329,-0.001100,-0.000145525,0.0003047553,-0.001783785,0.00030
19840330,-0.001500,0.0026523245,0.0001515967,0.0028860535,0.00030
19840402,-0.006900,0.0040030383,0.0010654869,0.0003425156,0.00040
19840403,-0.003400,-0.000227965,0.0058160329,0.0037783458,0.00040
19840404,-0.000800,-0.002619693,0.0021218776,0.0015885113,0.00040
19840405,-0.015300,0.0052514898,0.0080485846,0.0021128713,0.00040
19840406,-0.000100,-0.005670056,0.0021433871,0.0034613353,0.00040
19840409,-0.000700,-0.00409327,0.0038264158,0.0027589653,0.00040
19840410,0.001900,-0.001897865,0.0014472994,0.0018548009,0.00040
19840411,-0.005900,0.0021490237,0.0050329736,0.0055993418,0.00040
19840412,0.013600,-0.007837421,-0.00255091,0.0014195886,0.00040
19840413,-0.000700,0.0063969177,-0.003438413,0.0009481531,0.00040
19840416,0.004600,-0.00462237,0.0020299483,0.0035634944,0.00040
19840417,0.004500,0.000772837,-0.00534448,0.0007229228,0.00040
19840418,-0.005800,0.0028237622,-0.001216228,0.0038102555,0.00040
19840419,-0.000100,0.0000547463,0.0017454049,0.0007913031,0.00040
19840423,-0.007000,0.0041464556,0.0033675946,0.0040445409,0.00040
19840424,0.005300,-0.004577852,0.0030938453,0.0040648768,0.00040
19840425,0.002800,0.0007482877,0.0012574684,0.0047510114,0.00040
19840426,0.009700,-0.001941851,-0.003271274,0.0002369482,0.00040
19840427,-0.001000,0.0010699368,-0.003833653,0.0003927056,0.00040
19840430,0.000600,-0.00042325,-0.00232879,0.0022860881,0.00040
19840501,0.010100,-0.002776919,-0.010444998,-0.002220831,0.00040
19840502,0.003700,0.0043093091,-0.00811205,-0.002406473,0.00040
19840503,-0.002800,0.007934649,0.0010153038,-0.001378097,0.00040
19840504,-0.010300,0.0063607795,0.0079286336,0.0003230549,0.00040
19840507,0.001300,-0.001717968,-0.000102235,0.0029877374,0.00040
19840508,0.006300,-0.004606553,-0.002196216,0.0009874494,0.00040
19840509,-0.002100,-0.001424069,0.0012847186,0.0060296914,0.00040
19840510,-0.001100,0.0009889233,-0.00207402,0.004842274,0.00040
19840511,-0.008700,0.001063078,0.0054471385,0.0013785829,0.00040
19840514,-0.006500,0.0016352664,0.0007683641,0.0040437813,0.00040
19840515,0.002300,-0.004139125,0.0006188673,0.0031141166,0.00040
19840516,-0.000800,0.0005457178,-0.000624488,0.0035160883,0.00040
19840517,-0.010000,0.0014971316,0.0074504348,0.0032909304,0.00040
19840518,-0.006200,0.0004503366,0.0048853586,0.0020362306,0.00040
19840521,-0.006200,-0.001353068,0.0019193413,0.0003387983,0.00040
19840522,-0.007100,0.001263465,0.0035778533,0.0024973363,0.00040
19840523,-0.004500,0.000889218,0.0003975363,0.002429494,0.00040
19840524,-0.013800,-0.000914459,0.0018036958,0.006981037,0.00040
19840525,0.002000,-0.002519165,0.0001972158,0.0011114506,0.00040
19840529,-0.008500,-0.000124591,0.0091405823,0.0011758132,0.00040
19840530,-0.000500,-0.003600724,-0.007662893,0.0045963969,0.00040
19840531,0.002700,-0.000632291,-0.006410958,0.0046761964,0.00040
19840601,0.016500,-0.004502332,-0.003853552,-0.00431793,0.00040
19840604,0.008400,0.002170608,-0.008133354,-0.000483721,0.00040
19840605,-0.003700,0.0029974635,-0.000520478,0.0005644443,0.00040
19840606,0.006500,-0.001500766,0.0016918417,0.0016913984,0.00040
19840607,0.000000,0.0025682536,0.0025615685,0.0019171907,0.00040
19840608,0.001300,-0.00043937,0.0033438132,0.0038914648,0.00040
19840611,-0.011700,0.0041445321,0.0053865518,0.0061515327,0.00040
19840612,-0.004600,0.0009401186,0.0011091992,0.0034745507,0.00040
19840613,-0.000600,-0.001082126,-0.002116919,0.0019130153,0.00040
19840614,-0.010200,0.0060569393,0.0027520972,-0.003254662,0.00040
19840615,-0.006000,0.0000724065,-0.003058672,-0.00189816,0.00040
19840618,0.013600,-0.009342809,-0.003876855,-0.000294452,0.00040
19840619,0.005300,-0.001266294,-0.003897088,0.001947111,0.00040
19840620,0.010700,-0.011060955,-0.003234585,0.0052831908,0.00040
19840621,-0.000500,0.0061741117,-0.00163839,-0.001217602,0.00040
19840622,0.000600,0.0043230125,-0.002920879,-0.000373544,0.00040
19840625,-0.001700,0.0005525755,-0.000979423,0.001776746,0.00040
19840626,-0.007700,0.0029564043,0.0059704213,0.0034064414,0.00040
19840627,-0.006900,-0.000319997,0.0033510361,0.0027180158,0.00040
19840628,0.006400,-0.002569355,-0.001539095,-0.000014205,0.00040
19840629,0.002600,0.0032411041,-0.00039745,-0.000795373,0.00040
19840702,-0.001600,-0.002678489,0.0059201772,0.0040316069,0.00040
19840703,0.003200,0.0014725573,-0.00146322,-0.001163384,0.00040
19840705,-0.005200,0.0032077618,0.0022289756,0.0049151537,0.00040
19840706,-0.003700,-0.001041192,0.0029076852,0.0042437842,0.00040
19840709,0.005300,-0.009958582,-0.001027333,0.0004440438,0.00040
19840710,-0.002900,0.005307389,-0.003524749,0.0003990594,0.00040
19840711,-0.013500,0.0069052449,0.0012912219,0.0031099267,0.00040
19840712,-0.004100,-0.000217628,0.0048306889,0.0026053091,0.00040
19840713,0.004200,-0.000823048,0.0034584388,-0.003405353,0.00040
19840716,0.001900,-0.006109551,0.0065154199,0.0024876634,0.00040
19840717,0.003600,-0.000149984,0.002809605,0.0019818875,0.00040
19840718,-0.005800,-0.003141921,0.0013964798,0.0013708257,0.00040
19840719,-0.006900,0.0026688832,0.0060612018,0.0063347828,0.00040
19840720,-0.006000,-0.003626834,0.006745302,0.0052720369,0.00040
19840723,-0.006500,-0.003990174,0.004950779,0.0029918226,0.00040
19840724,-0.007000,-0.000652199,0.0016023708,0.001750377,0.00040
19840725,0.004400,-0.003542374,-0.001277592,0.0057132787,0.00040
19840726,0.007600,-0.002145573,-0.008448072,-0.004298488,0.00040
19840727,0.007900,-0.001778792,-0.013610615,-0.005688269,0.00040
19840730,-0.004600,0.0019090499,-0.00233592,0.0018036334,0.00040
19840731,0.002500,0.0027300795,-0.003739516,-0.001981634,0.00040
19840801,0.020200,-0.007364136,-0.012866197,-0.009202828,0.00040
19840802,0.024300,-0.00760212,-0.021960845,-0.006217163,0.00040
19840803,0.028200,-0.001459803,-0.022252586,-0.008942539,0.00040
19840806,0.003900,0.0082505042,-0.004948996,0.0051602077,0.00040
19840807,0.000400,0.0000703801,0.0023300698,0.0101545646,0.00040
19840808,-0.005300,-0.000065284,0.0122787397,-5.956698E-6,0.00040
19840809,0.019900,-0.008438982,-0.005097269,-0.007345221,0.00040
19840810,0.002100,0.002345668,-0.002927295,-0.003855992,0.00040
19840813,-0.001300,0.000484377,0.0026996175,-0.001444996,0.00040
19840814,-0.005200,0.0047010548,0.0055093456,0.0015503278,0.00040
19840815,-0.008100,0.005903887,0.005241483,0.0012832048,0.00040
19840816,0.005200,-0.000710406,-0.000628794,-0.000798417,0.00040
19840817,0.000800,-0.001469381,0.0017753089,2.590738E-6,0.00040
19840820,0.002900,-0.005576145,0.0021659244,0.0001133768,0.00040
19840821,0.015200,-0.006977231,-0.003285399,-0.004688444,0.00040
19840822,-0.003200,0.0036120734,0.0007713785,-0.004763062,0.00040
19840823,0.000700,0.001546827,0.0011542738,0.0009968534,0.00040
19840824,0.001700,0.0020452198,0.002161554,-0.007499926,0.00040
19840827,-0.005500,0.0014949081,0.0050452103,-0.000887747,0.00040
19840828,0.004800,-0.004692664,-0.003847469,0.0005119384,0.00040
19840829,-0.000900,0.0026824171,0.0012329674,-0.000862372,0.00040
19840830,-0.003000,0.0033193452,0.0010044719,-0.001234944,0.00040
19840831,0.000800,-0.000769119,-0.001006885,-0.000159894,0.00040
19840904,-0.009000,0.0052025907,0.006333647,0.0048843379,0.00050
19840905,-0.003800,0.0023545604,0.0031643691,0.0016818479,0.00050
19840906,0.006900,-0.00205534,0.0000938809,-0.000590181,0.00050
19840907,-0.006200,0.0055097703,0.0008474567,-0.000433272,0.00050
19840910,-0.001200,-1.208378E-6,0.0043667376,0.0010639518,0.00050
19840911,0.001900,0.0023557243,-0.001260988,-0.001998801,0.00050
19840912,-0.000300,-0.00066335,0.0054577329,-0.004746629,0.00050
19840913,0.015700,-0.010425022,-0.002181653,-0.006217763,0.00050
19840914,0.006000,0.001744791,-0.003693312,-0.004822022,0.00050
19840917,0.000400,-0.002637862,0.0054068403,0.0007189933,0.00050
19840918,-0.006100,0.0054103937,0.0065353402,-0.002774431,0.00050
19840919,-0.004200,0.0028959611,0.0050435931,-0.003316765,0.00050
19840920,0.002500,-0.0047219,-0.000404381,-0.003183041,0.00050
19840921,-0.008300,0.0096273619,0.0007563874,-0.00284974,0.00050
19840924,-0.003400,-0.000605232,0.0058863561,0.0022015982,0.00050
19840925,0.000400,-0.003840589,0.001876579,0.002184753,0.00050
19840926,0.002600,-0.002974476,0.0015773135,0.0005640664,0.00050
19840927,0.002800,-0.004070838,0.0034791058,-0.002016363,0.00050
19840928,-0.004500,0.0014485576,0.0046332838,0.0014502903,0.00050
19841001,-0.008400,0.0027641504,0.0084890603,0.0004018575,0.00040
19841002,-0.007000,0.0002242446,0.0052828052,-0.000043984,0.00040
19841003,-0.006700,0.0028702382,0.001418354,0.0021175005,0.00040
19841004,0.001600,-0.000861405,0.0003237075,-0.000389022,0.00040
19841005,-0.001100,0.001254256,-0.000172489,0.000106141,0.00040
19841008,-0.004000,0.000109111,0.0016047289,0.003056387,0.00040
19841009,-0.002300,-0.000783293,0.0005311442,-0.001118038,0.00040
19841010,0.001400,0.0004200632,-0.002638494,-0.00461468,0.00040
19841011,0.004100,-0.001483927,-0.000979149,-0.004929249,0.00040
19841012,0.007900,-0.004959704,-0.003579935,-0.000544693,0.00040
19841015,0.007800,-0.005057702,-0.001959238,0.0037492481,0.00040
19841016,-0.004200,0.0047615321,0.0019459332,0.001685684,0.00040
19841017,-0.003000,0.003106579,-0.004534759,0.0029174211,0.00040
19841018,0.019300,-0.012200144,-0.013572031,0.0002991948,0.00040
19841019,0.001100,0.0021991437,-0.003899651,0.0061474437,0.00040
19841022,-0.003800,0.0044089364,-0.002863307,0.0035064595,0.00040
19841023,-0.001600,0.0012694944,-0.00013831,0.0011523052,0.00040
19841024,-0.000100,-0.001461055,0.0023172049,-0.001848754,0.00040
19841025,-0.005700,0.0006619936,0.0102634058,0.0015674911,0.00040
19841026,-0.006600,0.0018133227,0.0082964689,0.0038041142,0.00040
19841029,-0.003400,-0.00203424,0.0007537754,0.0005866149,0.00040
19841030,0.010100,-0.005925373,-0.000747555,0.0010582542,0.00040
19841031,-0.003400,0.0015173777,0.0041029449,-0.000365666,0.00040
19841101,0.006800,-0.003388536,0.0006980984,-0.001214105,0.00030
19841102,0.000800,-0.000330938,0.001705166,-0.002350854,0.00030
19841105,0.006300,-0.004556269,0.0002377674,-0.005350922,0.00030
19841106,0.009400,-0.004235709,-0.002735921,-0.000260134,0.00030
19841107,-0.006700,0.0009886844,0.0065908071,-0.001980516,0.00030
19841108,-0.002100,0.0005277282,0.0007936712,-0.000466052,0.00030
19841109,-0.004600,0.0065929172,0.0015168783,-0.001982424,0.00030
19841112,-0.002100,0.0012807005,0.0025677822,0.0030222131,0.00030
19841113,-0.007600,0.0026963506,0.003693011,0.0012266595,0.00030
19841114,-0.001000,-0.000066807,0.0027220721,0.0042076348,0.00030
19841115,-0.001300,-0.003177176,0.0053238873,0.0060867355,0.00030
19841116,-0.008900,0.0032031518,-0.000276067,0.0007995872,0.00030
19841119,-0.007300,-0.000582916,0.0049099772,0.0029373842,0.00030
19841120,0.004300,-0.001960989,-0.001250311,-0.003751164,0.00030
19841121,0.002000,-0.003546249,0.0018151207,-0.002240766,0.00030
19841123,0.012700,-0.00661914,-0.007188682,-0.003564132,0.00030
19841126,-0.006200,0.0052830386,0.0001377045,0.0028410497,0.00030
19841127,0.004600,-0.002769605,-0.000977525,0.0015888852,0.00030
19841128,-0.007000,0.0031501336,0.0016958275,0.0015228883,0.00030
19841129,-0.006700,0.00095331,0.0043310567,-0.000290129,0.00030
19841130,-0.002700,0.0001198355,0.0048141261,-0.001193488,0.00030
19841203,-0.004800,0.0005463086,0.0026653795,0.0042756414,0.00030
19841204,0.001800,-0.001531889,-0.00005976,-0.003014145,0.00030
19841205,-0.007200,0.0014666209,0.0070188772,0.0023742233,0.00030
19841206,0.002500,-0.006008324,-0.00304772,0.0003323892,0.00030
19841207,-0.002100,0.0016430122,0.000014458,0.0016995298,0.00030
19841210,0.002300,-0.000244786,-0.000150807,-0.002440482,0.00030
19841211,0.001700,0.0001292911,-0.002372106,-0.001372167,0.00030
19841212,-0.002200,0.0024423924,-0.001807976,0.0016627854,0.00030
19841213,-0.004000,0.0041003233,0.0034616163,0.002311896,0.00030
19841214,0.004700,-0.001983207,-0.002335138,-0.00058157,0.00030
19841217,0.004600,-0.005104723,0.002287391,0.0021654417,0.00030
19841218,0.024000,-0.010526661,-0.013858016,-0.000353581,0.00030
19841219,-0.002600,0.0083083241,-0.007692152,0.0020675343,0.00030
19841220,-0.004300,0.0030730138,0.0053568123,0.0045914513,0.00030
19841221,-0.003700,0.0047914337,0.002651692,0.0004766832,0.00030
19841224,0.006700,-0.003056616,-0.001182304,-0.005558748,0.00030
19841226,-0.001400,0.0017680968,0.0007357557,0.0019550541,0.00030
19841227,-0.004400,0.0023274883,0.0031254733,-0.00006348,0.00030
19841228,0.002300,-0.000978533,0.0013172799,0.0006501798,0.00030
19841231,0.004600,-0.002707586,-0.002369806,-0.001188594,0.00030
19850102,-0.009300,0.0050841997,0.0022781526,-0.003572675,0.00030
19850103,-0.003300,0.0022285563,-0.000256734,-0.001764781,0.00030
19850104,-0.004300,0.0050602014,-0.002450003,-0.000120062,0.00030
19850107,0.002500,-0.004374619,0.0025043977,-0.000927875,0.00030
19850108,-0.000500,0.0017477336,0.0028593857,-0.001126922,0.00030
19850109,0.006300,-0.001678727,-0.002362149,-0.003091417,0.00030
19850110,0.016900,-0.007236669,-0.00668117,-0.005055665,0.00030
19850111,-0.000500,0.0025436737,-0.004771661,0.001514805,0.00030
19850114,0.014100,-0.00346331,-0.008852303,0.0002207853,0.00030
19850115,0.002600,0.0043181435,-0.003027637,0.0011867231,0.00030
19850116,0.004000,0.0031958032,-0.000231805,-0.002226168,0.00030
19850117,-0.001200,0.00625795,-0.00142732,-0.002331242,0.00030
19850118,0.003100,0.0035723825,-0.002278317,-0.001647229,0.00030
19850121,0.019600,-0.006408507,-0.002273301,-0.000309475,0.00030
19850122,0.001800,-0.001619619,-0.004224055,0.0052976036,0.00030
19850123,0.009900,-0.002848556,-0.00226173,-0.002601659,0.00030
19850124,-0.001500,0.0044487942,-0.003780942,0.0024559047,0.00030
19850125,0.004000,-0.000894782,-0.005876817,-0.006909894,0.00030
19850128,0.001700,0.0040984643,-0.0018426,0.0001641921,0.00030
19850129,0.008300,-0.000964761,-0.000440802,-0.001287854,0.00030
19850130,0.002400,0.0039451208,-0.001603545,0.0019743358,0.00030
19850131,0.000400,0.0015093647,0.0063487482,-0.002904844,0.00030
19850201,-0.004500,0.0043242325,0.0025883344,-0.000458407,0.00030
19850204,0.009700,-0.003778114,-0.001833495,-0.001084444,0.00030
19850205,0.003000,0.0007656427,-0.004992935,-0.000533518,0.00030
19850206,0.000800,0.0041778279,-0.001379448,-0.00235606,0.00030
19850207,0.007900,-0.000178467,-0.004311005,0.0003683451,0.00030
19850208,0.002400,0.0030374981,0.0046188484,0.0001374631,0.00030
19850211,-0.007800,0.0037967148,0.0032726054,-0.001335203,0.00030
19850212,-0.000500,0.0009934529,0.0059508049,-0.000633732,0.00030
19850213,0.013500,-0.006947576,0.0013964628,-0.001955997,0.00030
19850214,-0.003100,0.001194193,0.0044849698,0.003790145,0.00030
19850215,-0.004200,0.0012290934,0.0002520254,-0.000559402,0.00030
19850219,-0.001400,0.002158964,0.0037100553,0.0027693581,0.00030
19850220,0.000200,0.0017622083,-0.001105314,0.0034251954,0.00030
19850221,-0.005500,0.0017776901,0.0022393687,0.0018028272,0.00030
19850222,-0.003900,0.003339078,0.005299014,0.0011314071,0.00030
19850225,-0.002500,-0.004756133,0.0073671056,0.0055126789,0.00030
19850226,0.008300,-0.004708939,-0.006838504,0.0026218853,0.00030
19850227,-0.001900,0.0012544137,0.0048424967,0.0010023121,0.00030
19850228,0.001900,-0.001496182,0.0012381142,0.0010503015,0.00030
19850301,0.010400,-0.002141179,0.0017678429,0.0021832903,0.00030
19850304,-0.005300,0.0055494301,0.0028189409,0.0010830953,0.00030
19850305,0.000500,-0.002333754,0.0056038562,0.0001474674,0.00030
19850306,-0.007800,0.0041806074,0.0057285319,-0.000836397,0.00030
19850307,-0.005800,0.0003068835,0.006188929,-0.002458792,0.00030
19850308,-0.002700,-0.000943479,0.0025341894,-0.004812305,0.00030
19850311,-0.002200,-0.000711505,0.0039502159,-0.000265272,0.00030
19850312,0.003200,-0.005309395,0.0033688813,-0.001219374,0.00030
19850313,-0.008600,-0.001121959,0.0096568497,-0.00373023,0.00030
19850314,-0.001500,0.002130431,-0.0004349,0.0007887371,0.00030
19850315,-0.004600,0.0058574369,-0.004272873,0.0021822554,0.00030
19850318,-0.001200,-0.003013628,0.0032331196,0.0009205131,0.00030
19850319,0.012100,-0.006665978,-0.002660389,0.0012344397,0.00030
19850320,-0.002100,-0.000938447,0.0011274469,0.0026153303,0.00030
19850321,0.001400,-0.001858835,0.0001910091,-0.000221627,0.00030
19850322,-0.002100,-0.001879265,0.0045904222,-0.000955173,0.00030
19850325,-0.005700,-0.000611263,0.0077253446,-0.001964448,0.00030
19850326,0.001600,-0.004238597,-0.00105021,-0.002750438,0.00030
19850327,0.005700,-0.003524318,-0.004697578,0.0018314028,0.00030
19850328,0.001000,0.0008169583,-0.00001182,-0.002056939,0.00030
19850329,0.005600,-0.001993161,-0.002503979,-0.001422511,0.00030
19850401,0.002800,-0.000989219,-0.003744093,-0.00362741,0.00030
19850402,-0.003600,0.0004359548,0.003584527,0.0002302139,0.00030
19850403,-0.007400,0.004303176,0.0077228044,0.0001130186,0.00030
19850404,-0.000900,-0.000873528,0.0027827827,-0.002169801,0.00030
19850408,-0.004500,0.0012945022,0.0024702302,-0.003710199,0.00030
19850409,0.000400,-0.000384565,0.0018915092,0.0007637343,0.00030
19850410,0.005900,4.6197114E-6,-0.00585636,-2.87553E-6,0.00030
19850411,0.004300,-0.001162468,0.0003843406,0.0007584962,0.00030
19850412,0.001500,-0.001812002,0.0002372801,0.0002380132,0.00030
19850415,0.002000,-0.000806718,-0.000671664,0.0009134862,0.00030
19850416,0.001500,0.0022940537,-0.000225201,0.0005963171,0.00030
19850417,0.002100,0.0031654255,0.0012907555,0.0021792576,0.00030
19850418,-0.004600,0.0020000308,0.0028706951,0.0004210205,0.00030
19850419,0.000900,-0.00182677,0.005559959,0.001446841,0.00030
19850422,-0.002900,0.0002143554,0.0060754223,-0.00084274,0.00030
19850423,0.005400,-0.003851965,-0.000130653,-0.002392143,0.00030
19850424,0.001400,-0.00168487,0.0010144639,-0.001436586,0.00030
19850425,0.004900,-0.002037769,0.0018916332,-0.006076513,0.00030
19850426,-0.005300,0.0046431838,-0.000653379,-0.001113261,0.00030
19850429,-0.008200,0.0008246383,0.0058681969,-0.000011026,0.00030
19850430,-0.005200,-0.000056111,0.0022833005,-0.000693325,0.00030
19850501,-0.006700,0.0045706748,0.005610131,0.0003999792,0.00030
19850502,0.001400,-0.005039573,0.0034867704,-0.003773931,0.00030
19850503,0.005800,-0.003675895,-0.004015682,-0.002565875,0.00030
19850506,0.000400,-0.000534886,0.0023757823,0.0023846503,0.00030
19850507,0.004000,-0.001203786,-0.001293895,0.0002136965,0.00030
19850508,-0.000100,0.0014009673,-0.005682006,0.0000739442,0.00030
19850509,0.007300,-0.001144767,-0.004481747,-0.001269164,0.00030
19850510,0.013000,-0.002092128,-0.010878348,0.0015686363,0.00030
19850513,0.001500,-0.000097775,-0.000882892,0.0041136955,0.00030
19850514,-0.003100,0.0016761876,0.0048159736,0.0007630619,0.00030
19850515,0.002900,-0.000251034,0.0022316168,-0.001442533,0.00030
19850516,0.005400,-0.002812099,-0.002819304,0.0018659456,0.00030
19850517,0.009100,-0.00211834,-0.002435075,0.0008480772,0.00030
19850520,0.011700,-0.00391683,-0.004657403,0.0039870685,0.00030
19850521,-0.000500,-0.000569698,0.003713422,0.0027050958,0.00030
19850522,-0.005700,0.0019319538,0.0005594311,0.0033499657,0.00030
19850523,-0.004700,0.0030620534,0.0058140427,0.0044344756,0.00030
19850524,0.003100,0.0006894585,0.0054207189,0.0013575935,0.00030
19850528,-0.001700,0.0005197041,0.0009670663,-0.001025442,0.00030
19850529,-0.000800,-0.000428688,-0.000706446,0.0017887162,0.00030
19850530,-0.000200,-0.001053144,0.0047657041,-0.000015113,0.00030
19850531,0.007500,-0.006173363,0.0011814284,-0.000373036,0.00030
19850603,0.000500,-0.000577872,-0.002562373,0.0029488844,0.00030
19850604,0.003700,-0.000989046,-0.00084311,0.0038422377,0.00030
19850605,0.001300,-0.003104974,0.0050495768,0.0013397998,0.00030
19850606,0.003600,-0.001551473,-0.00069466,0.0017330472,0.00030
19850607,-0.006100,0.0004670758,0.0008588352,0.0025901017,0.00030
19850610,-0.001200,-0.00076157,0.0008714644,0.0009499279,0.00030
19850611,-0.002200,0.0009074282,0.0040582028,0.0001446092,0.00030
19850612,-0.006100,0.0015823907,0.0042350631,0.0001905055,0.00030
19850613,-0.011100,0.003484198,0.0087813748,-0.00162392,0.00030
19850614,0.007400,-0.004112988,0.0004988341,0.0022240268,0.00030
19850617,-0.002600,0.0012253439,0.0029867301,0.000840134,0.00030
19850618,0.003700,-0.001268668,0.0008629702,-0.001806647,0.00030
19850619,-0.002200,0.0036624968,-0.003848762,0.001084172,0.00030
19850620,-0.000700,-0.001798834,0.0013805799,-0.001597779,0.00030
19850621,0.010600,-0.003977677,-0.00331715,0.0021048051,0.00030
19850624,0.000300,0.0018679358,-0.01009413,0.0056685609,0.00030
19850625,0.003500,0.0026386163,-0.006343176,0.0011054213,0.00030
19850626,0.001600,0.0011391498,-0.002550226,-0.000939189,0.00030
19850627,0.005900,-0.000743009,-0.00170307,-0.003630037,0.00030
19850628,0.002900,0.0006712521,0.0042550305,0.0027082839,0.00030
19850701,0.002700,-0.001678224,-0.001147422,-0.001409526,0.00030
19850702,-0.001200,0.002883961,0.0027058997,-0.001111351,0.00030
19850703,-0.002000,0.0024187359,0.001221372,-0.001199672,0.00030
19850705,0.005300,-0.000123274,-0.001440759,-0.003466731,0.00030
19850708,-0.003100,0.0012853918,0.0013252023,0.0018162732,0.00030
19850709,-0.003700,0.0019322902,0.0054838854,0.0012155054,0.00030
19850710,0.005900,0.0009118454,-0.000918986,0.0016391973,0.00030
19850711,0.003400,0.003848389,-0.002660474,0.0028444156,0.00030
19850712,0.002100,0.001183389,-0.000312166,0.0006272227,0.00030
19850715,-0.001500,0.0088034859,-0.001216586,-0.000444802,0.00030
19850716,0.009800,-0.000746139,-0.005170538,0.002278875,0.00030
19850717,0.003700,0.0025690324,-0.005294507,0.0020891937,0.00030
19850718,-0.005700,0.0044902192,0.0030416998,-0.000671506,0.00030
19850719,0.003000,0.0050609439,0.0020759575,-0.003919821,0.00030
19850722,-0.004500,0.0018502595,-0.001887943,0.0022637189,0.00030
19850723,-0.008400,0.0067264983,0.0005084251,0.0039927467,0.00030
19850724,-0.006200,-0.000520954,0.0055897374,-0.001094716,0.00030
19850725,0.000800,-0.004537486,0.0005466988,-0.001828542,0.00030
19850726,0.001100,-0.002103072,-0.000793357,-0.004097176,0.00030
19850729,-0.013900,0.0032451616,0.0045380505,-0.000745091,0.00030
19850730,0.000500,-0.00339713,0.0023901736,0.0021621154,0.00030
19850731,0.004900,-0.000015162,-0.002546955,-0.00114948,0.00030
19850801,0.007000,0.0032409578,-0.002338767,0.0004467362,0.00020
19850802,-0.002300,0.003831651,-0.001819619,-0.002002348,0.00020
19850805,-0.005300,-0.002952769,0.0030534369,-0.000120347,0.00020
19850806,-0.012000,0.0009385889,0.0025912935,0.0023654901,0.00020
19850807,-0.002900,-0.003027612,0.0064487547,-0.002455466,0.00020
19850808,0.007000,-0.004583349,-0.000123742,-0.002740785,0.00020
19850809,-0.002300,0.0021884232,-0.00342219,0.0023287445,0.00020
19850812,-0.003400,-0.000333768,0.0027262138,-0.002472006,0.00020
19850813,-0.001900,0.0011985168,0.004362906,-0.001162786,0.00020
19850814,0.000900,0.0027750062,0.0032088055,0.0006093017,0.00020
19850815,-0.000600,0.0022711195,0.0030505052,-0.000470472,0.00020
19850816,-0.005600,0.0004960552,0.0020455892,0.0002236991,0.00020
19850819,0.001100,-0.002200453,0.0041984747,-0.000686222,0.00020
19850820,0.006700,-0.00613473,-0.00225744,0.001605529,0.00020
19850821,0.004800,-0.000638741,-0.00045313,0.0005588572,0.00020
19850822,-0.007600,0.0052485871,0.0013062226,0.0014381576,0.00020
19850823,-0.001200,0.0039092896,0.0035405581,-0.000188073,0.00020
19850826,0.001200,-0.000283743,-0.000704017,-0.000232529,0.00020
19850827,0.003400,-0.001926156,-0.000554997,-0.000277225,0.00020
19850828,0.003100,-0.001289494,-0.000814665,0.0017687045,0.00020
19850829,0.000700,0.0022726357,0.0022650085,0.0017376915,0.00020
19850830,-0.000500,0.0050138347,0.0021612664,0.0002585453,0.00020
19850903,-0.004200,0.0001439079,0.0037083414,0.0012469964,0.00030
19850904,-0.003300,0.0012229208,0.0053967056,0.0004654469,0.00030
19850905,-0.000400,0.0002932267,0.0005347024,0.0012270293,0.00030
19850906,0.004000,-0.002094019,-0.001915022,0.0017773158,0.00030
19850909,0.000800,-0.000084861,-0.000374077,-0.000559759,0.00030
19850910,-0.007500,0.0008501556,0.0040533559,-0.000656575,0.00030
19850911,-0.010300,0.0002089471,0.0051700505,0.0014352865,0.00030
19850912,-0.007900,0.0040766187,0.0016353481,0.0036752651,0.00030
19850913,-0.006000,-0.003671134,0.004597078,-0.000551531,0.00030
19850916,-0.001400,-0.003439069,0.0019477544,0.001590332,0.00030
19850917,-0.009300,-0.002360921,0.0075555665,0.001797449,0.00030
19850918,0.000700,-0.003353177,-0.004598366,0.000205882,0.00030
19850919,0.008600,0.0007741209,-0.004375041,0.0007508207,0.00030
19850920,-0.004600,0.0058794086,-0.001761676,0.0024575178,0.00030
19850923,0.009100,-0.003988835,-0.000877986,0.0022162134,0.00030
19850924,-0.007600,0.0044994189,0.0056399655,0.0023911635,0.00030
19850925,-0.010000,0.0039716157,0.0088396641,0.0018545959,0.00030
19850926,0.000700,-0.007538703,0.007768852,0.0002517766,0.00030
19850930,0.002700,-0.000755239,0.0085643735,0.00165514,0.00030
19851001,0.013600,-0.006942083,-0.002257311,0.0024237036,0.00030
19851002,-0.003900,0.0000248718,0.0110165059,-0.001925551,0.00030
19851003,0.001100,-0.002042571,0.0025317268,-0.001159797,0.00030
19851004,-0.005300,0.0036274255,0.0032320885,-0.003032631,0.00030
19851007,-0.006800,0.0002148147,0.0058259478,-0.000668057,0.00030
19851008,-0.001300,-0.00114781,0.0052423592,-0.000897397,0.00030
19851009,0.003400,-0.000703489,-0.00450778,0.0023057525,0.00030
19851010,0.002400,0.001013569,-0.003672682,-0.001368576,0.00030
19851011,0.007800,-0.00032008,-0.003502302,0.0016361229,0.00030
19851014,0.010100,-0.005219107,-0.008642981,0.0011420045,0.00030
19851015,-0.001200,0.0024227078,0.0020407495,0.0045337296,0.00030
19851016,0.008400,-0.003765831,-0.000492066,0.0019909918,0.00030
19851017,0.000500,0.0018999616,-0.004662447,-0.001211513,0.00030
19851018,-0.002300,0.002518174,0.0020442473,0.0010270129,0.00030
19851021,-0.001000,-0.003374973,0.0025284339,0.0023073722,0.00030
19851022,0.005100,-0.003131304,-0.00561168,-0.002142272,0.00030
19851023,0.004600,-0.001176479,-0.002108745,-0.000906028,0.00030
19851024,-0.002000,0.0016213095,-0.002083918,-0.001024714,0.00030
19851025,-0.005200,0.0022402473,0.0029660445,-0.001334907,0.00030
19851028,0.000700,-0.002156161,0.0014047623,0.0022140167,0.00030
19851029,0.007100,-0.002333128,-0.002567322,-0.000631902,0.00030
19851030,0.004200,0.0001962088,-0.000210922,-0.000645887,0.00030
19851031,-0.000600,0.0016178014,0.0022131435,-0.000054055,0.00030
19851101,0.007300,-0.003356518,0.001635173,0.000127489,0.00030
19851104,-0.000400,0.001538921,0.00162928,0.0013925634,0.00030
19851105,0.005800,-0.003853628,-0.003261119,0.0029011308,0.00030
19851106,0.002900,0.0023620308,-0.004047529,0.0017851777,0.00030
19851107,0.000200,0.0017807288,0.0003550939,-0.001008521,0.00030
19851108,0.006800,-0.000201848,-0.003293038,-0.003566875,0.00030
19851111,0.015200,-0.008099343,-0.002065691,-0.000280176,0.00030
19851112,0.005000,0.003575087,-0.002954909,0.0022307653,0.00030
19851113,-0.004600,0.004257809,-0.000676087,0.0033274191,0.00030
19851114,0.008400,-0.002984407,-0.001795362,0.0010275316,0.00030
19851115,-0.003200,0.004789411,-0.001698719,0.0004131906,0.00030
19851118,0.001900,-0.005200143,-0.002165683,0.0017041534,0.00030
19851119,0.000500,0.0078654141,-0.002001975,0.002026109,0.00030
19851120,0.001000,0.0006415325,0.0019087013,0.0010315923,0.00030
19851121,0.010800,-0.004588558,-0.003434681,0.0004699462,0.00030
19851122,0.001600,0.0048629893,-0.000400247,-0.002871318,0.00030
19851125,-0.005500,0.002209504,0.0035670678,0.0038116936,0.00030
19851126,0.001300,0.0017961327,0.0002476899,0.0040749208,0.00030
19851127,0.008100,0.0003066787,-0.002542507,0.0007604068,0.00030
19851129,-0.000200,0.0029318536,-0.001938375,0.0007613969,0.00030
19851202,-0.007600,0.0062187274,0.0015014895,0.0016213683,0.00030
19851203,0.002000,0.0006499863,-0.00032436,0.0012143373,0.00030
19851204,0.014900,-0.003696544,-0.004203378,0.0019077447,0.00030
19851205,-0.000500,0.002535588,-0.005669345,0.0017622175,0.00030
19851206,-0.005200,-0.00123374,0.0023016235,0.0015080512,0.00030
19851209,0.005700,-0.001959192,-0.002804121,0.0062504241,0.00030
19851210,0.001000,-0.000914991,-0.00726745,0.0030917966,0.00030
19851211,0.008800,-0.004044099,-0.004935086,0.0055161726,0.00030
19851212,0.002300,0.0049586327,-0.000505228,0.0009708108,0.00030
19851213,0.013800,-0.004430589,0.0051961474,-0.002541716,0.00030
19851216,0.007700,-0.00414212,0.0031878581,0.0028203556,0.00030
19851217,-0.006100,-0.000769378,0.0037410854,-0.001238568,0.00030
19851218,-0.004400,-0.001394594,0.0030632596,0.001985704,0.00030
19851219,0.000300,0.0003614506,0.0024412472,-0.004058996,0.00030
19851220,0.003900,0.0026967925,0.00037908,-0.00050462,0.00030
19851223,-0.010200,0.0081959108,0.0028807988,0.0049965072,0.00030
19851224,-0.005700,0.0013999971,-0.000828467,-0.001785761,0.00030
19851226,0.001900,0.0008205284,0.0004208439,-0.001653263,0.00030
19851227,0.008700,-0.002338467,-0.003289497,-0.003427359,0.00030
19851230,0.003900,-0.00056117,0.0028680524,0.0011347567,0.00030
19851231,0.003100,-0.000424893,-0.003786414,-0.003054941,0.00030
19860102,-0.006300,0.0069252492,0.0022088212,-0.005609815,0.00030
19860103,0.005600,0.001276825,0.0045210821,-0.002463058,0.00030
19860106,-0.000400,-0.001464201,-9.573056E-6,-0.00436387,0.00030
19860107,0.013800,-0.007420378,-0.006241952,-0.00166607,0.00030
19860108,-0.021700,0.0120291115,0.0035709255,-0.001304012,0.00030
19860109,-0.011700,-0.008039101,0.0007364362,-0.003727117,0.00030
19860110,-0.000200,-0.00225161,-0.00250387,-0.002542541,0.00030
19860113,0.002800,-0.001629069,0.0039907335,-0.001450325,0.00030
19860114,0.000000,0.0057532367,0.0018473002,0.0003233518,0.00030
19860115,0.007900,0.0005095751,-0.002994122,-0.000610868,0.00030
19860116,0.004600,-0.000206487,-0.00481302,0.0030474671,0.00030
19860117,-0.001700,0.0043301363,-0.004483704,0.0008827881,0.00030
19860120,-0.003900,0.0002265458,0.0010068526,0.0007801409,0.00030
19860121,-0.006700,0.0033922046,-0.003384758,0.0046754951,0.00030
19860122,-0.009300,0.0047314879,-0.000514511,0.0028639008,0.00030
19860123,0.002400,-0.001490978,0.0011236178,0.0042016043,0.00030
19860124,0.009500,-0.004829678,-0.003806509,0.0007938467,0.00030
19860127,0.004500,-0.002856039,-0.002420466,0.0052068387,0.00030
19860128,0.009800,-0.002802771,-0.002541522,0.0006320371,0.00030
19860129,0.002400,-0.002528048,-0.002091666,0.0041284327,0.00030
19860130,-0.003400,0.0070852638,0.0031026642,-9.326717E-6,0.00030
19860131,0.009300,-0.002303691,0.000235595,0.0035989037,0.00030
19860203,0.009300,-0.004104738,-0.000631804,0.0063006453,0.00030
19860204,-0.002500,0.0016809423,-0.000678783,0.0074342825,0.00030
19860205,0.000700,-0.003526046,-0.00343147,0.0047871454,0.00030
19860206,0.002600,0.0049835959,0.0009486896,-0.001739895,0.00030
19860207,0.004900,0.0013008802,0.0037581326,0.0001625764,0.00030
19860210,0.006600,-0.003681031,-0.000413489,0.0001679773,0.00030
19860211,0.000300,0.0017406795,-0.001451687,0.0022434305,0.00030
19860212,0.001400,0.0016746232,-0.000761544,-0.001656284,0.00030
19860213,0.005700,-0.000942869,0.0040501381,-0.00405354,0.00030
19860214,0.008900,-0.006501086,0.0008438004,-0.000691274,0.00030
19860218,0.011300,-0.001789057,-0.003133013,0.0030823454,0.00030
19860219,-0.009200,0.0088412533,0.0004887486,0.0032758167,0.00030
19860220,0.008300,-0.005734704,0.0012350182,-0.001314047,0.00030
19860221,0.010100,-0.003461157,0.0002234681,0.0018398126,0.00030
19860224,-0.001200,-0.001456329,0.0039212468,-0.000152442,0.00030
19860225,-0.002300,0.003550296,0.0048796412,-0.003997024,0.00030
19860226,0.001000,-0.000045692,0.0023568058,-0.001834059,0.00030
19860227,0.011400,-0.001208987,-0.002578813,-0.008676212,0.00030
19860228,0.001900,0.0026533661,-0.002535329,0.0012972219,0.00030
19860303,-0.003900,0.007043172,0.0018506141,0.0009700573,0.00030
19860304,-0.001400,0.0043167317,-0.00524893,-0.00314882,0.00030
19860305,-0.002000,-0.001277343,0.0054884469,-0.001821448,0.00030
19860306,0.004100,0.0027871127,-0.00020647,-0.002221603,0.00030
19860307,0.001400,0.0020712517,0.0013332008,-0.000931099,0.00030
19860310,0.004300,0.0001222486,-0.003282765,-0.000371742,0.00030
19860311,0.018600,-0.010671807,-0.002745333,0.0011816265,0.00030
19860312,0.004400,0.0003307985,0.0012830067,-0.00349995,0.00030
19860313,0.002000,0.0000443742,0.0010492234,0.0012443795,0.00030
19860314,0.010300,-0.008125693,0.0041965882,0.0001557845,0.00030
19860317,-0.007500,0.0005314463,0.0024936855,0.0059110922,0.00030
19860318,0.004700,0.0008913806,0.0023008656,-0.003838463,0.00030
19860319,-0.001700,0.0030621207,0.0025264723,0.0004406564,0.00030
19860320,0.003900,-0.000815509,0.0038011708,0.0001810155,0.00030
19860321,-0.008300,0.0170773323,-0.000365869,-0.010704192,0.00030
19860324,0.004000,-0.01168334,-0.000930495,0.0089007556,0.00030
19860325,-0.002500,-0.000825595,0.0019567244,0.0014523434,0.00030
19860326,0.009900,-0.007620566,0.0021609837,-0.002049199,0.00030
19860327,0.007200,0.0001149171,0.0003987795,0.0052742721,0.00030
19860331,0.000700,0.0029904442,-0.00681771,0.0078244502,0.00030
19860401,-0.012100,0.0088904782,0.0017695162,0.0044911353,0.00020
19860402,0.000900,-0.002308573,-0.002087282,0.0023898687,0.00020
19860403,-0.010200,0.0050040048,-0.00351962,-0.00049787,0.00020
19860404,-0.014600,0.0047693174,-0.000321262,-0.005929505,0.00020
19860407,-0.003200,-0.002974555,0.0034217131,-0.0031007,0.00020
19860408,0.019000,-0.006895464,-0.003337716,0.0065321344,0.00020
19860409,0.002100,0.0019403654,0.0011042533,0.0067769176,0.00020
19860410,0.009700,-0.002249377,-0.002797817,0.0034247331,0.00020
19860411,-0.000800,0.0012321547,-0.002736776,-0.002087598,0.00020
19860414,0.005300,0.0015271027,-0.002265433,0.0038896187,0.00020
19860415,0.001400,0.0007222685,0.0012879225,0.0027848433,0.00020
19860416,0.017600,-0.00708768,-0.003563883,0.0069514516,0.00020
19860417,0.003300,0.0040677792,0.0001550198,0.003308817,0.00020
19860418,-0.001100,0.006275537,-0.002099283,-0.000500536,0.00020
19860421,0.007600,0.0006091176,0.0023893051,0.0050716816,0.00020
19860422,-0.007800,0.0056651354,0.0028016789,0.0005887623,0.00020
19860423,-0.004200,0.0017641747,0.0030149218,0.0008790498,0.00020
19860424,0.001800,0.0056553631,-0.003948462,0.0035099845,0.00020
19860425,0.000000,0.0031889215,-0.002917263,0.0020144722,0.00020
19860428,0.001800,-0.001885394,0.0035411372,0.0022644438,0.00020
19860429,-0.009700,0.0017393246,0.0044695137,0.000302817,0.00020
19860430,-0.018900,0.0058407558,0.0055122458,0.0009724648,0.00020
19860501,-0.002000,-0.001630215,0.0004033974,-0.003234126,0.00020
19860502,-0.000600,0.0016320343,0.0040190052,-0.002639974,0.00020
19860505,0.011100,-0.007021129,0.0029537809,-0.001193983,0.00020
19860506,-0.001200,0.0009648063,-0.000747279,0.0000730817,0.00020
19860507,-0.004200,0.0055291262,9.0309026E-6,-0.002292452,0.00020
19860508,0.005000,0.0047122117,0.0039291531,-0.003313565,0.00020
19860509,0.003000,0.0022060265,0.0045673079,-0.001071635,0.00020
19860512,-0.001700,-0.000526069,0.0039228844,-0.000089687,0.00020
19860513,-0.004000,0.0018584184,-0.001143221,0.0037089844,0.00020
19860514,0.003800,-0.005956948,-0.002769338,0.0068265147,0.00020
19860515,-0.010900,0.0074112821,0.0005017644,-0.000346297,0.00020
19860516,-0.005700,0.0069743094,0.0003244096,-0.001584015,0.00020
19860519,0.000600,-0.002616686,0.0016987222,-0.002659148,0.00020
19860520,0.010100,-0.008665938,-0.002171766,0.0017580451,0.00020
19860521,-0.001600,0.0040610035,-0.000442448,0.0033948895,0.00020
19860522,0.016100,-0.010496979,-0.00229772,-0.00070888,0.00020
19860523,0.005500,-0.002348662,-0.002461452,-0.00039244,0.00020
19860527,0.012700,-0.004620735,-0.000262021,0.0051560649,0.00020
19860528,0.006800,-0.002047738,-0.00287025,0.0053031332,0.00020
19860529,0.004000,-0.001388364,0.0020453268,0.0039945417,0.00020
19860530,-0.001300,0.0051034971,0.0013051927,0.0000754638,0.00020
19860602,-0.007500,0.0063561432,0.0022397643,0.0032018589,0.00020
19860603,0.001000,-0.000190309,-0.000143024,0.0047854568,0.00020
19860604,-0.004900,0.00423402,-0.003343848,0.0003718611,0.00020
19860605,0.004300,-0.005015312,-0.000022043,0.0023140871,0.00020
19860606,0.000100,-0.000824374,0.0018709193,0.0068453165,0.00020
19860609,-0.020000,0.0053280295,0.0002796727,0.0018521358,0.00020
19860610,-0.002200,0.0015575119,0.0004963126,0.0031320535,0.00020
19860611,0.006100,-0.002533353,0.0004623488,0.0017773073,0.00020
19860612,0.001700,-0.000770492,0.0003231553,-0.000335035,0.00020
19860613,0.014500,-0.008104591,0.0011360352,0.0010496455,0.00020
19860616,0.000100,-0.00270233,0.0052842672,0.0016008012,0.00020
19860617,-0.005700,-0.002275104,-0.000644544,0.0020241655,0.00020
19860618,0.000400,-0.004258065,0.0020621227,-0.000214479,0.00020
19860619,-0.001600,0.0032442741,-0.001843761,0.0023418906,0.00020
19860620,0.007600,-0.013889264,0.0008164344,0.0036741817,0.00020
19860623,-0.005400,0.0034979611,-0.002442561,0.0008528996,0.00020
19860624,0.007700,-0.000726831,-0.001740405,0.0012010235,0.00020
19860625,0.007100,-0.005786988,-0.005118237,0.0016901161,0.00020
19860626,-0.000500,0.0026843414,-0.000226875,0.0023365825,0.00020
19860627,0.002900,-0.000844292,0.0011057935,-0.002726923,0.00020
19860630,0.005200,0.0010659356,-0.001405929,-0.000648491,0.00020
19860701,0.004700,0.0017509577,0.0019821626,0.0048939596,0.00020
19860702,0.003300,-0.001946722,-0.002369957,0.0018453157,0.00020
19860703,-0.002100,0.0021799156,-0.001898595,-0.002032624,0.00020
19860707,-0.029000,0.0044526326,0.0134111486,-0.008516903,0.00020
19860708,-0.015200,-0.010945022,0.0091848397,-0.00918272,0.00020
19860709,0.006400,-0.000859643,-0.003618259,0.0062950955,0.00020
19860710,0.000000,-0.0027693,0.0002203551,-0.000869335,0.00020
19860711,-0.001100,0.0037486628,-0.000649153,0.0010497261,0.00020
19860714,-0.016500,-0.002173428,0.0076140984,-0.008102503,0.00020
19860715,-0.016800,0.0000594935,0.007380406,-0.00522155,0.00020
19860716,0.003800,-0.000503106,-0.002856355,0.0059034893,0.00020
19860717,0.004600,0.0009083212,-0.005764625,0.0094375238,0.00020
19860718,0.000400,-0.000598157,0.0009438714,0.0038783578,0.00020
19860721,-0.001700,-0.002671839,0.0042645177,0.0049698705,0.00020
19860722,0.007500,-0.007875916,-0.000265058,0.0046305821,0.00020
19860723,0.001200,0.0001511356,-0.001706816,0.0034631881,0.00020
19860724,-0.002800,-0.000410884,-0.001645844,0.003449902,0.00020
19860725,0.007600,-0.006805456,-0.00226723,0.0030226993,0.00020
19860728,-0.016200,0.0056237647,0.0027974633,0.0036720891,0.00020
19860729,-0.006700,0.0002555654,0.0058657409,-0.001627149,0.00020
19860730,0.004800,-0.008535115,0.0052104097,0.0036578441,0.00020
19860731,-0.001200,0.0001607061,-0.00182386,0.0015851617,0.00020
19860801,-0.004300,0.0025601061,0.0030682028,0.0015293376,0.00020
19860804,0.001100,-0.008984134,0.0119292532,-0.005411048,0.00020
19860805,0.002600,0.003315977,0.0090736179,-0.010491009,0.00020
19860806,-0.001500,-0.001602805,-0.001624637,-0.004378659,0.00020
19860807,0.002400,0.0003263292,-0.00385249,-0.001780621,0.00020
19860808,0.000200,0.0003279306,-0.000619649,0.0000298208,0.00020
19860811,0.014900,-0.00821955,-0.005705131,0.0012817293,0.00020
19860812,0.010900,-0.00268443,-0.004576917,0.0024890534,0.00020
19860813,0.009200,-0.003150759,0.0005280311,0.0031105385,0.00020
19860814,0.003500,0.0046199162,-0.001846543,0.0011806182,0.00020
19860815,0.002300,0.0010807601,0.0055172366,-0.006524348,0.00020
19860818,0.000400,-0.002927082,0.0023437157,0.0031073264,0.00020
19860819,-0.002600,0.0012147788,0.0007789644,0.002151744,0.00020
19860820,0.010900,-0.008766807,0.001366488,-0.005160396,0.00020
19860821,-0.000400,-0.000824337,0.0007009696,0.0009647788,0.00020
19860822,0.001300,-0.001030756,0.0007765712,-0.006198834,0.00020
19860825,-0.008000,0.0038078276,0.0014873676,-0.001155006,0.00020
19860826,0.015300,-0.012567833,0.0045957126,-0.005320554,0.00020
19860827,0.001600,-0.000537812,0.0038392064,-0.00601031,0.00020
19860828,-0.000900,0.0044711932,-0.000919768,-0.002905343,0.00020
19860829,0.000400,0.0004076074,0.001481678,0.0003371395,0.00020
19860902,-0.014100,0.0088669146,0.0019709578,-0.003109308,0.00020
19860903,0.002600,-0.002836066,0.0050456763,-0.005154957,0.00020
19860904,0.012600,0.0010655427,0.0057653097,-0.007322229,0.00020
19860905,-0.012500,0.0087785961,0.0038470095,-0.002178778,0.00020
19860908,-0.011200,0.0021006402,0.006069188,0.0031737153,0.00020
19860909,-0.002900,-0.005491764,0.0013048696,-0.000602123,0.00020
19860910,-0.004600,-0.000074504,0.003793322,-0.003231194,0.00020
19860911,-0.044300,0.0123296471,0.0081730017,-0.011230119,0.00020
19860912,-0.018500,0.0022484088,0.0047164127,-0.005601991,0.00020
19860915,0.002600,-0.006807846,0.0016237471,0.000976682,0.00020
19860916,-0.001800,-0.006868976,0.0011912007,-0.000285684,0.00020
19860917,0.003100,0.0021816982,-0.004474044,-0.002709575,0.00020
19860918,0.001500,-0.000205681,-0.00206209,0.0014204761,0.00020
19860919,-0.000700,0.0045496043,-0.002045077,-0.005797889,0.00020
19860922,0.010500,-0.003512639,-0.006202605,0.0062770979,0.00020
19860923,0.004500,0.0014732911,-0.000615287,0.0051109997,0.00020
19860924,0.003900,-0.000965791,0.0031572098,0.0003721585,0.00020
19860925,-0.015300,0.0076821657,0.003109773,-0.00424545,0.00020
19860926,0.000400,0.0020100606,0.0045702971,-0.005365196,0.00020
19860929,-0.009900,0.0043991454,0.0014944135,-0.001234812,0.00020
19860930,0.006500,0.0008000668,-0.000821104,-0.000196185,0.00020
19861001,0.008300,-0.005778837,-0.001547923,-0.000191217,0.00020
19861002,0.001200,0.0008350344,-0.003175432,0.0023411443,0.00020
19861003,-0.000900,-0.000430448,-0.000023754,-0.0028179,0.00020
19861006,0.003400,-0.004433477,-0.002179075,0.0026590702,0.00020
19861007,-0.001900,0.0002927529,0.0057535646,-0.005474985,0.00020
19861008,0.007700,-0.006431384,-0.00075197,-0.000462716,0.00020
19861009,-0.002600,0.0023525729,-0.003194064,-0.002097914,0.00020
19861010,-0.001000,0.0047494989,-0.001430333,0.001091549,0.00020
19861013,0.001300,0.0000113489,-0.000669656,-0.00105591,0.00020
19861014,-0.002000,-0.001444267,-0.006002697,0.0058430788,0.00020
19861015,0.012100,-0.002619441,-0.002367141,0.0041333487,0.00020
19861016,0.002700,-0.000685399,0.0011682291,0.0047401335,0.00020
19861017,-0.002900,0.0030374405,-0.000795022,0.003624725,0.00020
19861020,-0.009800,0.0041434493,0.0005027064,0.0020067939,0.00020
19861021,-0.000500,0.0011668346,0.0002370748,-0.002657081,0.00020
19861022,0.001400,0.0002888739,-0.001528494,0.0002331472,0.00020
19861023,0.010800,-0.005272924,-0.000598712,0.0060604033,0.00020
19861024,-0.002600,0.0005050288,-0.001833776,0.0016806906,0.00020
19861027,0.002200,-0.003009731,-0.002842099,0.0019204787,0.00020
19861028,0.002000,0.0019842711,-0.004113709,-0.000547289,0.00020
19861029,0.006100,-0.002747414,-0.008272314,0.0000963999,0.00020
19861030,0.010100,-0.003517083,0.0075908213,0.0038034738,0.00020
19861031,0.000500,0.0030577267,0.0050130764,-0.001783659,0.00020
19861103,0.006000,-0.006581887,0.0014546979,0.0038131187,0.00020
19861104,0.002100,0.0004032504,0.001747125,-0.000561467,0.00020
19861105,0.002100,0.0010632333,0.0022232159,0.0024789958,0.00020
19861106,-0.002400,0.0003799535,0.0004523253,0.001005938,0.00020
19861107,-0.000200,0.0005021911,0.0009090438,0.0027466426,0.00020
19861110,0.000600,0.0015894838,0.0040037948,0.000669843,0.00020
19861111,0.003200,0.0005831776,-0.000194148,0.0011232456,0.00020
19861112,-0.002100,-0.000944827,-0.000246032,-0.001437744,0.00020
19861113,-0.012800,0.0064068662,0.0046540851,-0.00232967,0.00020
19861114,0.004300,-0.003974614,0.0022149353,0.0031304577,0.00020
19861117,-0.005700,0.0000354299,0.0040996379,0.0049515939,0.00020
19861118,-0.022600,0.0083752861,0.0036671822,0.0002116899,0.00020
19861119,-0.000500,-0.009501379,0.0033181697,0.0040159164,0.00020
19861120,0.015900,-0.005991785,-0.002021946,0.0025314853,0.00020
19861121,0.012900,-0.009209065,0.0019886261,0.0023455718,0.00020
19861124,0.005500,-0.003251649,-0.001823548,0.0068821385,0.00020
19861125,0.002600,-0.000452258,-0.002642926,0.0048705919,0.00020
19861126,0.001500,-0.000048052,-0.00391856,0.0012459644,0.00020
19861128,0.001900,0.0034216649,0.0000258501,-0.000481273,0.00020
19861201,-0.001600,-0.005473381,-0.000727903,-0.002869244,0.00020
19861202,0.017100,-0.005259362,0.0021441719,0.0033849337,0.00020
19861203,0.001000,-0.001348286,-0.008772878,0.0002343461,0.00020
19861204,-0.001800,0.0033655974,-0.003185895,0.0000152344,0.00020
19861205,-0.006800,0.0033505133,0.0036913969,-0.003030101,0.00020
19861208,-0.001100,-0.003346546,0.0002084066,0.0045443513,0.00020
19861209,-0.006800,0.0039387841,0.0013413191,0.0004485582,0.00020
19861210,0.005100,-0.003150433,0.0027423843,3.8041731E-6,0.00020
19861211,-0.009500,0.0026345958,-0.000811764,0.0005407819,0.00020
19861212,-0.004500,0.0006031119,0.0079506473,-0.002747584,0.00020
19861215,0.000800,-0.006395991,0.0054879112,-0.002264508,0.00020
19861216,0.006000,-0.004879191,-0.003945248,0.0027428607,0.00020
19861217,-0.008200,0.0041534299,0.0016053481,0.0026413023,0.00020
19861218,-0.003600,-0.000804282,-0.002058677,-0.000619076,0.00020
19861219,0.008300,0.0018554647,0.0028116063,0.0036398522,0.00020
19861222,-0.003500,-0.000702246,0.0062864395,-0.00381797,0.00020
19861223,-0.009800,-0.000380227,0.0014366667,0.0009216602,0.00020
19861224,0.003300,0.0040198004,0.0005250223,0.0025938847,0.00020
19861226,0.001100,0.0013592949,0.0012201008,0.0010273964,0.00020
19861229,-0.009000,0.0022203616,-0.002250381,0.0006119559,0.00020
19861230,-0.005400,0.0040110219,-0.000734887,-0.000167983,0.00020
19861231,-0.003700,0.0086369277,-0.00414605,-0.00113292,0.00020
19870102,0.017900,-0.004302579,0.0021242234,-0.002804678,0.00020
19870105,0.024500,0.0000450804,-0.006419511,-0.00113336,0.00020
19870106,0.004300,0.0047548553,-0.006518112,-0.001337329,0.00020
19870107,0.011300,0.0028904734,-0.006195378,0.0006951984,0.00020
19870108,0.008200,0.0019659081,0.0009251471,-0.001203415,0.00020
19870109,0.005700,-0.000137862,0.0032324929,-0.003413279,0.00020
19870112,0.007000,0.0061725619,0.0063504685,-0.001009545,0.00020
19870113,-0.000900,0.0020960032,0.0015202602,0.0016405299,0.00020
19870114,0.009400,0.0033360384,0.0016906703,0.0070947936,0.00020
19870115,0.008900,0.0003462855,0.0017912896,0.0038617697,0.00020
19870116,-0.000200,-0.006401041,0.0041402284,0.0051748291,0.00020
19870119,0.009800,-0.002617438,-0.003706435,0.0096417998,0.00020
19870120,-0.000900,-0.002519735,0.0010918157,0.0030822876,0.00020
19870121,-0.005100,-0.002099264,0.0005035143,0.0022139659,0.00020
19870122,0.018500,-0.008878084,-0.003359837,0.010323674,0.00020
19870123,-0.011400,0.0031882249,-0.003662502,0.0022087061,0.00020
19870126,-0.003700,-0.00195816,0.0061279123,0.0021675472,0.00020
19870127,0.013000,-0.004398207,-0.004763393,0.0054458849,0.00020
19870128,0.005500,-0.002180909,-0.001332411,0.0043470491,0.00020
19870129,-0.003700,0.001989329,0.0050148764,-0.003424114,0.00020
19870130,-0.000200,0.0017523359,-0.000209859,-0.002142652,0.00020
19870202,0.009700,0.0037171231,-0.004501929,0.00328692,0.00020
19870203,-0.000300,0.0056596602,-0.001637815,0.0017021217,0.00020
19870204,0.012100,0.0019524882,0.0033085777,0.0042355241,0.00020
19870205,0.006800,0.0054000102,-0.002010004,0.0004424912,0.00020
19870206,-0.002100,0.006893123,-0.003106637,-0.006745671,0.00020
19870209,-0.006200,0.0044339285,0.0014718908,-0.001775837,0.00020
19870210,-0.009900,0.007456278,0.0032261081,-0.002846985,0.00020
19870211,0.008600,0.003249242,-0.007040661,0.0038363546,0.00020
19870212,-0.004600,0.0071040149,-0.003410401,0.0012078052,0.00020
19870213,0.012500,-0.004623743,-0.003497691,0.0093058632,0.00020
19870217,0.016800,-0.002761242,-0.004281086,0.0085727679,0.00020
19870218,-0.000200,-0.003729424,-0.001391767,0.0002078678,0.00020
19870219,0.001200,-0.004227103,-0.001270585,-0.005422629,0.00020
19870220,-0.000300,-0.000645053,-0.001624939,-0.003409269,0.00020
19870223,-0.008600,0.002796591,-0.000906804,0.0047480883,0.00020
19870224,0.001900,0.0017552396,-0.001322302,-0.001994063,0.00020
19870225,0.004400,0.0027180896,-0.005927332,0.0030866083,0.00020
19870226,-0.002300,0.0032547687,-0.001842415,-0.001058434,0.00020
19870227,0.003700,-0.000448744,-0.00114818,-0.003753904,0.00020
19870302,-0.002200,0.0042975646,-0.002062522,-0.005682393,0.00020
19870303,0.002100,-0.000065331,0.0058238875,0.00148392,0.00020
19870304,0.012500,-0.003635947,0.0026521117,0.007268548,0.00020
19870305,0.006000,-0.001129584,-0.004150392,0.0046193895,0.00020
19870306,-0.000200,0.0024790858,0.0011087599,-0.002918194,0.00020
19870309,-0.006700,0.0022608323,0.0043025267,0.0012200142,0.00020
19870310,0.007900,-0.000807157,-0.001570624,0.0012764067,0.00020
19870311,-0.000800,0.0038922417,-0.001561455,0.0033204255,0.00020
19870312,0.002900,0.0037469198,0.0008665763,-0.001889246,0.00020
19870313,-0.003800,0.0002005552,0.0019141343,-0.003922951,0.00020
19870316,-0.006000,0.0028960487,0.0047471667,-0.001173292,0.00020
19870317,0.011700,-0.001624217,0.0054028071,0.0038572984,0.00020
19870318,0.000600,0.0010033598,0.003624361,-0.002213034,0.00020
19870319,0.004300,-0.003588103,-0.002147358,0.0008698654,0.00020
19870320,0.010600,-0.004514775,0.0006420325,0.0058166842,0.00020
19870323,0.006500,-0.009816622,0.0021973257,0.0069414138,0.00020
19870324,0.001200,-0.002213811,0.0033587934,-0.000096052,0.00020
19870325,-0.002500,0.002997252,-0.000837123,-0.000993353,0.00020
19870326,0.001700,-0.000496502,0.0029507826,1.5930505E-6,0.00020
19870327,-0.013200,0.0112597069,0.0026754464,-0.002258853,0.00020
19870330,-0.022700,0.0052893422,0.0059577416,-0.004482818,0.00020
19870331,0.006900,-0.000545421,-0.003395197,0.0032360591,0.00020
19870401,0.000900,-0.003122021,0.0058784111,0.0034845686,0.00020
19870402,0.004000,0.0025642944,0.0012797552,0.0022119023,0.00020
19870403,0.019200,-0.007014733,0.0004039156,0.0076279422,0.00020
19870406,0.004100,-0.00335871,-0.002706207,0.0026001167,0.00020
19870407,-0.014100,0.010300668,0.0047405329,-0.003189493,0.00020
19870408,0.000700,-0.002015012,-0.000840904,0.0007727066,0.00020
19870409,-0.013300,0.0070027027,0.0010318526,-0.000046757,0.00020
19870410,-0.002700,0.0004285268,0.004776056,-0.001636121,0.00020
19870413,-0.020600,0.0058317648,0.003841178,0.0031584647,0.00020
19870414,-0.024800,-0.002437725,0.0038898634,-0.000712212,0.00020
19870415,0.015900,-0.005861466,-0.000560907,0.0052595446,0.00020
19870416,0.009400,-0.003605854,-0.003028234,-0.000421983,0.00020
19870420,-0.003100,-0.003594559,0.0010334602,-0.004384997,0.00020
19870421,0.017500,-0.01844332,0.0002158122,0.0126765624,0.00020
19870422,-0.014400,0.0146757159,-0.001414172,0.0016388003,0.00020
19870423,-0.002100,0.0006056625,0.0022708005,-0.003114142,0.00020
19870424,-0.016300,0.0077146449,0.0033181434,-0.005750409,0.00020
19870427,-0.002000,-0.008278426,0.0005830259,-0.002340309,0.00020
19870428,0.004400,0.0000792764,-0.002967595,-0.000701908,0.00020
19870429,0.006600,-0.002065173,0.0022238622,0.0039387332,0.00020
19870430,0.011200,-0.003374591,-0.001113976,0.0028841491,0.00020
19870501,-0.001300,0.0011556652,0.0004060625,-0.001409599,0.00020
19870504,0.003200,-0.004006682,0.0037353748,0.0004022646,0.00020
19870505,0.017700,-0.008089605,0.0014424308,0.0076601831,0.00020
19870506,0.000300,0.0015202233,0.0049712038,0.0016571874,0.00020
19870507,-0.001600,0.0043101147,0.0034404969,-0.004952899,0.00020
19870508,-0.003200,0.0064553275,0.0007205692,-0.000223062,0.00020
19870511,-0.004500,0.0072088393,0.0034163637,-0.000660737,0.00020
19870512,0.002500,-0.004210313,0.0043489654,0.0012805742,0.00020
19870513,0.002000,-0.000219948,-0.000874238,0.0043005694,0.00020
19870514,0.000300,-0.001701249,-0.000649982,0.0008316591,0.00020
19870515,-0.019600,0.0108122492,0.0002620884,-0.002354534,0.00020
19870518,-0.006500,-0.006093313,0.0057541321,-0.001409178,0.00020
19870519,-0.020500,0.0101207691,0.0003481861,-0.005632966,0.00020
19870520,-0.005500,-0.001279281,0.0004307398,-0.000300574,0.00020
19870521,0.006700,-0.001440638,-0.003088969,-0.002188768,0.00020
19870522,0.004200,-0.007275824,0.0011898218,0.0024095154,0.00020
19870526,0.021800,-0.014943831,-0.005588237,0.0031032892,0.00020
19870527,0.000800,0.0044726605,-0.004693384,0.003360347,0.00020
19870528,0.005700,-0.00583941,-0.003089431,0.0020674684,0.00020
19870529,-0.000400,0.007536884,-0.002183195,-0.001375807,0.00020
19870601,-0.000400,0.0012726205,0.0047844493,-0.002712958,0.00020
19870602,-0.004600,0.0005643628,-0.000872776,-0.001770005,0.00020
19870603,0.013500,-0.009943145,0.000262454,0.0026524274,0.00020
19870604,0.005000,-0.002360786,-0.001010909,0.0014750514,0.00020
19870605,-0.003100,0.0024495101,-0.001282586,-0.000811802,0.00020
19870608,0.008800,-0.007206475,0.0001675493,-0.000032625,0.00020
19870609,0.002000,-0.000384534,-0.006542999,0.0008007965,0.00020
19870610,0.001300,-0.000596519,-0.002229997,-0.003656059,0.00020
19870611,0.003400,-0.001356853,-0.003561581,-0.005952822,0.00020
19870612,0.008600,-0.005225936,-0.002762605,-0.005133361,0.00020
19870615,0.004100,-0.00390239,0.0035800012,-0.003563741,0.00020
19870616,0.004600,-0.001444695,0.0011186178,0.0018813322,0.00020
19870617,0.000700,0.0037015365,-0.001165772,0.0004926092,0.00020
19870618,0.001900,-0.002879006,0.0018224805,-0.00221407,0.00020
19870619,0.002800,-0.000435514,0.0010066149,0.0034716503,0.00020
19870622,0.006300,-0.007725057,0.0008722665,0.0077689346,0.00020
19870623,-0.003200,0.0023613365,0.0035161182,0.0022378527,0.00020
19870624,-0.004400,0.0056990793,0.0017377467,0.0016392686,0.00020
19870625,0.005600,-0.004331845,0.0035100702,-0.001499367,0.00020
19870626,-0.004600,0.0044601985,0.0019261601,-0.001168359,0.00020
19870629,0.000500,0.0011852036,0.003822792,-0.001097555,0.00020
19870630,-0.010400,0.0112145823,0.0027923005,-0.001965888,0.00020
19870701,-0.002400,0.0015876947,0.0031690441,-0.001800796,0.00020
19870702,0.006300,-0.000849273,-0.001820922,0.0003442784,0.00020
19870706,-0.002100,0.0027599097,0.0034108681,-0.001568508,0.00020
19870707,0.005900,-0.001281148,0.0052636534,0.0003678969,0.00020
19870708,0.002400,0.0004298861,0.0054190596,0.0003938115,0.00020
19870709,-0.001300,0.0052449037,-0.000588471,0.0012666855,0.00020
19870710,0.002000,-0.002903046,0.0013356356,-0.001063694,0.00020
19870713,-0.001800,0.0039780524,0.000419157,0.0019777435,0.00020
19870714,0.009100,-0.002320137,-0.005819111,0.0044163097,0.00020
19870715,-0.000600,0.0086706555,0.0006861662,0.0039389292,0.00020
19870716,0.005600,-0.00012253,0.0031073621,0.0007786043,0.00020
19870717,0.004600,-0.002337577,0.0021268504,0.0034913507,0.00020
19870720,-0.008300,0.0064507423,0.0019276177,-0.00200055,0.00020
19870721,-0.008000,0.0023757605,0.0015039588,-0.002702882,0.00020
19870722,-0.001000,-0.007184015,-0.002464445,-0.00041497,0.00020
19870723,-0.002800,-0.002918509,-0.002225547,-0.001405981,0.00020
19870724,0.003700,-0.002116189,0.0004116055,0.0013353208,0.00020
19870727,0.003900,-0.004528773,-0.001499961,0.0008571133,0.00020
19870728,0.004700,-0.004607473,0.002043754,-0.001782889,0.00020
19870729,0.008900,-0.006178614,0.0002195865,0.0040267171,0.00020
19870730,0.007200,-0.002749718,-0.004961534,0.007391369,0.00020
19870731,0.002000,-0.001617884,-0.002545323,0.0011912709,0.00020
19870803,-0.003800,0.0042740499,0.0066395479,-0.000660651,0.00020
19870804,-0.003000,0.000920846,-0.001700677,0.0002463906,0.00020
19870805,0.007100,-0.002533754,-0.005132211,0.0003068215,0.00020
19870806,0.010900,-0.003716507,-0.005224345,0.0032887708,0.00020
19870807,0.003900,0.0006289924,-0.002842789,0.0034746986,0.00020
19870810,0.013200,-0.004377256,-0.000591994,-0.001287816,0.00020
19870811,0.013500,-0.008381208,-0.001739647,0.0002194565,0.00020
19870812,-0.002200,-0.000456013,0.0013207526,-0.004902132,0.00020
19870813,0.006100,-0.005872734,0.0010695376,-0.002251474,0.00020
19870814,-0.000900,0.0012674937,-0.000602048,-0.000441656,0.00020
19870817,0.001000,-0.001631845,0.0010407852,-0.001880501,0.00020
19870818,-0.014000,0.0058179172,0.0028087417,-0.000525671,0.00020
19870819,0.001200,0.0026382707,-0.002140083,0.0012088368,0.00020
19870820,0.013900,-0.001704086,-0.001373414,0.0064189911,0.00020
19870821,0.003000,0.0002856129,-0.000949963,0.0027628075,0.00020
19870824,-0.005900,0.0012893586,-0.00100273,0.0006323961,0.00020
19870825,0.008100,-0.004933136,-0.001126038,0.0033228275,0.00020
19870826,-0.004700,0.0056451299,0.0011565802,-0.002217628,0.00020
19870827,-0.008200,0.0050506174,-0.001396418,-0.000657474,0.00020
19870828,-0.011100,0.0084048915,0.0005934927,-0.001218136,0.00020
19870831,0.007100,0.0023857774,0.0030730212,0.0014737422,0.00020
19870901,-0.015800,0.0072552909,-0.002929144,-0.004366033,0.00020
19870902,-0.006700,0.0003416323,0.0025984627,0.0002651163,0.00020
19870903,-0.004500,0.0049432142,0.0042461459,-0.001670867,0.00020
19870904,-0.009100,0.0039744569,0.0063629815,-0.004034736,0.00020
19870908,-0.012600,-0.011030917,0.0044633301,0.0020196071,0.00020
19870909,0.002100,0.0001141192,-0.004018882,0.0036161744,0.00020
19870910,0.009300,0.0036475016,-0.004882275,0.004765463,0.00020
19870911,0.013400,-0.001476211,-0.00184653,0.0066151253,0.00020
19870914,0.002100,-0.004382065,0.0018824666,-0.001680279,0.00020
19870915,-0.013400,0.0065105953,0.0033284903,-0.004793695,0.00020
19870916,-0.007700,0.0044922229,-0.002331963,-0.000711949,0.00020
19870917,-0.000300,0.0021378061,0.0001434112,0.003539519,0.00020
19870918,-0.001000,-0.000048875,0.0028261316,-0.000453435,0.00020
19870921,-0.012800,0.004451867,0.0100039135,-0.007075081,0.00020
19870922,0.021700,-0.018621135,0.0041156551,0.0103442596,0.00020
19870923,0.005800,0.0014391215,-0.00317311,0.0038939594,0.00020
19870924,-0.002500,0.0045608714,-0.00252626,0.0016145065,0.00020
19870925,0.001100,-0.002081224,0.001939668,-0.001371933,0.00020
19870928,0.007300,-0.005104803,0.0025616113,0.0055802069,0.00020
19870929,-0.003100,-0.001953459,0.0027906814,-0.006672791,0.00020
19870930,0.001700,0.0078960159,-0.000072617,-0.002254058,0.00020
19871001,0.014300,-0.00989286,-0.002938091,0.0044292933,0.00030
19871002,0.003000,0.0019906723,-0.0040745,0.00026026,0.00030
19871005,0.000500,0.0019990207,0.0003801217,0.0019668337,0.00030
19871006,-0.022400,0.0052556337,0.0032905052,-0.011877418,0.00030
19871007,-0.003800,-0.003048466,0.0055264537,0.0004206246,0.00030
19871008,-0.013300,0.001857933,0.0065499951,-0.006780335,0.00030
19871009,-0.008200,0.0031486922,0.0030049104,-0.005655952,0.00030
19871012,-0.007400,-0.003989112,0.0081912744,-0.002314891,0.00030
19871013,0.012900,-0.01628264,-0.005309406,0.003422759,0.00030
19871014,-0.024400,0.0057355946,0.000756189,-0.008613092,0.00030
19871015,-0.022600,0.00342,0.004423406,-0.011809421,0.00030
19871016,-0.048800,0.008799334,0.0132578606,-0.013227334,0.00030
19871019,-0.174400,0.0508740926,0.0083808555,-0.020459313,0.00030
19871020,0.007500,-0.110686403,0.0575163386,0.0267237318,0.00030
19871021,0.085700,-0.000739237,-0.038128625,0.008287288,0.00030
19871022,-0.039600,-0.003873622,0.0250705757,-0.0116722,0.00030
19871023,-0.006000,-0.011862297,0.0210356351,-0.008506776,0.00030
19871026,-0.083100,-0.014959535,0.0299909307,-0.017418922,0.00030
19871027,0.015600,-0.02585159,-0.002374507,0.0110962092,0.00030
19871028,-0.001900,-0.015291596,-0.001573366,0.0187967291,0.00030
19871029,0.047300,-0.00378904,-0.034347021,0.0300304281,0.00030
19871030,0.036000,0.0309242425,-0.020051657,0.0033473785,0.00030
19871102,0.012600,0.0065755301,0.0009227953,-0.004804474,0.00020
19871103,-0.018700,-0.002495431,0.0074082083,-0.010318768,0.00020
19871104,-0.006000,-0.001604345,-0.000123629,-0.00715485,0.00020
19871105,0.021100,-0.004407693,-0.005654564,0.0056431013,0.00020
19871106,-0.011300,0.0094329856,-0.000660992,-0.004478761,0.00020
19871109,-0.024800,0.0062937629,0.0048222795,-0.003064017,0.00020
19871110,-0.017400,0.0015296872,0.004674392,0.0013704675,0.00020
19871111,0.010000,-0.00397657,-0.003978627,0.0010295243,0.00020
19871112,0.024000,-0.003014325,-0.004486093,0.0106673303,0.00020
19871113,-0.008000,0.0073523699,-0.002796947,-0.004308689,0.00020
19871116,0.002800,0.0008317606,-0.001064187,-0.00069603,0.00020
19871117,-0.014700,-0.003077255,0.0083057609,-0.001491271,0.00020
19871118,0.008700,-0.003485798,0.0008488234,0.0022616499,0.00020
19871119,-0.019900,0.0028981852,-0.001695128,0.0008496517,0.00020
19871120,0.005300,-0.007152927,0.0015463435,0.001294606,0.00020
19871123,0.003200,-0.000533565,-0.001183975,0.0015632212,0.00020
19871124,0.013000,-0.002481336,-0.001779843,0.0081212881,0.00020
19871125,-0.006100,0.0087497795,-0.004507702,-0.000099806,0.00020
19871127,-0.012000,0.0094854278,0.0040388327,-0.002997013,0.00020
19871130,-0.039900,0.006704445,0.0096690392,-0.003081434,0.00020
19871201,0.005100,-0.00689462,0.0036412831,0.000454255,0.00020
19871202,0.003900,-0.003587418,0.0014623214,0.0038472564,0.00020
19871203,-0.030600,0.008161779,0.0072407559,-0.001082595,0.00020
19871204,-0.010200,-0.009851159,0.0058099607,0.0018543252,0.00020
19871207,0.016400,-0.012445865,-0.002751285,0.0160059636,0.00020
19871208,0.022800,-0.011142172,-0.000673924,0.0070499257,0.00020
19871209,0.016500,0.0020945406,-0.008872833,0.0127297728,0.00020
19871210,-0.016700,0.0125057352,-0.002143787,0.0023935805,0.00020
19871211,0.005500,0.0029296208,0.0015564144,0.0009246925,0.00020
19871214,0.027100,-0.003850383,-0.017731406,0.0111175786,0.00020
19871215,0.004100,0.0096038589,-0.002885042,0.0139626111,0.00020
19871216,0.020200,0.0018723079,-0.010029182,-0.000107727,0.00020
19871217,-0.014100,0.0147829156,-0.009308869,-0.00204841,0.00020
19871218,0.022100,0.0014344907,-0.005844101,-0.008401832,0.00020
19871221,0.003500,0.0038081567,-0.005622503,0.0029863886,0.00020
19871222,-0.000500,0.000717489,0.0034780888,0.0026926688,0.00020
19871223,0.012000,0.0046160747,-0.000714963,-0.003766729,0.00020
19871224,-0.001600,0.0046101674,-0.001909534,-0.001859657,0.00020
19871228,-0.023600,0.0040607742,0.0056288221,-0.002579065,0.00020
19871229,-0.003500,-0.001101791,-0.002292257,-0.001371096,0.00020
19871230,0.012000,-0.002623209,-0.007539725,0.0021119218,0.00020
19871231,-0.001900,0.0055610349,-0.0029232,0.004363954,0.00020
19880104,0.033400,-0.005972409,0.0000719455,-0.014289645,0.00010
19880105,0.012200,0.0069804954,-0.001638148,0.0007913521,0.00010
19880106,0.002700,0.0026427265,-0.004216766,-0.009184168,0.00010
19880107,0.007400,0.0006132334,0.0011932221,-0.009397015,0.00010
19880108,-0.056600,0.0241029883,0.0117205625,-0.011137334,0.00010
19880111,0.009000,-0.018301978,0.0012580064,0.0043395159,0.00010
19880112,-0.008700,-0.000088651,0.0063074797,-0.001876669,0.00010
19880113,0.001900,-0.005456336,0.001187951,-0.006288247,0.00010
19880114,0.000800,-0.000368004,0.000695578,-0.002173431,0.00010
19880115,0.023100,-0.008295299,-0.000403121,0.0027104379,0.00010
19880118,0.000300,0.0027630402,0.001324231,-0.00293566,0.00010
19880119,-0.007000,0.0053208833,-0.000036588,-0.008404278,0.00010
19880120,-0.024200,0.0058757787,0.0108799083,-0.010969428,0.00010
19880121,0.001700,-0.000064925,-0.002118911,0.0021013953,0.00010
19880122,0.012000,-0.004914585,-0.00057544,-0.003331099,0.00010
19880125,0.019400,-0.009182919,-0.000909445,0.0025870838,0.00010
19880126,-0.007500,0.0038808882,0.002923354,-0.001427064,0.00010
19880127,-0.000500,0.004146532,-0.001706747,-0.004704193,0.00010
19880128,0.013000,-0.005121694,0.0016051355,0.0004287708,0.00010
19880129,0.012400,-0.006510821,0.0008143885,-0.009399831,0.00010
19880201,-0.003000,0.0061375543,-0.00075229,-0.0071582,0.00020
19880202,0.001900,0.0021970948,0.0017181147,-0.002833641,0.00020
19880203,-0.011100,0.0084004753,0.0037930832,-0.007237628,0.00020
19880204,0.000000,-0.000368549,0.0006777981,-0.002051992,0.00020
19880205,-0.002100,0.0031726147,-0.002328831,-0.0005147,0.00020
19880208,-0.006800,0.0062556998,0.0055025619,0.0027861673,0.00020
19880209,0.008300,-0.003922014,-0.001405258,0.0080110198,0.00020
19880210,0.017200,-0.002066331,-0.005637708,0.0099889756,0.00020
19880211,-0.001300,0.0066580408,-0.001607796,0.0023018892,0.00020
19880212,0.005500,0.0001316154,-0.002482499,0.0033408527,0.00020
19880216,0.007400,-0.002170668,-0.00209162,0.0061276177,0.00020
19880217,-0.001700,0.0068871665,0.000126453,0.0015338057,0.00020
19880218,-0.003500,0.0064502294,0.0000207731,-0.001308425,0.00020
19880219,0.011300,-0.003974155,-0.002758898,0.0019637889,0.00020
19880222,0.012900,-0.003639242,-0.002422735,0.0041628566,0.00020
19880223,-0.000600,0.0060355694,-0.002022254,0.0028273069,0.00020
19880224,0.000100,0.0030769292,-0.005041506,-0.002819271,0.00020
19880225,-0.007400,0.0100187303,-0.001707616,-0.003971366,0.00020
19880226,0.002200,0.0001011523,-0.000142669,0.0006236749,0.00020
19880229,0.017900,-0.00225256,-0.002690782,0.0007493676,0.00020
19880301,-0.001500,0.0008036849,0.0001662854,-0.001298693,0.00020
19880302,0.004200,0.0020878105,-0.00381024,-0.000067847,0.00020
19880303,0.000600,0.0020633738,-0.003193171,0.0009869764,0.00020
19880304,-0.001400,0.008934158,0.0020119413,0.001671687,0.00020
19880307,0.001300,0.0085358376,-0.001793726,0.0043804294,0.00020
19880308,0.006900,0.0015072847,-0.004438682,0.0011091592,0.00020
19880309,0.000600,0.0110563116,-0.005293092,0.0044663526,0.00020
19880310,-0.016600,0.0095543408,0.0074261911,-0.000789167,0.00020
19880311,0.001700,-0.003677963,0.0064847466,-0.001107625,0.00020
19880314,0.004200,-0.004237278,-0.000181175,0.0037450952,0.00020
19880315,-0.000500,0.0002509159,0.0000540849,0.0029322252,0.00020
19880316,0.008100,-0.003498119,-0.000113108,0.0022876446,0.00020
19880317,0.008600,-0.004502526,-0.001254999,0.0006629147,0.00020
19880318,-0.000200,0.0022795326,-0.000347582,0.0018063989,0.00020
19880321,-0.007800,0.0062521063,0.0051523671,-0.000035165,0.00020
19880322,0.000600,0.0027204742,-0.000432482,-0.000384585,0.00020
19880323,0.001400,0.0042023377,-0.002238234,0.0004668422,0.00020
19880324,-0.018000,0.0066997935,0.0025381342,-0.001638942,0.00020
19880325,-0.014900,0.0063594397,0.0006438178,-0.002357713,0.00020
19880328,-0.004000,-0.004483168,0.0039526214,0.0021012743,0.00020
19880329,0.007200,0.000357292,-0.002150858,-0.001609071,0.00020
19880330,-0.006300,0.004070163,0.004113886,0.0003971558,0.00020
19880331,0.003500,0.0089182547,0.0030033681,-0.001169418,0.00020
19880404,-0.009300,0.0004313687,0.0030668439,0.0011739547,0.00020
19880405,0.006800,-0.003496849,-0.001796312,0.0024595607,0.00020
19880406,0.022000,-0.012428749,-0.002124599,0.004360184,0.00020
19880407,0.002800,0.0032989968,-0.000982676,0.0005554814,0.00020
19880408,0.010900,-0.002408332,-0.003111103,0.0027512558,0.00020
19880411,0.002800,0.0040537727,-0.000044702,0.0054340545,0.00020
19880412,0.004500,0.0006841117,0.0017737241,0.0002948989,0.00020
19880413,-0.000300,0.0003853686,0.0029143162,0.0018674319,0.00020
19880414,-0.037600,0.0143856738,0.0061497131,-0.003656291,0.00020
19880415,-0.001700,-0.001694102,0.0039695072,0.0038632599,0.00020
19880418,-0.001400,0.0067011171,0.0000885029,-0.003439371,0.00020
19880419,-0.002800,0.005812994,-0.006616528,-0.001857727,0.00020
19880420,-0.006900,0.0016783906,0.0022737978,0.0002651078,0.00020
19880421,-0.000400,-0.003273306,0.0023593131,0.000134237,0.00020
19880422,0.010900,-0.009330915,0.001734191,0.0000125973,0.00020
19880425,0.007100,-0.005530477,0.0008269616,0.0001472032,0.00020
19880426,0.006000,-0.001218951,-0.004810814,0.0017157072,0.00020
19880427,0.000100,0.0027892703,-0.000888889,0.0011961773,0.00020
19880428,-0.003900,0.0084951299,0.0037106323,-0.001898575,0.00020
19880429,-0.002600,0.0086143467,-0.000227531,-0.000105545,0.00020
19880502,0.000300,-0.002132468,-0.00303445,0.0013289471,0.00020
19880503,0.005100,-0.000965165,0.0009215812,0.0026680449,0.00020
19880504,-0.007500,0.0069313342,0.0025920233,-0.00069469,0.00020
19880505,-0.005400,0.0033512491,0.0018742216,-0.002673299,0.00020
19880506,-0.003800,0.0045473603,0.0020512605,-0.00446226,0.00020
19880509,-0.004300,-0.002162551,0.0059636084,-0.001556398,0.00020
19880510,0.002400,-0.004232668,0.0009512258,-0.00282003,0.00020
19880511,-0.015600,-0.000663615,0.0046804642,-0.003793216,0.00020
19880512,0.002500,0.0011864213,-0.00021391,-0.003977872,0.00020
19880513,0.009300,-0.005520041,-0.002305209,0.0016458042,0.00020
19880516,0.005900,-0.005331433,-0.000858801,0.0022713773,0.00020
19880517,-0.009200,0.0063431387,0.0014273046,-0.000698548,0.00020
19880518,-0.014900,0.0028070966,0.0056010517,-0.004329575,0.00020
19880519,0.002500,-0.00646105,0.0006228396,-0.003000014,0.00020
19880520,0.001200,0.0007339013,0.0007805094,0.0001724826,0.00020
19880523,-0.007500,0.0014920152,0.0019386752,-0.00541777,0.00020
19880524,0.008600,-0.00479169,-0.000661617,0.0015908184,0.00020
19880525,0.002000,0.003694883,0.0023065466,-0.005757636,0.00020
19880526,0.003300,-0.000605542,-0.001075432,-0.00255212,0.00020
19880527,-0.003600,-0.000758853,0.0007855173,-0.000316732,0.00020
19880531,0.027000,-0.020567038,-0.002360765,0.0029443835,0.00020
19880601,0.016600,-0.004859917,-0.006615339,0.0028415961,0.00020
19880602,-0.004000,0.0041753588,-0.002385276,-0.000857257,0.00020
19880603,0.004400,-0.001975125,-0.001154219,-0.001516542,0.00020
19880606,0.002700,0.003526177,-0.003286513,-0.000491098,0.00020
19880607,-0.005100,0.0052418978,-0.004472394,0.0021544578,0.00020
19880608,0.019600,-0.012005626,-0.001569987,0.0008207186,0.00020
19880609,-0.001800,0.0090195914,-0.001894818,-0.002001263,0.00020
19880610,0.003000,-0.001500175,-0.00112272,-0.000888658,0.00020
19880613,0.000800,0.0012813216,-0.002616392,0.0017943392,0.00020
19880614,0.008700,-0.004700956,-0.000333157,0.0033918463,0.00020
19880615,0.000900,0.0015201531,0.0029337009,-0.001658256,0.00020
19880616,-0.013100,0.007045211,0.0004616646,0.0006065831,0.00020
19880617,0.001400,-0.00308249,0.0016518023,-0.000205182,0.00020
19880620,-0.005100,0.0041059867,-0.001963088,-0.002788399,0.00020
19880621,0.008100,-0.005799795,-0.001137789,-0.000582895,0.00020
19880622,0.012500,-0.007931641,-0.00352005,-0.000901938,0.00020
19880623,-0.001400,0.003333082,0.0001321039,-0.001794987,0.00020
19880624,-0.002100,0.0046076421,-0.000827147,-0.002848468,0.00020
19880627,-0.013400,0.0116784618,0.0002320782,0.0012754647,0.00020
19880628,0.009300,-0.004277487,-0.000485377,0.0007730745,0.00020
19880629,-0.003500,0.0036359975,-0.002672015,-0.000116976,0.00020
19880630,0.008600,0.0038089425,-0.003372554,-0.001958629,0.00020
19880701,-0.003900,0.0026771596,0.000936716,-0.002465676,0.00030
19880705,0.010900,-0.007809549,0.0013181291,0.000013351,0.00030
19880706,-0.011100,0.0122047392,-0.001229476,0.0004106065,0.00030
19880707,-0.000600,-3.526015E-7,-0.000292633,0.0004079477,0.00030
19880708,-0.005100,0.0060014226,0.0008650327,-0.001434146,0.00030
19880711,0.001100,-0.00112064,0.0034604969,-0.003556271,0.00030
19880712,-0.007800,0.0055348601,0.0006115166,0.0022552735,0.00030
19880713,0.003000,-0.004477074,-0.000591731,-0.000870351,0.00030
19880714,0.002800,0.000967099,-0.00075627,-0.001316259,0.00030
19880715,0.004400,-0.002614478,0.0008524631,-0.001737364,0.00030
19880718,-0.004200,0.0050540506,0.0031228157,-0.001218704,0.00030
19880719,-0.007600,0.0035352046,0.004322438,-0.001938055,0.00030
19880720,0.004100,-0.002169318,0.0007676183,-0.004043145,0.00030
19880721,-0.010500,0.0059133369,0.0038367061,-0.002935757,0.00030
19880722,-0.010400,0.0045549156,0.0026202427,-0.00365146,0.00030
19880725,0.002800,-0.006502362,0.0034238708,0.0001562048,0.00030
19880726,0.001300,-0.00120102,0.0009457864,0.0002251146,0.00030
19880727,-0.008500,0.0054427994,0.0044380189,-0.004945223,0.00030
19880728,0.009800,-0.010138273,-0.000150311,-0.000094624,0.00030
19880729,0.017500,-0.011315205,-0.000028647,-0.001438987,0.00030
19880801,0.001800,0.0018351524,0.0002046682,-0.001593064,0.00030
19880802,-0.000100,-0.000397733,0.0009906838,-0.004371806,0.00030
19880803,0.003000,-0.000881435,0.0022644637,-0.000327161,0.00030
19880804,-0.002100,0.0014930324,-0.000151004,-0.002205763,0.00030
19880805,-0.003200,0.0019997248,0.0011700537,-0.003145018,0.00030
19880808,-0.003300,0.0032338106,-0.00045423,-0.000606681,0.00030
19880809,-0.011200,0.005434944,0.0028330718,0.0005090516,0.00030
19880810,-0.016600,0.00382935,0.0056756858,-0.004518291,0.00030
19880811,0.002100,-0.003118428,-0.000451619,-0.000275625,0.00030
19880812,-0.001000,0.0005037338,0.0001429771,-0.003845688,0.00030
19880815,-0.012800,0.0044780098,0.0058470646,-0.002231008,0.00030
19880816,0.005900,-0.005626764,-0.002299174,-0.001774989,0.00030
19880817,0.001000,-0.000088539,0.0020032636,-0.004498259,0.00030
19880818,0.001300,-0.00042904,-0.002818174,-0.000212701,0.00030
19880819,-0.001700,0.0051533784,0.0009635538,-0.005201993,0.00030
19880822,-0.011200,0.0043922578,0.0063492633,-0.001254803,0.00030
19880823,-0.000300,-0.001167412,0.0024182649,-0.000857202,0.00030
19880824,0.012500,-0.007870941,-0.005664887,0.004017946,0.00030
19880825,-0.006300,0.0024483012,0.0027309025,-0.001186551,0.00030
19880826,0.001500,0.0009182712,0.0006452189,0.000877733,0.00030
19880829,0.008900,-0.005344261,-0.000699325,0.0015844278,0.00030
19880830,0.001000,0.0008034975,0.002300691,-0.001331901,0.00030
19880831,-0.002200,0.0031485188,0.0049257786,-0.002457277,0.00030
19880901,-0.011000,0.0030231199,0.0046654365,-0.003128125,0.00030
19880902,0.018800,-0.0141481,-0.003418851,-0.000467602,0.00030
19880906,0.003700,-0.001540297,-0.000667176,0.0000927223,0.00030
19880907,0.001200,0.004141864,-0.000453465,-0.000763258,0.00030
19880908,0.001200,0.0026844556,-0.001293539,0.0012094869,0.00030
19880909,0.003700,-0.00215828,-0.006695339,0.0022239425,0.00030
19880912,-0.001000,0.001378957,-0.001740063,0.0004640599,0.00030
19880913,0.002300,-0.003781805,0.0028127576,-0.000272372,0.00030
19880914,0.005600,-0.000299509,-0.001028309,0.0013162424,0.00030
19880915,-0.003500,0.0036010059,0.0039911723,-0.000923827,0.00030
19880916,0.006900,-0.005117509,0.0024605511,-0.000246181,0.00030
19880919,-0.004700,0.0044755814,0.0041488221,-0.003206778,0.00030
19880920,0.002700,-0.000532976,0.0032091637,0.0000273359,0.00030
19880921,0.001700,-0.001120251,-0.00104667,0.0017717747,0.00030
19880922,-0.003500,0.0041386245,-0.001983075,-0.000463432,0.00030
19880923,0.001900,-0.00272091,0.0027835742,-0.001756883,0.00030
19880926,-0.003400,-0.00045086,0.0035356181,0.0017654259,0.00030
19880927,-0.002300,0.0017045762,0.0008781963,-0.000535792,0.00030
19880928,0.002700,-0.000312503,0.0000367603,0.0010684411,0.00030
19880929,0.010800,-0.00551683,-0.003033387,0.0021542128,0.00030
19880930,-0.000800,0.0051951743,0.0000823808,0.0003240005,0.00030
19881003,-0.003200,-0.004246215,-0.000398581,0.0003168745,0.00030
19881004,-0.001900,0.0035584229,-0.000881556,0.0019513638,0.00030
19881005,0.003700,-0.001841289,0.0028006909,-0.003254449,0.00030
19881006,0.001500,0.001772575,0.0018374541,0.0010401573,0.00030
19881007,0.015800,-0.014076819,0.0035160323,-0.000299398,0.00030
19881010,0.000700,-0.000718332,0.0016649302,-0.00069837,0.00030
19881011,-0.001300,0.000808223,-0.001553127,0.0034086381,0.00030
19881012,-0.012500,0.0083377435,0.0049940767,-0.002883711,0.00030
19881013,0.003000,-0.00381799,-0.004200632,-0.000491048,0.00030
19881014,0.001000,-0.000820027,-0.002659762,0.0027871852,0.00030
19881017,0.002000,-0.002578589,0.0004474026,-0.0019522,0.00030
19881018,0.008000,-0.007962784,0.0018190643,0.0013019126,0.00030
19881019,-0.006900,0.0057572544,-0.00119498,0.0016352517,0.00030
19881020,0.016600,-0.013165054,0.0021436682,0.0011663234,0.00030
19881021,0.001600,-0.001867863,0.0034734128,-0.004205247,0.00030
19881024,-0.003200,0.0040810052,0.0022667336,0.004213772,0.00030
19881025,-0.000500,-0.002687389,0.0033589447,-0.001934842,0.00030
19881026,-0.003400,0.0033407589,0.0010923908,-0.002792836,0.00030
19881027,-0.013300,0.001947678,0.001097302,-0.00342512,0.00030
19881028,0.003300,-0.001506137,6.1116157E-6,0.0019882745,0.00030
19881031,0.000900,0.0000192259,0.004106676,0.0033616559,0.00030
19881101,0.000500,-0.000173295,0.0020742585,0.0000447072,0.00030
19881102,-0.000400,0.002398083,0.000979787,-0.000057988,0.00030
19881103,0.000800,0.0021595248,-0.001607548,-0.001824972,0.00030
19881104,-0.007700,0.0051686582,0.0004304835,0.001344186,0.00030
19881107,-0.009000,-0.00165605,0.0051222514,-0.000286267,0.00030
19881108,0.003800,-0.000742754,-0.005189413,0.001435379,0.00030
19881109,-0.005400,0.0023336014,0.0005044534,0.000462876,0.00030
19881110,0.000800,0.0012039555,0.0014741791,-0.001689864,0.00030
19881111,-0.018200,0.0081010394,0.001870942,-0.001328598,0.00030
19881114,-0.002000,-0.002088291,0.0026158162,-0.001123092,0.00030
19881115,0.001600,-0.002158727,0.0025825259,0.0002164298,0.00030
19881116,-0.015600,0.0046874173,0.0007628679,-0.003637584,0.00030
19881117,0.001100,-0.004636259,0.001472901,0.0021887584,0.00030
19881118,0.005800,-0.003492537,-0.000396967,0.0028140499,0.00030
19881121,-0.002200,-0.004432418,0.0056194638,0.0004616143,0.00030
19881122,0.002700,-0.004006616,0.0021353222,0.0001453551,0.00030
19881123,0.006200,-0.003304697,-0.002753471,0.0026040802,0.00030
19881125,-0.005800,0.00473098,0.0000375652,-0.001532846,0.00030
19881128,0.003600,-0.006314275,0.0010245647,-0.000417583,0.00030
19881129,0.008000,-0.002676739,-0.0007641,0.0035123599,0.00030
19881130,0.009100,0.0009616464,-0.005764655,0.0021924309,0.00030
19881201,-0.001900,0.0056998221,-0.005854473,0.0024086383,0.00030
19881202,-0.002000,0.003731097,-0.004612908,0.0044025144,0.00030
19881205,0.008600,-0.004263297,-0.002530391,0.0028125288,0.00030
19881206,0.008400,-0.005662101,0.0032939648,0.0010042856,0.00030
19881207,0.001300,0.0001666752,0.0000352911,-0.001413307,0.00030
19881208,-0.004800,0.0035997502,0.0027251985,-0.000546624,0.00030
19881209,0.001200,0.0007290928,0.0019985364,0.001542213,0.00030
19881212,-0.001800,0.0015054107,0.0036261702,0.0001608438,0.00030
19881213,-0.001700,0.0019331576,0.0023390111,0.0029532161,0.00030
19881214,-0.003300,0.0024002603,0.0005487738,0.0033457823,0.00030
19881215,-0.003000,0.0031231484,-0.003655761,0.0018433083,0.00030
19881216,0.006000,0.0013807076,-0.002053336,0.0034294221,0.00030
19881219,0.006900,-0.004553235,0.0001216544,0.0045416863,0.00030
19881220,-0.003100,0.0017970711,-0.000356757,0.0027736613,0.00030
19881221,-0.001000,-0.001529022,-0.000267698,0.0026115105,0.00030
19881222,-0.001000,0.0004385811,-0.002289681,-0.002270698,0.00030
19881223,0.003700,0.0001316019,-0.002845167,-0.002288026,0.00030
19881227,-0.003000,0.002084671,-0.000505131,0.0013247693,0.00030
19881228,0.001100,0.0005356197,-0.001009149,0.0012334819,0.00030
19881229,0.006700,0.0017528933,-0.002335891,0.0020527912,0.00030
19881230,-0.002300,0.0112448889,-0.004621012,-0.000700982,0.00030
19890103,-0.008200,0.0068270505,-0.001221538,-0.001418644,0.00030
19890104,0.013000,-0.0067697,-0.003956766,-0.00183825,0.00030
19890105,0.002200,0.0005528363,0.0014593614,-0.001096782,0.00030
19890106,0.002900,0.0019605768,0.0054206095,-0.00521507,0.00030
19890109,0.001200,-0.000930244,0.0015066172,-0.002693665,0.00030
19890110,-0.002100,-0.000239607,0.0002358407,-0.00110607,0.00030
19890111,0.004300,-0.004254385,-0.001998625,0.00209118,0.00030
19890112,0.003600,0.0009954322,0.0014976925,0.0021278814,0.00030
19890113,0.001400,-0.000951109,0.0009857019,-0.002525536,0.00030
19890116,0.001200,-0.001669477,-0.000539878,0.0013579438,0.00030
19890117,-0.002100,0.0008252441,0.0042473025,-0.002671381,0.00030
19890118,0.008800,-0.000572787,-0.000326851,0.0005712539,0.00030
19890119,0.001400,0.0025814025,-0.002728289,-0.004959307,0.00030
19890120,-0.000600,0.0015357366,-0.002428181,-0.000793961,0.00030
19890123,-0.006100,0.0029227665,0.0019654642,0.0000425566,0.00030
19890124,0.010400,-0.007934571,0.0012942571,0.0011412668,0.00030
19890125,0.002600,-0.000762312,-0.002844572,-0.000155303,0.00030
19890126,0.008000,-0.004785542,-0.003126678,0.0040795475,0.00030
19890127,0.006300,-0.004544945,0.0016518625,0.0003393606,0.00030
19890130,0.003300,-0.000996242,-0.0024722,0.000261113,0.00030
19890131,0.007700,-0.001177651,-0.001358829,0.0041435388,0.00030
19890201,-0.000100,0.0050165376,-0.003962325,0.0000474207,0.00030
19890202,0.000000,0.0042690209,-0.002372221,-0.001143734,0.00030
19890203,0.001000,0.0029152203,-0.002606725,0.0001673982,0.00030
19890206,-0.001700,0.0017193501,0.0035566014,-0.001697273,0.00030
19890207,0.010400,-0.005870329,-0.002489275,-0.00184126,0.00030
19890208,-0.002200,0.0055006155,0.0006426881,-0.000683631,0.00030
19890209,-0.007000,0.0029177729,0.0024448143,0.0003488899,0.00030
19890210,-0.012700,0.0032694273,0.003940651,-0.00135199,0.00030
19890213,0.000400,-0.002985247,0.0021036383,0.0001804001,0.00030
19890214,-0.001000,0.0050047874,-0.000500708,0.0008511293,0.00030
19890215,0.007400,-0.00203769,-0.001536334,0.0021017286,0.00030
19890216,0.002200,0.0040042525,-0.000579062,-0.000787584,0.00030
19890217,0.005500,-0.002205543,-0.000109747,-0.000978068,0.00030
19890221,-0.002300,0.0002642937,0.0023313982,0.0041905971,0.00030
19890222,-0.014700,0.0065167532,0.0039152325,-0.000455466,0.00030
19890223,0.002600,-0.00180485,0.0020392265,-0.002453694,0.00030
19890224,-0.013700,0.0088518942,0.0022144296,0.000383904,0.00030
19890227,0.000700,-0.000635793,0.0013340696,-0.000835096,0.00030
19890228,0.003100,0.0016406421,-0.000410003,-0.000949847,0.00030
19890301,-0.003700,0.0050285767,-0.000480986,0.0004053705,0.00030
19890302,0.008400,-0.004094575,-0.000897301,0.0024504018,0.00030
19890303,0.003600,-0.000469123,0.0001750822,-0.000839171,0.00030
19890306,0.009900,-0.005150095,0.0013908755,0.0002610209,0.00030
19890307,-0.001700,0.0027128175,0.0003463525,-0.001143675,0.00030
19890308,0.000700,0.0007276478,0.0015256279,0.0002270921,0.00030
19890309,-0.001000,0.0005092684,0.0022666062,-0.001807796,0.00030
19890310,-0.002500,0.0023005798,-0.002022526,-0.000059875,0.00030
19890313,0.006100,-0.004242338,7.380614E-6,0.0031933476,0.00030
19890314,-0.000700,0.0007279864,0.0027777823,-0.000283259,0.00030
19890315,0.003900,-0.001295628,0.0041787668,-0.000399634,0.00030
19890316,0.008000,-0.002498605,0.0006472447,0.0012935901,0.00030
19890317,-0.020800,0.005188166,0.0036675686,-0.007425807,0.00030
19890320,-0.009700,0.000067705,0.0029759521,-0.003964767,0.00030
19890321,0.004500,-0.00071551,-0.002868048,-0.000172346,0.00030
19890322,-0.002800,0.0016843772,0.0023799407,-0.003652342,0.00030
19890323,-0.003900,0.0031060384,-0.001338373,-0.000101696,0.00030
19890327,0.003600,-0.003940105,0.000688977,0.0003095969,0.00030
19890328,0.003500,0.0003935755,-0.001279082,0.0033229657,0.00030
19890329,0.002400,-0.001289575,0.0004735092,0.0003442063,0.00030
19890330,0.000600,-0.001415034,-0.001390109,0.0004291898,0.00030
19890331,0.007600,-0.00447728,-0.001366748,-0.004614398,0.00030
19890403,0.004500,-0.00431108,0.000706865,-0.003886446,0.00030
19890404,-0.002500,0.0023315479,-0.000564016,-0.002297621,0.00030
19890405,0.002700,0.0012635396,-0.000699127,0.0010853235,0.00030
19890406,-0.002600,0.0015345397,0.0007889877,-0.001274952,0.00030
19890407,0.005600,-0.000781533,-0.005704661,0.0037381838,0.00030
19890410,-0.000100,0.0020099567,-0.0019716,0.0025334928,0.00030
19890411,0.004000,0.0012804831,-0.003706941,0.0030767221,0.00030
19890412,0.001900,0.0004352654,-0.005553349,0.0032948884,0.00030
19890413,-0.007500,0.0039960889,-0.000121661,-0.0006551,0.00030
19890414,0.013200,-0.007662874,-0.00351081,0.0028903889,0.00030
19890417,0.000700,-0.000043122,0.0012013273,0.0017001746,0.00030
19890418,0.011300,-0.007998546,0.0004785505,0.0021959401,0.00030
19890419,0.003500,-0.00334474,-0.001777993,0.0041269212,0.00030
19890420,-0.002100,0.0038057476,0.0005503101,-0.000268827,0.00030
19890421,0.007200,-0.001559108,-0.000278511,-0.002400723,0.00030
19890424,-0.001600,0.0003340824,-0.000104342,0.0005477268,0.00030
19890425,-0.004500,0.0066031631,0.0003044973,0.0012155489,0.00030
19890426,0.001000,-0.000336514,-0.001884362,0.0010270124,0.00030
19890427,0.007100,-0.005526225,0.0003814629,0.0007487792,0.00030
19890428,0.000500,0.0000927337,0.001897559,-0.000411766,0.00030
19890501,-0.001400,0.0026954649,0.0038819629,-0.002391497,0.00040
19890502,-0.002100,0.0046533293,0.0009777926,0.0013156438,0.00040
19890503,0.000100,0.0010747687,-0.003353651,0.005773273,0.00040
19890504,-0.000600,0.0024611806,-0.001004069,0.0017705717,0.00040
19890505,0.000100,0.0029846832,-0.00094056,0.0003604951,0.00040
19890508,-0.004900,0.0005511825,0.0039528136,0.0001578433,0.00040
19890509,-0.001900,0.0034748798,0.0001685679,0.0053769429,0.00040
19890510,0.001500,0.0008170719,-0.002703106,0.0015210381,0.00040
19890511,0.003000,-0.002981309,-0.00302614,-0.000327553,0.00040
19890512,0.018200,-0.012113262,0.0004081753,0.0020386706,0.00040
19890515,0.006600,-0.007137017,-0.004107583,0.0021874338,0.00040
19890516,-0.001800,0.0020555021,0.0008172173,-0.00010173,0.00040
19890517,0.006200,-0.002842041,-0.004296038,0.0017229404,0.00040
19890518,0.001800,-0.000219251,-0.003518639,0.0001980525,0.00040
19890519,0.007800,-0.003645565,-0.001672718,0.0007099989,0.00040
19890522,0.002500,-0.004063561,0.0032953278,0.0010552589,0.00040
19890523,-0.009200,0.0045433199,0.0014495145,-0.005662147,0.00040
19890524,0.002000,0.0000702135,0.0004639475,-0.002486274,0.00040
19890525,0.000800,0.0037400228,-0.000997653,-0.001672415,0.00040
19890526,0.006600,-0.00327602,0.0004605522,0.0015607067,0.00040
19890530,-0.006100,0.0037671031,-0.001359868,-0.001961206,0.00040
19890531,0.004000,-0.000904879,-0.001262945,-0.001531647,0.00040
19890601,0.004200,-0.002305108,-0.002649069,0.0005776853,0.00030
19890602,0.009700,-0.00345376,-0.00099986,0.0011112898,0.00030
19890605,-0.008700,0.0034234895,0.0039721006,-0.007359102,0.00030
19890606,0.004400,-0.003966933,0.0011925905,-0.000309826,0.00030
19890607,0.008100,-0.004799087,0.0009553462,-0.00100364,0.00030
19890608,0.000000,0.0014817629,0.0023605611,-0.004517506,0.00030
19890609,-0.000200,0.0030047491,0.0010486963,-0.000619824,0.00030
19890612,-0.001200,0.0005814386,0.0020095511,0.0002677797,0.00030
19890613,-0.006700,0.0015303124,0.0023132514,-0.006589091,0.00030
19890614,-0.001000,-0.00064912,0.0023453325,-0.000473168,0.00030
19890615,-0.010600,0.0051986279,0.0004829083,-0.000588126,0.00030
19890616,0.002500,-0.001641616,0.000497906,0.0012795741,0.00030
19890619,0.000800,-0.004713724,0.0002232601,0.0022430909,0.00030
19890620,-0.002000,0.0000323242,-0.001995871,-0.001968047,0.00030
19890621,-0.002100,-0.002510548,0.0025385693,0.0001489689,0.00030
19890622,0.003900,-0.002341834,-0.00040228,0.000125838,0.00030
19890623,0.014100,-0.009320321,0.0029654537,0.0058031069,0.00030
19890626,-0.002900,0.0023483475,0.0006830067,-0.000138936,0.00030
19890627,0.005000,-0.002701673,-0.000496321,-0.001126216,0.00030
19890628,-0.007000,0.0014215808,0.0032581973,-0.003101792,0.00030
19890629,-0.018300,0.0054205154,0.0031119237,-0.007235318,0.00030
19890630,-0.005300,-0.001060695,0.0001437967,-0.004650469,0.00030
19890703,0.003300,-0.004760942,0.0015873346,0.0031415736,0.00030
19890705,0.003100,-0.000170287,0.0012091251,-0.00083668,0.00030
19890706,0.003500,0.0039392825,-0.000867995,0.0010624823,0.00030
19890707,0.009100,-0.002566103,0.0001696463,0.0032312911,0.00030
19890710,0.005200,-0.003227016,-0.000518155,-0.000043153,0.00030
19890711,0.004800,-0.002283627,0.000748821,0.0016317178,0.00030
19890712,0.003000,-0.000837692,0.0026282086,-0.000139438,0.00030
19890713,0.000600,0.0005292575,0.0000221146,0.000223671,0.00030
19890714,0.003700,-0.004853756,-0.000139966,-0.000480162,0.00030
19890717,0.001900,0.0014137356,-0.005066613,0.0056694771,0.00030
19890718,-0.003100,0.0035652601,0.0009432326,0.0013964667,0.00030
19890719,0.010900,-0.005635045,-0.003607859,0.0083108427,0.00030
19890720,-0.005800,0.00508514,0.0032110232,-0.001239769,0.00030
19890721,0.004200,-0.004987077,-0.00160594,0.0032978834,0.00030
19890724,-0.005900,0.0013622665,0.0004913484,0.0000758353,0.00030
19890725,0.000200,-0.00078443,0.0028601542,0.0001861186,0.00030
19890726,0.010000,-0.005605648,-0.001802648,0.0056542898,0.00030
19890727,0.010200,-0.004245717,0.0004467463,0.0026173876,0.00030
19890728,0.001000,-0.002023857,0.00119441,-0.00035453,0.00030
19890731,0.009400,-0.009081379,0.0023712759,0.0000809142,0.00030
19890801,-0.005000,0.0045568978,-0.000636669,-0.003378379,0.00030
19890802,0.001800,-0.000279462,0.0016240898,-0.002295131,0.00030
19890803,0.002300,0.0008776699,-0.004540915,0.0016182098,0.00030
19890804,-0.002200,0.0018266483,-0.000094804,-0.000797338,0.00030
19890807,0.012700,-0.005013976,-0.000860571,-0.000268308,0.00030
19890808,0.000800,0.0021640426,-0.000206777,-0.001257812,0.00030
19890809,-0.004700,0.0017529587,0.0019159979,-0.003041489,0.00030
19890810,0.003500,-0.000833237,0.0023682104,-0.000631433,0.00030
19890811,-0.008000,0.0079953721,-0.000340212,-0.002379442,0.00030
19890814,-0.005000,0.0011410996,0.00029817,0.0019671739,0.00030
19890815,0.003300,-0.002278027,0.0029523479,-0.001853228,0.00030
19890816,0.001900,0.0002086256,0.0019480937,0.0005285849,0.00030
19890817,-0.002700,0.0003803235,-0.001070432,0.0024541446,0.00030
19890818,0.003100,-0.00215962,-0.002144728,0.0001058341,0.00030
19890821,-0.012800,0.0049584448,-0.000285574,-0.00392756,0.00030
19890822,0.000100,0.0002597793,-0.000635441,0.0043959582,0.00030
19890823,0.008700,-0.004556117,-0.00367036,0.002064885,0.00030
19890824,0.016800,-0.00778159,-0.001497351,0.0046548217,0.00030
19890825,-0.001700,0.0001260298,-0.000969672,-0.000016028,0.00030
19890828,0.003000,-0.000371186,-0.00075849,0.0006946361,0.00030
19890829,-0.005000,0.0045977416,-0.000145324,-0.001592257,0.00030
19890830,0.002400,-0.000114778,-0.000756497,-0.001959038,0.00030
19890831,0.001300,0.0012210304,0.0015188938,-0.005447547,0.00030
19890901,0.005900,-0.004958693,0.0001844889,-0.00034744,0.00030
19890905,-0.002200,0.0029596768,-0.001688511,0.0024533924,0.00030
19890906,-0.008400,0.0045277171,0.0012861057,-0.003236214,0.00030
19890907,-0.001800,0.0017940861,0.0028993501,-0.004048927,0.00030
19890908,0.000900,0.0034352977,-0.000256306,-0.002094638,0.00030
19890911,-0.002900,-0.004093235,0.0006895303,-0.002202413,0.00030
19890912,0.003300,0.0003612182,0.0007300424,0.0004744452,0.00030
19890913,-0.007700,0.0082740854,0.0024353705,0.0023796023,0.00030
19890914,-0.007400,0.0014557104,0.002378042,0.0024774287,0.00030
19890915,0.001900,-0.010812615,-0.001298294,-0.00030426,0.00030
19890918,0.003400,-0.004529547,0.0047757702,-0.000720159,0.00030
19890919,0.000600,0.0023826669,0.0026008305,0.001590898,0.00030
19890920,-0.000900,0.0017823033,0.0003281817,0.001791484,0.00030
19890921,-0.001100,0.0027955689,-0.001520913,0.0015751322,0.00030
19890922,0.002600,-0.000327756,0.0017051333,-0.000437355,0.00030
19890925,-0.007100,0.0035070539,-0.001462047,0.0039805615,0.00030
19890926,0.001200,0.0011019647,-0.002375186,0.0021953664,0.00030
19890927,0.001100,0.0006822511,-0.004075552,0.0057619902,0.00030
19890928,0.008900,0.0008062227,-0.003621804,0.006493872,0.00030
19890929,0.002600,0.0035470158,0.0041800477,-0.00228715,0.00030
19891002,0.004500,-0.003045289,-0.001975952,0.0006071471,0.00030
19891003,0.009500,-0.004079912,0.0006566729,0.0039983215,0.00030
19891004,0.005300,-0.003464698,0.0003858166,0.0025762623,0.00030
19891005,0.000600,0.0030987512,-0.002266696,0.0033792248,0.00030
19891006,0.004700,-0.002239756,-0.000402499,0.0085554748,0.00030
19891009,0.002000,-0.000162564,-0.004592977,0.0030359315,0.00030
19891010,-0.002000,-0.000773942,0.0012007974,0.0022776146,0.00030
19891011,-0.005900,0.0031540875,0.0002586728,0.0007022583,0.00030
19891012,-0.004100,0.0007779977,0.0027115112,-0.000852444,0.00030
19891013,-0.055300,0.0190021325,0.0050642353,-0.003929828,0.00030
19891016,0.016400,-0.028760828,-0.000351349,0.007689888,0.00030
19891017,-0.004300,0.0034744266,-0.001569378,0.0061617492,0.00030
19891018,0.002500,0.004229554,-0.002045729,0.00144767,0.00030
19891019,0.015100,0.002229331,-0.007274914,0.0078559993,0.00030
19891020,-0.000500,-0.000397287,0.0024833088,-0.000212642,0.00030
19891023,-0.006800,0.0002009071,-0.00014852,0.0055247695,0.00030
19891024,-0.005600,-0.007063641,0.0059550436,0.0026842123,0.00030
19891025,-0.002600,0.0069976932,-0.000440008,-0.001668901,0.00030
19891026,-0.011400,0.0024415586,0.0045103943,-0.004817191,0.00030
19891027,-0.009900,-0.00204128,0.0052633854,-0.001906333,0.00030
19891030,-0.000700,-0.003370697,-0.000696284,0.0011269889,0.00030
19891031,0.013400,-0.009028868,-0.000755361,0.0052363052,0.00030
19891101,0.002900,-0.002115941,0.0002564523,0.0004789974,0.00030
19891102,-0.006500,0.0056226302,0.0039055776,-0.001668901,0.00030
19891103,-0.002000,0.0015415326,0.0018509174,-0.000398217,0.00030
19891106,-0.013600,0.0045065089,0.0023763084,0.0015038801,0.00030
19891107,0.004900,-0.003112184,0.002596537,0.0006386547,0.00030
19891108,0.009700,-0.001300175,-0.005840654,0.0064210802,0.00030
19891109,-0.003400,0.0021380503,-0.002336763,0.0005565084,0.00030
19891110,0.005900,-0.003911967,-0.001479819,0.0047191803,0.00030
19891113,0.001600,-0.001692448,0.002809226,0.0003702857,0.00030
19891114,-0.004700,0.0007542916,0.0000388439,-0.001485818,0.00030
19891115,0.005800,-0.001718168,-0.001459292,0.0018319565,0.00030
19891116,0.000200,-0.000047693,0.0001034497,0.0000127143,0.00030
19891117,0.002800,0.0006721314,-0.001405626,0.00157004,0.00030
19891120,-0.006400,0.0031680449,0.0006320414,0.0050160565,0.00030
19891121,-0.000800,-0.004870404,0.003382079,0.0011409023,0.00030
19891122,0.005400,-0.002493103,0.0005786424,0.0028297159,0.00030
19891124,0.005400,-0.002560158,-0.000562113,0.0006069141,0.00030
19891127,0.003700,-0.001645839,0.0011140885,-0.000073539,0.00030
19891128,0.000800,-0.000561067,0.0002666151,-0.002971857,0.00030
19891129,-0.005600,0.0044143847,0.0014530268,0.0015528416,0.00030
19891130,0.004500,-0.005123135,0.0028886879,0.0045662103,0.00030
19891201,0.010600,-0.007950063,0.0027923274,0.004576568,0.00030
19891204,0.002600,-0.002550958,-0.000312455,0.0045878135,0.00030
19891205,-0.003800,0.0025752783,-0.002321721,0.003024446,0.00030
19891206,-0.003100,0.005505447,0.0006374941,0.0016634744,0.00030
19891207,-0.002500,0.0011656811,-0.000951101,-0.002145504,0.00030
19891208,0.001600,-0.001018046,0.0024483105,0.0009787801,0.00030
19891211,-0.001400,-0.00296968,0.0071576924,-0.000293895,0.00030
19891212,0.005900,-0.004714975,0.0047648109,0.000101777,0.00030
19891213,0.002600,0.0001268679,0.0008349138,-0.000551028,0.00030
19891214,-0.005400,-0.000219049,0.00172004,0.0004628792,0.00030
19891215,-0.003900,-0.000718896,0.0002123727,0.0079030591,0.00030
19891218,-0.017400,0.0054375489,0.0034539168,0.0083919664,0.00030
19891219,-0.004300,-0.003576135,0.0021032254,0.0066851207,0.00030
19891220,0.001000,-0.00170088,-0.000099691,-0.00810327,0.00030
19891221,0.005300,-0.000998422,-0.003856758,-0.003421608,0.00030
19891222,0.007900,-0.000364243,-0.003310778,0.0011681677,0.00030
19891226,-0.000900,0.002078437,0.000273416,-0.001507612,0.00030
19891227,0.005000,0.0009537586,-0.000484536,0.0012989872,0.00030
19891228,0.004600,-0.001493558,0.0008785932,0.004737729,0.00030
19891229,0.007700,0.0021383825,-0.002113907,0.0022868992,0.00030
19900102,0.014400,-0.009575951,-0.008404412,-0.003108026,0.00030
19900103,-0.000600,0.0041442416,-0.004054668,0.0030504287,0.00030
19900104,-0.007100,0.006551885,-0.002145009,0.0006176636,0.00030
19900105,-0.008500,0.0068868905,-0.003524544,-0.002519145,0.00030
19900108,0.003000,-0.002186301,0.0011353068,0.0051796013,0.00030
19900109,-0.010100,0.006804853,0.0017968667,0.0036185866,0.00030
19900110,-0.007600,0.0003481374,0.0039707369,0.0013439019,0.00030
19900111,0.002300,0.0003978651,-0.000186044,0.0009683994,0.00030
19900112,-0.023300,0.0048342232,0.0070659754,-0.003524927,0.00030
19900115,-0.009500,0.0028614504,0.0009008405,-0.000058553,0.00030
19900116,0.009200,-0.009317144,-0.005800391,0.0053269647,0.00030
19900117,-0.007600,0.0075536388,0.0003152362,0.0035838599,0.00030
19900118,0.000500,-0.00627373,0.0031871208,0.0060487179,0.00030
19900119,0.003100,0.0016895032,-0.001287918,0.0003850612,0.00030
19900122,-0.023100,0.0081673701,0.0025387398,0.001559398,0.00030
19900123,-0.000600,-0.002907037,0.0019064014,0.0037295794,0.00030
19900124,-0.004400,-0.010506461,-0.003176581,0.0027612444,0.00030
19900125,-0.010700,0.0085836997,0.0003553951,-0.005076714,0.00030
19900126,-0.003600,-0.006023787,0.0001787487,-0.001425444,0.00030
19900129,-0.003400,-0.004138152,0.0028292662,0.0016648078,0.00030
19900130,-0.009000,-0.005763352,0.007840921,-0.004294895,0.00030
19900131,0.016700,-0.015044826,-0.002563963,-0.002130684,0.00030
19900201,0.000800,0.0094685977,-0.001509951,0.0035270688,0.00030
19900202,0.007300,0.0037701326,-0.004511053,0.004133698,0.00030
19900205,0.003800,-0.001021252,-0.001838952,0.0017765191,0.00030
19900206,-0.005400,0.0042653053,-0.000251706,0.0039077696,0.00030
19900207,0.010700,-0.004582119,-0.006234658,0.0025586237,0.00030
19900208,-0.000900,0.0048023708,0.0002297728,0.0041158991,0.00030
19900209,0.002400,-0.002128572,-0.005226719,0.0012917425,0.00030
19900212,-0.009300,0.0069403216,0.0003812362,-0.002513446,0.00030
19900213,0.001400,-0.003267249,0.0009985024,-0.001396801,0.00030
19900214,0.002000,-0.000283426,-0.001564634,-0.002511704,0.00030
19900215,0.007800,0.0019158007,0.0028382048,-0.001729903,0.00030
19900216,-0.005000,0.0038494591,0.0040536276,-0.00573514,0.00030
19900220,-0.013500,0.0056349143,0.0020371954,-0.000036827,0.00030
19900221,-0.002100,-0.002725959,-0.000453569,-0.006397218,0.00030
19900222,-0.003700,0.0039339143,-0.001810853,-0.003584539,0.00030
19900223,-0.005500,-0.001974187,0.0061046831,-0.005500274,0.00030
19900226,0.010000,-0.009773673,-0.000821474,-0.001020785,0.00030
19900227,0.005300,-0.002069109,-0.003904409,0.000509289,0.00030
19900228,0.005300,0.0009014171,-0.003218849,-0.00078538,0.00030
19900301,0.002600,-0.000462683,-0.003203089,0.0037562118,0.00030
19900302,0.008100,-0.001997369,-0.003758696,-0.001662267,0.00030
19900305,-0.003700,0.0065387291,-0.002929108,0.0038967499,0.00030
19900306,0.010700,-0.002687918,-0.000997425,0.0024728357,0.00030
19900307,-0.002200,0.0050402777,-0.003892887,0.0015244326,0.00030
19900308,0.008400,-0.000185007,-0.005282136,0.0020553735,0.00030
19900309,-0.005300,0.005959816,-0.004209946,1.856541E-6,0.00030
19900312,0.001500,-0.001834858,-0.003182043,0.0008723076,0.00030
19900313,-0.006900,0.0040471577,0.000291714,-0.001774898,0.00030
19900314,0.002300,0.0028857704,-0.000847307,0.0035082496,0.00030
19900315,0.002500,0.0003701246,-0.000027846,0.0075408272,0.00030
19900316,0.009000,-0.004570214,-0.005297211,0.0117649017,0.00030
19900319,0.003800,-0.00228901,-0.003036751,0.0085466786,0.00030
19900320,-0.005500,0.0032161952,0.0015767738,0.0042460803,0.00030
19900321,-0.004500,0.0051654495,-0.001575261,0.0003319406,0.00030
19900322,-0.012200,0.0035774857,0.0055663582,-0.001978704,0.00030
19900323,0.004400,-0.000090085,-0.002905977,0.0015333239,0.00030
19900326,0.001700,-0.00030838,0.0002101764,-0.000096053,0.00030
19900327,0.008000,-0.005355702,0.001208729,0.0034488372,0.00030
19900328,0.000900,-0.001494397,0.0068327924,-0.002192046,0.00030
19900329,-0.003500,0.0011024681,0.0018806873,0.0040437272,0.00030
19900330,-0.001800,0.0030366273,0.0020184174,0.0023903988,0.00030
19900402,-0.004200,-0.003427941,0.0015609399,0.0044148614,0.00030
19900403,0.012600,-0.007782443,-0.004928749,0.0073423317,0.00030
19900404,-0.006400,0.002602301,-0.000269642,0.0029216419,0.00030
19900405,-0.001500,0.0034086165,0.0022533992,0.0099349915,0.00030
19900406,-0.002900,0.0009652746,0.0012359475,0.0070291508,0.00030
19900409,0.002100,-0.008180667,-0.001250693,-0.003028477,0.00030
19900410,0.001600,0.0000475619,-0.004344725,-0.000825665,0.00030
19900411,0.000100,-0.000306415,-0.003829275,-0.000038319,0.00030
19900412,0.006900,-0.004947278,-0.000824379,-0.000191161,0.00030
19900416,0.000800,-0.002724618,-0.00185385,0.0014369246,0.00030
19900417,-0.000800,-0.000560202,-0.000462451,-0.001076502,0.00030
19900418,-0.010700,0.0043511357,-0.000513917,-0.00154176,0.00030
19900419,-0.007500,0.0046734674,0.0031841458,-0.001066416,0.00030
19900420,-0.009000,0.0046372853,0.0008309703,0.003659846,0.00030
19900423,-0.011700,0.0037395268,0.004370627,-0.000086515,0.00030
19900424,-0.002800,0.0021477929,0.0008897297,-0.000443709,0.00030
19900425,0.004500,-0.003175681,-0.001314107,0.0027106743,0.00030
19900426,0.001500,-0.002071215,0.0005650099,0.003333405,0.00030
19900427,-0.010800,0.005766708,0.0014805722,-0.001599739,0.00030
19900430,0.004500,-0.001274687,-0.004090121,0.0075227211,0.00030
19900501,0.004200,-0.001661949,-0.001682897,0.0046380264,0.00030
19900502,0.005500,-0.003635496,-0.002142525,0.0019737082,0.00030
19900503,0.003100,-0.000694268,0.0002705417,0.0000147567,0.00030
19900504,0.007500,-0.004364914,-0.003280053,-0.001002323,0.00030
19900507,0.005600,-0.00200997,-0.003791577,0.0030175023,0.00030
19900508,0.003700,-0.002237044,0.0016170889,0.0033924129,0.00030
19900509,0.001100,-0.002538452,0.0005886901,0.0022720831,0.00030
19900510,0.003900,0.0007545677,-0.002589847,0.0012473218,0.00030
19900511,0.020100,-0.009753827,-0.000325565,-0.002163882,0.00030
19900514,0.007900,-0.001812555,-0.002572871,0.0026493413,0.00030
19900515,-0.000800,-0.000448003,0.0007771488,-0.002626256,0.00030
19900516,-0.001100,0.0005796627,0.0008979197,0.0026128185,0.00030
19900517,0.001900,0.0055601045,-0.005358112,0.004432072,0.00030
19900518,0.000900,0.0034404964,-0.002797636,-0.000830967,0.00030
19900521,0.009400,-0.001657383,-0.008433526,0.0069242361,0.00030
19900522,0.001500,0.0018848504,-0.002420565,0.0066913324,0.00030
19900523,0.002200,0.0031219025,-0.002762975,0.0037253305,0.00030
19900524,-0.000800,0.002286019,-0.001489416,-0.003227753,0.00030
19900525,-0.009500,0.0075576731,0.0025084447,-0.006929721,0.00030
19900529,0.013400,-0.010478708,-0.002223025,0.0032053755,0.00030
19900530,0.000700,0.0027659152,-0.001126844,0.0015037346,0.00030
19900531,0.000700,0.0013021836,-0.00082894,-0.000973094,0.00030
19900601,0.005300,0.0000842919,-0.00067741,-0.0062199,0.00030
19900604,0.011100,-0.00695539,-0.000480012,-0.007581891,0.00030
19900605,-0.001800,0.0008590172,0.0045626729,-0.011097805,0.00030
19900606,-0.003600,0.0029295314,-0.000838555,-0.002741408,0.00030
19900607,-0.004700,0.0040040973,0.0002484047,-0.002192121,0.00030
19900608,-0.011000,0.0038263909,0.0035253594,-0.00106181,0.00030
19900611,0.006700,-0.004773448,-0.001024185,0.0051241121,0.00030
19900612,0.011000,-0.00552829,-0.00514281,0.0107367073,0.00030
19900613,-0.002700,0.0077031222,-0.003141866,0.0107594587,0.00030
19900614,-0.005300,0.0030956073,-0.003174023,0.0070861365,0.00030
19900615,-0.001000,0.0017924359,-0.002038763,0.0084502009,0.00030
19900618,-0.014700,0.004427387,0.0032699336,-0.001664699,0.00030
19900619,0.002900,-0.00356455,0.0015240015,0.0012278755,0.00030
19900620,0.000600,-0.000787201,0.0022695451,0.0037569283,0.00030
19900621,0.002600,-0.001086493,-0.002648305,0.0068534157,0.00030
19900622,-0.010700,0.0102523773,-0.001099545,0.0022738987,0.00030
19900625,-0.008500,0.0046382201,0.0060986481,0.0032591042,0.00030
19900626,-0.001500,0.0014040465,0.0017618495,-0.000306984,0.00030
19900627,0.006500,-0.006553303,-0.007726888,0.0056256089,0.00030
19900628,0.006600,0.0009057485,-0.007461499,0.007993503,0.00030
19900629,0.001700,0.0054426886,-0.00247554,-0.001883227,0.00030
19900702,0.003000,-0.00348027,0.0002232217,0.0082546369,0.00030
19900703,0.001300,-0.001190848,-0.003794148,0.0078089943,0.00030
19900705,-0.010400,0.0074952799,0.0026026395,0.0018338693,0.00030
19900706,0.006100,-0.002965263,-0.001576606,0.0041469774,0.00030
19900709,0.002200,-0.000201635,-0.004724545,0.0043620119,0.00030
19900710,-0.006700,0.0055622194,-0.003389163,0.0046384785,0.00030
19900711,0.010400,-0.004315646,-0.0041972,0.0067755373,0.00030
19900712,0.010200,-0.003573315,0.0012963959,0.0065862369,0.00030
19900713,0.004200,-0.000847718,-0.00131596,0.0001035804,0.00030
19900716,0.003700,-0.001906472,-0.001351694,0.0007834636,0.00030
19900717,-0.004500,0.0015315825,0.0066701544,-0.004528209,0.00030
19900718,-0.009200,0.0049473804,0.0060508329,-0.002215737,0.00030
19900719,0.001200,-0.005264325,0.0063368532,-0.000642827,0.00030
19900720,-0.008700,0.0063836078,0.0031348782,-0.002513242,0.00030
19900723,-0.018900,-0.003501476,0.0111757613,-0.003717806,0.00030
19900724,0.000000,-0.00173253,0.0057293304,-0.00205642,0.00030
19900725,0.003500,0.0028744497,-0.004055505,0.004282163,0.00030
19900726,-0.002500,0.002037198,-0.005047878,-0.001049541,0.00030
19900727,-0.006800,0.0011501911,0.0067248022,-0.003155199,0.00030
19900730,0.002700,-0.010986277,0.0059256893,0.0057785223,0.00030
19900731,0.000700,-0.002991647,0.0048713861,0.0055723446,0.00030
19900801,-0.002000,-0.001194819,0.0048121146,0.0064830932,0.00030
19900802,-0.012100,-0.002864799,0.0137877546,-0.009864418,0.00030
19900803,-0.018400,-0.011718003,0.0087147005,-0.008312819,0.00030
19900806,-0.033200,-0.003516588,0.0226657355,-0.016141733,0.00030
19900807,0.001700,-0.002927836,-0.00910512,0.0061107491,0.00030
19900808,0.011100,0.004191036,-0.014190092,0.0108465932,0.00030
19900809,0.006300,0.0009819019,-0.007719497,0.0087285449,0.00030
19900810,-0.011900,0.0030059852,0.008158892,-0.006847827,0.00030
19900813,0.007100,-0.010006298,0.0014768625,0.0072066606,0.00030
19900814,0.002100,0.0036869931,-0.000099096,0.0043944515,0.00030
19900815,0.002500,-0.002552946,-0.005081414,0.003370037,0.00030
19900816,-0.021800,0.0062334561,0.0120312873,-0.005120138,0.00030
19900817,-0.015500,-0.007689401,0.0132509136,-0.004372614,0.00030
19900820,-0.001100,-0.011080194,0.008118826,-0.00056805,0.00030
19900821,-0.020000,-0.004048969,0.0087691472,-0.003443237,0.00030
19900822,-0.015800,-0.000074502,0.0079476513,-0.003920192,0.00030
19900823,-0.032400,-0.00810037,0.0110703505,-0.003343005,0.00030
19900824,0.014600,-0.003964515,-0.021005855,0.0148621446,0.00030
19900827,0.032000,0.0064953956,-0.024293753,0.0153672783,0.00030
19900828,0.000700,0.008007488,-0.000364037,0.0047656853,0.00030
19900829,0.007400,-0.001604288,0.0053786088,-0.001178094,0.00030
19900830,-0.013900,0.0099175283,0.0058732123,-0.006682166,0.00030
19900831,0.009500,-0.009623073,-0.00231776,-0.001100263,0.00030
19900904,0.000800,-0.001855278,-0.002695727,0.0052827405,0.00030
19900905,0.003500,0.0022587158,0.0011071619,-0.000031968,0.00030
19900906,-0.010600,0.0048738478,0.0054774109,-0.004742771,0.00030
19900907,0.007900,-0.002389696,0.000644244,-0.000340202,0.00030
19900910,-0.003800,0.0060675468,-0.000482517,-0.001722702,0.00030
19900911,-0.001900,-0.001698655,0.0058695708,0.0032685065,0.00030
19900912,0.002800,0.001111963,0.0032269978,0.0045008129,0.00030
19900913,-0.011100,0.0052371854,0.0037864998,0.0009317775,0.00030
19900914,-0.006100,-0.002132957,0.0026809018,0.0023160758,0.00030
19900917,0.001800,-0.002260007,0.0034980544,0.0028324265,0.00030
19900918,0.000700,-0.003590326,0.0025596861,0.005971088,0.00030
19900919,-0.005700,0.0063158761,0.0043126186,-0.00141384,0.00030
19900920,-0.016100,-0.000892421,0.0103025693,0.003292457,0.00030
19900921,-0.002000,-0.008868892,0.0055927562,0.0026011923,0.00030
19900924,-0.021900,0.0000871111,0.0099443686,0.0096317649,0.00030
19900925,0.010300,-0.011650174,-0.010344715,0.0109451715,0.00030
19900926,-0.010700,-0.004199457,0.0048028584,0.0133549215,0.00030
19900927,-0.015100,-0.004397428,0.0081043302,0.0118005658,0.00030
19900928,0.015000,-0.008841839,-0.01172301,-0.002395115,0.00030
19901001,0.027400,-0.011304799,-0.01685654,0.001976828,0.00030
19901002,0.002000,0.0061574562,0.0010221224,-0.003767482,0.00030
19901003,-0.011600,0.0004747438,0.0119507363,0.0039831593,0.00030
19901004,0.001900,-0.007395075,0.0062185585,-0.004520074,0.00030
19901005,-0.004600,-1.741189E-6,0.0009489482,0.0038897356,0.00030
19901008,0.005300,-0.003855068,0.0015182868,0.0019166649,0.00030
19901009,-0.025500,0.0051316188,0.0079174379,-0.000331766,0.00030
19901010,-0.016000,-0.000566993,0.0031270965,0.0058601255,0.00030
19901011,-0.017600,-0.006195253,0.0069591582,0.0030643146,0.00030
19901012,0.012800,-0.012300678,-0.006733886,0.0004768393,0.00030
19901015,0.009100,-0.007076428,0.0021558894,0.0014903076,0.00030
19901016,-0.014000,0.0008943906,0.0059028903,0.0085119848,0.00030
19901017,-0.000200,-0.003112456,-0.004198314,0.0128593054,0.00030
19901018,0.022000,-0.004110297,-0.021458349,0.013971998,0.00030
19901019,0.017700,-0.01129216,-0.000901316,-0.000330225,0.00030
19901022,0.007800,-0.006554287,-0.013075558,0.004097005,0.00030
19901023,-0.005200,0.0092734029,-0.005548179,-0.000466448,0.00030
19901024,-0.000300,0.0010654727,0.0028007063,0.0018904525,0.00030
19901025,-0.006600,0.006462815,0.0047911753,0.0031398258,0.00030
19901026,-0.016800,0.0026742691,0.0057818354,0.0106226688,0.00030
19901029,-0.009600,-0.00315969,0.0032669776,0.0046890543,0.00030
19901030,0.004600,-0.011939735,0.002518052,0.0080776573,0.00030
19901031,0.000200,-0.002712649,0.0036714029,-0.00561933,0.00030
19901101,0.007900,-0.008661083,0.0012668663,-0.002810542,0.00030
19901102,0.015500,-0.000223231,-0.004827107,-0.015130137,0.00030
19901105,0.009600,-0.001108871,-0.008088713,-0.006810336,0.00030
19901106,-0.007100,0.0059202906,0.0006055989,0.0012638166,0.00030
19901107,-0.015900,0.0096353994,0.0078415307,-0.002198869,0.00030
19901108,0.004400,-0.00805841,-0.003423585,0.0033214399,0.00030
19901109,0.018100,-0.008112212,-0.002365971,-0.005450126,0.00030
19901112,0.019200,-0.003101151,-0.010388377,-0.017499677,0.00030
19901113,-0.003400,0.0072292274,-0.002546096,-0.00782514,0.00030
19901114,0.008200,0.0026743036,-0.004670745,-0.010117104,0.00030
19901115,-0.009100,0.0076343472,0.0045678967,0.0055458245,0.00030
19901116,-0.000500,0.00049307,0.0009592993,0.0027457276,0.00030
19901119,0.005800,-0.001535855,-0.004815104,0.0078591747,0.00030
19901120,-0.010900,0.0072500012,-0.000473689,0.0081323641,0.00030
19901121,0.000700,-0.003591128,0.0025912773,0.0066597478,0.00030
19901123,-0.002500,0.0024273365,-0.003335246,-0.001069313,0.00030
19901126,0.002900,0.0023777946,0.0045714245,-0.007681293,0.00030
19901127,0.006800,0.0033992984,-0.008474366,0.0005266167,0.00030
19901128,0.000400,0.0044184162,-0.002546421,-0.003684995,0.00030
19901129,-0.003900,0.0053185593,-0.003563976,0.0014806296,0.00030
19901130,0.016100,-0.008163706,-0.004695753,0.0011371834,0.00030
19901203,0.006800,0.0060077549,-0.008366557,0.0052395008,0.00030
19901204,0.007200,-0.002351838,0.0004077989,-0.010003643,0.00030
19901205,0.011800,0.0019349955,-0.001205366,-0.025885959,0.00030
19901206,-0.002200,0.0034004729,-0.004872265,-0.001011923,0.00030
19901207,-0.003900,0.0053491179,0.0015757912,0.0070010544,0.00030
19901210,0.002200,-0.001487178,0.0020024461,0.0030759398,0.00030
19901211,-0.006100,-0.000123261,0.0030155251,0.0009078507,0.00030
19901212,0.009300,-0.006001413,-0.006015547,-0.000231718,0.00030
19901213,-0.001100,0.0121479001,-0.000811931,0.003293169,0.00030
19901214,-0.007800,-0.002181321,-0.000719899,0.0044595183,0.00030
19901217,-0.003900,-0.001753922,0.0045602413,0.0056594546,0.00030
19901218,0.011800,-0.006039545,-0.006159658,-0.006435449,0.00030
19901219,0.000700,0.0014140541,-0.005322704,-0.001470195,0.00030
19901220,0.000600,0.001878756,-0.001624769,0.0032732321,0.00030
19901221,0.003000,-0.004605734,-0.003612905,0.0036175399,0.00030
19901224,-0.004000,0.0024499531,0.0011946223,0.0011327231,0.00030
19901226,0.002400,-0.001485232,0.0022943965,0.0005554982,0.00030
19901227,-0.006300,0.0061037084,0.0030017044,0.0053457441,0.00030
19901228,-0.000200,-0.001093104,-0.000260849,0.0036532341,0.00030
19901231,0.004300,0.006811966,-0.001518037,0.0025816779,0.00030
19910102,-0.009500,0.005558612,0.0002312348,-0.008847293,0.00020
19910103,-0.012500,0.0015357208,0.0046194395,-0.008539173,0.00020
19910104,-0.002400,-0.000481436,0.0002796913,-0.002497129,0.00020
19910107,-0.017200,0.0030887093,0.0058297759,0.0062974934,0.00020
19910108,-0.002900,-0.004974388,0.0011263675,0.0066426912,0.00020
19910109,-0.009500,0.0040269322,0.0010034732,0.0021258339,0.00020
19910110,0.009400,-0.004251971,-0.004607183,0.0071974689,0.00020
19910111,0.001000,0.0022419339,0.000024951,0.0037333888,0.00020
19910114,-0.010100,-0.007352128,0.0041634267,0.0027870729,0.00020
19910115,0.003200,-0.001721769,-0.003915763,0.0027562718,0.00020
19910116,0.010000,0.0048903449,-0.012827865,0.0109641195,0.00020
19910117,0.034100,-0.01111235,-0.008270843,0.001707654,0.00020
19910118,0.009300,-0.009713326,9.6073035E-6,0.001514061,0.00020
19910121,-0.000800,0.0058610532,0.0007323104,-0.000819986,0.00020
19910122,-0.006500,0.012079956,0.0034843442,-0.004524666,0.00020
19910123,0.005900,0.008050145,-0.002887842,-0.003498914,0.00020
19910124,0.014500,0.0064937509,-0.005139072,-0.004077266,0.00020
19910125,0.004000,0.0042352582,-0.001452764,-0.004136324,0.00020
19910128,0.001400,0.0061794552,-0.002028706,-0.002910972,0.00020
19910129,0.001000,0.0063743012,-0.004404721,-0.00370931,0.00020
19910130,0.015200,0.00559016,-0.004947684,-0.003132909,0.00020
19910131,0.009500,0.0004881845,-0.000760154,-0.003836508,0.00020
19910201,-0.000300,0.0090004266,0.0021920425,-0.011468211,0.00030
19910204,0.015900,0.005296011,0.0018567707,-0.020224247,0.00030
19910205,0.010500,0.0017285356,-0.002653103,0.0011180746,0.00030
19910206,0.017700,-0.003506422,-0.004971699,0.0043454544,0.00030
19910207,-0.004400,-0.000154497,0.0028351192,-0.00646852,0.00030
19910208,0.006300,-0.002095071,0.001371288,0.0017703224,0.00030
19910211,0.023700,-0.005318438,-0.005192948,-0.002873178,0.00030
19910212,-0.005900,0.0059612237,0.0026424918,-0.003321934,0.00030
19910213,0.008900,-0.002766524,-0.000355879,-0.00475047,0.00030
19910214,-0.012000,0.0096162668,0.0028047292,-0.000568795,0.00030
19910215,0.012000,-0.002008942,-0.005120245,-0.001186401,0.00030
19910219,0.001300,0.0000264564,-0.005441623,0.0122877215,0.00030
19910220,-0.010600,0.002380305,0.0037793081,0.0060115725,0.00030
19910221,-0.000300,0.0009717167,-0.002607059,-0.002282775,0.00030
19910222,0.002300,0.0014014744,-0.006885908,0.0059889535,0.00030
19910225,0.004000,0.0034133489,-0.006133428,0.0053927555,0.00030
19910226,-0.010800,0.0037618138,0.0066635693,-0.002876846,0.00030
19910227,0.011700,-0.00334303,0.0026374716,-0.004272461,0.00030
19910228,0.000200,0.0111029606,0.0027099066,-0.013739401,0.00030
19910301,0.008600,-0.004989374,-0.003793047,-0.011056436,0.00020
19910304,0.000300,0.0115344888,-0.003312984,-0.001112404,0.00020
19910305,0.019100,0.0007769778,-0.008268603,0.0006849248,0.00020
19910306,-0.001400,0.0022642231,0.0017698978,-0.000069664,0.00020
19910307,0.000000,0.0007477965,-0.003107771,0.0067092377,0.00020
19910308,-0.002300,0.0082913404,-0.001996194,0.0032889133,0.00020
19910311,-0.005900,-0.003912171,0.0034436723,-0.005684523,0.00020
19910312,-0.008700,-0.004862804,0.0077425699,-0.003552345,0.00020
19910313,0.011000,-0.009554406,-0.005711315,0.002220948,0.00020
19910314,-0.001500,0.0043583535,0.0008740881,0.0014276251,0.00020
19910315,-0.001900,-0.003961549,0.0009406,0.0010968299,0.00020
19910318,-0.002700,0.0012143622,-0.000574612,0.0046922338,0.00020
19910319,-0.012900,0.0020467067,-0.000301849,-0.004238835,0.00020
19910320,0.003600,0.0022367797,-0.003405346,0.0122547061,0.00020
19910321,-0.002600,0.0076213427,-0.001879297,-0.001144897,0.00020
19910322,0.001500,-0.002622399,0.0015902803,0.000061695,0.00020
19910325,0.006800,-0.000939853,-0.001337849,-0.001039077,0.00020
19910326,0.016700,-0.005618565,-0.009048102,-0.001676964,0.00020
19910327,-0.000200,0.0060880261,-0.005629515,0.003498524,0.00020
19910328,-0.000800,0.008316441,-0.001350358,0.0013956517,0.00020
19910401,-0.008500,0.0064012343,-0.000284051,0.0026048294,0.00020
19910402,0.019800,-0.007806804,-0.007408987,0.0041834981,0.00020
19910403,0.000900,0.0093562624,-0.00308712,0.0010116969,0.00020
19910404,0.003000,-0.001052182,-0.003386034,0.0008093652,0.00020
19910405,-0.009700,0.0063870096,0.0024142138,-0.000364685,0.00020
19910408,0.005900,-0.003834592,0.0017583148,4.5310269E-8,0.00020
19910409,-0.010900,0.0066632108,0.0033112473,-0.000241867,0.00020
19910410,-0.002000,-0.000093505,0.002507934,0.0027481874,0.00020
19910411,0.011700,-0.002500531,-0.002661418,-0.000541219,0.00020
19910412,0.006000,-0.002429108,-0.003990008,0.0034107578,0.00020
19910415,0.001700,-0.002896733,0.0001174676,0.000167055,0.00020
19910416,0.014400,-0.004787315,-0.002822531,-0.002080908,0.00020
19910417,0.007800,0.0012999337,0.0000308128,-0.008616065,0.00020
19910418,-0.005100,0.002887817,0.0064908496,-0.011340541,0.00020
19910419,-0.010400,0.0040973911,0.0075098033,-0.006860753,0.00020
19910422,-0.009800,-0.005966684,0.0005379947,0.0042681396,0.00020
19910423,0.001300,-0.002422995,0.0003137523,-0.001658019,0.00020
19910424,0.002700,-0.000218549,-0.000364159,-0.004254477,0.00020
19910425,-0.007900,0.0085348692,0.0023662354,0.0036099323,0.00020
19910426,-0.001400,-0.004864981,0.0023773655,0.001239035,0.00020
19910429,-0.013100,0.0040362614,0.0009299097,0.0034894781,0.00020
19910430,0.001800,-0.010484969,0.0032672211,-0.002883847,0.00020
19910501,0.012100,-0.002851134,-0.000446107,-0.002901847,0.00020
19910502,0.001300,0.0045807744,-0.002441002,0.0004222861,0.00020
19910503,0.000900,0.0026712452,0.001192414,-0.000419328,0.00020
19910506,-0.001800,-0.000266817,0.0008176409,-0.001299949,0.00020
19910507,-0.005400,0.0061113287,0.0012916906,0.0003604255,0.00020
19910508,0.002100,-0.000236505,0.0008481146,-0.000655615,0.00020
19910509,0.011600,-0.001658798,-0.006917793,0.0036158637,0.00020
19910510,-0.016700,0.0108207665,0.0030843962,0.0003169074,0.00020
19910513,0.001700,-0.00328332,-0.003210918,0.0032338078,0.00020
19910514,-0.012400,0.0016521374,-0.00019113,0.0013818804,0.00020
19910515,-0.010500,-0.007014191,0.0117140631,-0.006617433,0.00020
19910516,0.009400,-0.002877494,-0.001028905,0.0029718131,0.00020
19910517,-0.000300,-0.001107231,0.0043346885,-0.0011026,0.00020
19910520,-0.000400,-0.001249775,0.0033885034,0.0017203425,0.00020
19910521,0.007400,0.0006980455,-0.001594226,0.006333593,0.00020
19910522,0.002500,0.0031744594,-0.005966153,0.0019762869,0.00020
19910523,-0.001400,0.0041649045,-0.005315851,0.0012154008,0.00020
19910524,0.006300,-0.00209209,-0.001040868,-0.0042318,0.00020
19910528,0.010400,-0.003259465,-0.00389287,-0.003767355,0.00020
19910529,0.002500,0.004340986,0.0037382272,-0.003257202,0.00020
19910530,0.010100,-0.000832219,-0.001846113,-0.001424414,0.00020
19910531,0.006900,0.000316122,-0.002181173,-0.008742906,0.00020
19910603,-0.002900,0.0024957014,0.0031704582,-0.004957846,0.00020
19910604,-0.000500,0.0045328957,0.0014186661,-0.003309395,0.00020
19910605,-0.005600,0.0079708599,0.0034367316,-0.001228035,0.00020
19910606,-0.003800,0.002017039,0.0023358134,-0.003565349,0.00020
19910607,-0.009500,0.0037362155,0.0023986041,-0.000808326,0.00020
19910610,-0.002600,-0.002265559,-0.000295872,0.0021854914,0.00020
19910611,0.004400,-0.003955492,0.0006129721,0.0014170086,0.00020
19910612,-0.011100,0.001464283,8.9197964E-6,0.0022540625,0.00020
19910613,0.002100,-0.001297075,0.0005565049,0.0012132092,0.00020
19910614,0.010600,-0.002905842,-0.001766121,0.0002609708,0.00020
19910617,-0.004100,0.0025356674,0.0010135989,0.002521966,0.00020
19910618,-0.004000,0.0035089828,0.002797659,-0.001485028,0.00020
19910619,-0.009700,-0.001370948,0.0010584793,0.0019716929,0.00020
19910620,0.000100,-0.001252844,0.0020649657,0.0006191743,0.00020
19910621,0.004300,-0.004301656,-0.00127837,-0.000211901,0.00020
19910624,-0.017200,-0.000182086,0.0092696397,0.0011502733,0.00020
19910625,-0.002200,-0.003308469,-0.001251222,0.0056355127,0.00020
19910626,0.001100,-0.006024914,-0.000793352,0.0037882327,0.00020
19910627,0.007000,-0.003203498,0.0025988419,-0.001771354,0.00020
19910628,-0.006500,0.0068922075,-0.001198034,-0.00087763,0.00020
19910701,0.016200,-0.008436203,-0.004974231,0.0088418673,0.00020
19910702,-0.001200,-0.001450063,0.0029308087,0.0043850583,0.00020
19910703,-0.009800,0.0035099554,0.0009091264,0.0025486546,0.00020
19910705,0.001700,0.00067305,-0.000562913,0.0013977297,0.00020
19910708,0.008200,-0.003707184,-0.00840783,0.0047310212,0.00020
19910709,-0.001300,0.0087683274,-0.004712882,0.0029167843,0.00020
19910710,0.000100,0.0045588962,-0.00048388,0.0005051338,0.00020
19910711,0.003000,-0.001197221,-0.000608073,0.001978302,0.00020
19910712,0.007500,0.0011188607,-0.003147432,0.0016329166,0.00020
19910715,0.006000,0.0009778927,-0.002462545,-0.00029281,0.00020
19910716,-0.002100,0.0041031347,0.006645269,-0.004965228,0.00020
19910717,-0.000500,0.0031189675,-0.000803495,-0.002030582,0.00020
19910718,0.009000,-0.004558484,0.0008482446,-0.00415359,0.00020
19910719,-0.002400,0.0025541498,-0.002225582,0.0017925119,0.00020
19910722,-0.003700,-0.002035129,0.0036303338,0.0032900002,0.00020
19910723,-0.009100,-0.000204382,0.0060077435,-0.005533501,0.00020
19910724,-0.003000,-0.002167372,0.0032003148,-0.000633704,0.00020
19910725,0.005500,-0.002051568,-0.001360172,0.0014427014,0.00020
19910726,0.000600,-0.000905803,-0.001500619,0.0033238938,0.00020
19910729,0.004700,-0.005610401,-0.000923935,0.0047476232,0.00020
19910730,0.008600,-0.002935928,-0.003562766,0.0061391242,0.00020
19910731,0.003900,0.0041963838,-0.003490859,0.0020684151,0.00020
19910801,-0.001200,0.0040835386,-0.00379279,0.0006957534,0.00020
19910802,0.000900,0.0029964142,-0.004231261,0.0048204958,0.00020
19910805,-0.005300,0.0016685488,0.000566675,0.0006839189,0.00020
19910806,0.012200,-0.009168225,0.0021807147,0.0014401376,0.00020
19910807,0.000900,0.000853329,-0.001540342,0.0014627245,0.00020
19910808,-0.001600,0.0018116992,-0.003097513,-0.00097405,0.00020
19910809,-0.004300,0.0023729295,0.0013730986,0.0031200055,0.00020
19910812,0.002000,-0.001300827,-0.00068078,-0.004749773,0.00020
19910813,0.004200,0.0023289564,0.0016776804,-0.006177133,0.00020
19910814,0.002100,0.0012617153,-0.004745902,0.0004980851,0.00020
19910815,-0.001600,0.0001097798,0.0009840971,0.001644329,0.00020
19910816,-0.008500,0.0047066162,0.0035325026,0.0020087888,0.00020
19910819,-0.023800,-0.003770056,0.0031769448,0.0023590966,0.00020
19910820,0.007200,-0.001700167,-0.000079881,0.0023834149,0.00020
19910821,0.027600,-0.000214403,-0.010166641,0.003213168,0.00020
19910822,0.002000,0.0004216282,-0.000562201,0.0017005523,0.00020
19910823,0.006200,-0.000331471,0.0007515176,-0.004745802,0.00020
19910826,-0.000600,0.0040721862,-0.000999295,4.6783363E-8,0.00020
19910827,-0.001300,0.0033754518,-0.001454154,0.0038930725,0.00020
19910828,0.008500,-0.002766167,-0.000295722,-0.001708605,0.00020
19910829,-0.000200,0.0030043016,-0.002384507,0.002691522,0.00020
19910830,-0.001500,0.0042560683,-0.000792533,0.0012009104,0.00020
19910903,-0.008000,0.0030579814,0.0056711333,0.0010813906,0.00020
19910904,-0.005700,0.0015653988,0.0022612209,-0.001440597,0.00020
19910905,-0.002700,0.0023043164,0.0025315994,-0.00301891,0.00020
19910906,-0.000300,0.0004364018,0.0018120866,0.0010123686,0.00020
19910909,-0.001300,0.0039100548,0.0016644288,0.0008684688,0.00020
19910910,-0.010400,-0.000426429,0.0038091902,-0.000708274,0.00020
19910911,0.001800,-0.000692202,-0.004989965,-0.000111252,0.00020
19910912,0.006500,0.0012535343,-0.008525667,0.0020871785,0.00020
19910913,-0.009200,0.0059952297,0.0074962337,-0.002878229,0.00020
19910916,0.004200,-0.007548221,0.0040727439,0.0027906141,0.00020
19910917,-0.000500,0.0011401722,0.0005543463,0.0024218956,0.00020
19910918,0.003700,0.0002920264,-0.002937566,0.0024328917,0.00020
19910919,0.003200,0.0019180187,-0.002753385,0.0016971247,0.00020
19910920,0.002200,0.0032308121,-0.002577529,-0.000688493,0.00020
19910923,-0.004700,-0.00043196,-0.000547614,0.0014896641,0.00020
19910924,0.004400,-0.002314381,-0.005912994,-0.000498452,0.00020
19910925,-0.001700,0.0006019173,0.000627369,0.0030701645,0.00020
19910926,-0.000300,0.0021543288,0.0012984472,-0.003783424,0.00020
19910927,-0.002100,-0.001203486,-0.000617914,-0.000886733,0.00020
19910930,0.005400,0.0027153031,-0.000164081,-0.000998635,0.00020
19911001,0.002700,-0.001653703,0.0016956367,0.0057508475,0.00020
19911002,-0.002900,0.0006754894,0.0036908725,-0.001741365,0.00020
19911003,-0.009400,0.0012970284,0.0046059884,-0.002928384,0.00020
19911004,-0.006200,0.0062955493,0.0000317326,-0.000878075,0.00020
19911007,-0.006000,-0.000335796,0.0017263455,0.0033341588,0.00020
19911008,0.002600,-0.001304742,-0.001009494,0.00206057,0.00020
19911009,-0.008900,0.0045278642,0.0024515715,0.0012643343,0.00020
19911010,0.007300,-0.008798551,0.0036217333,-0.001257038,0.00020
19911011,0.002400,0.000936449,-0.002505993,-0.001214592,0.00020
19911014,0.012200,-0.00675068,-0.002955473,0.0011959212,0.00020
19911015,0.012300,0.00166363,-0.003283445,0.0047206268,0.00020
19911016,0.006400,0.006025446,-0.005200616,0.0048324254,0.00020
19911017,-0.002900,0.0048443982,0.003764886,-0.004969088,0.00020
19911018,0.001800,0.0008848294,0.0010238848,-0.000109458,0.00020
19911021,-0.006000,0.0030698774,-0.000073136,0.0010637893,0.00020
19911022,-0.004300,0.0015780094,0.0020972779,-0.001249719,0.00020
19911023,-0.000500,-0.001718963,0.0026096354,0.0047372424,0.00020
19911024,-0.008100,-0.002060928,0.005860911,-0.001886156,0.00020
19911025,-0.003000,-0.001122323,0.0019282516,-0.000916146,0.00020
19911028,0.011800,-0.007643676,-0.00051874,0.0049734637,0.00020
19911029,0.005700,0.0007642803,-0.001939168,0.0011860192,0.00020
19911030,0.005200,0.0016356559,9.4865759E-7,-0.002605711,0.00020
19911031,0.000900,0.0057191109,0.0008295104,0.0031101554,0.00020
19911101,-0.003100,0.0017458431,0.0035923881,0.0005630097,0.00020
19911104,-0.003400,-0.001672733,0.0027414597,0.003211877,0.00020
19911105,-0.002600,0.0055167434,-0.000839416,-0.000346443,0.00020
19911106,0.002700,-0.003841559,0.0002835682,-0.002252063,0.00020
19911107,0.009200,-0.0019208,-0.008385997,-0.000630071,0.00020
19911108,0.000100,0.002546201,-0.00187837,0.0035922076,0.00020
19911111,0.001500,0.0006683571,-0.002897567,0.0064248667,0.00020
19911112,0.008700,0.0003376492,-0.006130368,0.0071138206,0.00020
19911113,0.001200,-0.000333529,-0.001559042,0.000550525,0.00020
19911114,-0.001000,-0.000586547,-0.001138094,0.0028419797,0.00020
19911115,-0.035500,0.0082152407,0.0161462541,-0.005306029,0.00020
19911118,0.005000,-0.00835228,-0.009937469,0.005194911,0.00020
19911119,-0.015900,-0.004429072,0.0033282388,-0.002244552,0.00020
19911120,-0.001300,0.0051553511,-0.001228798,0.0047467172,0.00020
19911121,0.004300,-0.002201627,-0.002524793,0.005327183,0.00020
19911122,-0.009500,0.0043966274,-0.002954117,0.0048589112,0.00020
19911125,-0.003300,-0.005895685,-0.000797873,-0.0002926,0.00020
19911126,0.005000,-0.008766702,-0.001542768,-0.001751003,0.00020
19911127,-0.002200,0.0024487746,-0.001079639,0.007284174,0.00020
19911129,-0.001800,0.0046319711,-0.00450259,0.0027684966,0.00020
19911202,0.013800,-0.010016723,-0.006727033,0.0096653855,0.00020
19911203,0.000700,0.0031298512,-0.005404651,0.0090663376,0.00020
19911204,-0.001200,0.0032597192,-0.00243554,0.0078847145,0.00020
19911205,-0.005500,0.0042894809,-0.00387373,0.0054346193,0.00020
19911206,0.003700,-0.001577196,-0.003442711,0.0049162166,0.00020
19911209,-0.002300,0.0006106298,0.0011782812,0.0055793211,0.00020
19911210,-0.001200,-0.004623936,-0.003691518,0.0029603804,0.00020
19911211,-0.001900,-0.004955328,0.0040566385,0.0004324446,0.00020
19911212,0.009200,-0.002523501,0.0013127951,-0.003879467,0.00020
19911213,0.007200,0.0023810049,-0.00132996,0.001508767,0.00020
19911216,0.001600,0.0048302402,-0.005970115,0.0125230284,0.00020
19911217,-0.004900,-0.001579726,-0.001875871,0.0097434875,0.00020
19911218,0.001000,-0.003311588,0.0047307336,0.000663246,0.00020
19911219,-0.004000,-0.005473073,0.0098854423,-0.001502568,0.00020
19911220,0.010000,-0.01091527,0.0043043134,-0.001398488,0.00020
19911223,0.022800,-0.00570357,-0.002592936,-0.004466393,0.00020
19911224,0.008000,0.0045132219,0.0023579948,-0.001838735,0.00020
19911226,0.014300,0.0052541416,-0.006734417,0.003006962,0.00020
19911227,0.005800,0.0060273658,-0.004997991,0.004642961,0.00020
19911230,0.020400,0.000940921,-0.006109617,0.0058978069,0.00020
19911231,0.006200,0.005075399,0.001073976,-0.006072933,0.00020
19920102,-0.001000,0.0009111211,-0.00201195,-0.0118109,0.00020
19920103,0.005500,0.007373839,0.0003599264,-0.001652846,0.00020
19920106,-0.000100,0.0076232852,-0.003255843,-0.008419412,0.00020
19920107,0.000500,0.0040401747,-0.005289504,0.0046653981,0.00020
19920108,0.003800,0.0081092984,-0.008411645,0.0058837979,0.00020
19920109,0.002300,0.0101131911,-0.006221159,0.0059765721,0.00020
19920110,-0.006300,0.0019694862,0.0067759363,-0.006093439,0.00020
19920113,-0.001400,0.001001104,0.0002454522,-0.001376478,0.00020
19920114,0.013200,-0.002212459,-0.000665925,-0.004404228,0.00020
19920115,0.003100,0.0041081973,0.0007581777,-0.013640528,0.00020
19920116,-0.006200,0.0105679445,0.0075152505,-0.020401732,0.00020
19920117,0.000700,-0.002129408,0.00394526,-0.001704064,0.00020
19920120,-0.006600,0.0010025448,0.0064413424,-0.007868779,0.00020
19920121,-0.011500,-0.008252269,0.0154850762,-0.005336873,0.00020
19920122,0.013900,0.000853685,-0.011405211,0.0106394816,0.00020
19920123,-0.004400,0.0079142589,-0.00095864,0.0014771726,0.00020
19920124,0.001400,0.0024952462,-0.002546004,0.0048468046,0.00020
19920127,-0.001500,0.0033345153,0.0044386458,-0.008282128,0.00020
19920128,0.000000,-0.001832449,0.0063223075,-0.004054847,0.00020
19920129,-0.010200,0.0058073776,0.0012862114,0.004196726,0.00020
19920130,0.004300,0.0028916573,-0.006514662,0.0046338376,0.00020
19920131,-0.005200,0.0085691377,-0.004332403,0.0025844936,0.00020
19920203,0.002500,0.0015779232,-0.001733476,0.0011820514,0.00010
19920204,0.010100,-0.000964919,-0.001887871,0.0037858872,0.00010
19920205,0.002400,0.0072672853,-0.003177612,0.0076338045,0.00010
19920206,0.000400,0.0022149345,0.0000522307,-0.009203392,0.00010
19920207,-0.005900,0.0041118394,0.0022856187,0.0001628335,0.00010
19920210,0.004600,-0.001788812,0.0070932803,-0.005175668,0.00010
19920211,0.000200,0.0012368759,0.0024894429,-0.004008048,0.00010
19920212,0.008900,0.0003216986,-0.004891084,-0.00322918,0.00010
19920213,-0.008300,0.0042563457,0.0037558069,-0.001855154,0.00010
19920214,-0.002300,-0.000923101,0.005129227,-0.010288553,0.00010
19920218,-0.012000,0.0072354233,0.0121679298,-0.009701733,0.00010
19920219,-0.000100,-0.008578787,0.0014954401,-0.003328411,0.00010
19920220,0.012800,-0.003085562,-0.006647141,0.0037523764,0.00010
19920221,-0.005200,0.0009048525,0.0007431615,-0.001788607,0.00010
19920224,-0.000500,-0.005256001,0.0083243568,-0.000571802,0.00010
19920225,-0.004400,-0.002635637,0.002444616,0.0041905079,0.00010
19920226,0.011900,0.0013326449,-0.007988862,0.0064979942,0.00010
19920227,-0.001300,0.0071211583,-0.001132153,0.0013601829,0.00010
19920228,-0.002700,0.0022009695,0.00289121,-0.004757712,0.00010
19920302,0.000900,0.0003812436,0.0010855102,-0.001490495,0.00020
19920303,0.000300,0.0019707935,0.0049691272,-0.003649267,0.00020
19920304,-0.007400,0.0034602622,0.003584431,-0.004866688,0.00020
19920305,-0.008800,-0.00074884,0.0033421202,-0.001539322,0.00020
19920306,-0.005600,-0.001137766,0.0057095728,-0.004487071,0.00020
19920309,0.001500,-0.002493897,0.0000439572,-0.000139903,0.00020
19920310,0.005500,-0.000174918,-0.005867631,0.007017507,0.00020
19920311,-0.007300,0.0000364383,0.0093142767,-0.002148538,0.00020
19920312,-0.001300,-0.005032424,-0.001811613,0.0008906429,0.00020
19920313,0.004400,-0.004540861,0.0002509101,0.0008081501,0.00020
19920316,0.000400,-0.001487732,0.000126766,0.0015262247,0.00020
19920317,0.007400,-0.001476445,-0.005497288,0.0038640346,0.00020
19920318,-0.000200,0.006232399,0.005206239,-0.003321126,0.00020
19920319,0.001700,0.003857254,0.0015690386,-0.004104839,0.00020
19920320,0.001800,-0.003417897,0.0024902966,-0.004481868,0.00020
19920323,-0.002900,0.001543888,0.0012165496,0.003179176,0.00020
19920324,-0.002800,-0.001258843,0.002612607,0.0070190891,0.00020
19920325,-0.001500,0.0016181938,-0.00091812,-0.000389969,0.00020
19920326,-0.001100,-0.003679338,0.0062511982,-0.003403582,0.00020
19920327,-0.010900,0.000456816,0.0046512585,-0.001811535,0.00020
19920330,-0.002100,-0.001616783,0.0068179535,-0.003591109,0.00020
19920331,0.001200,0.00302471,0.000779867,0.0012394053,0.00020
19920401,0.000200,-0.006214512,0.0021066104,0.0069139594,0.00020
19920402,-0.010000,0.00156399,0.004734248,0.0000773132,0.00020
19920403,0.000000,-0.006247276,0.0022924786,0.00027788,0.00020
19920406,0.009100,-0.005068308,-0.00190636,-0.002071973,0.00020
19920407,-0.018300,0.0027307662,0.0123447775,-0.007321487,0.00020
19920408,-0.010800,-0.004352573,-0.002542131,0.0009490301,0.00020
19920409,0.016300,-0.001782794,-0.009753883,0.004879694,0.00020
19920410,0.007300,-0.003320232,0.0066082942,0.001005046,0.00020
19920413,0.004500,-0.002897122,-0.001640178,0.0050748195,0.00020
19920414,0.013900,-0.007062139,-0.00119535,0.0038128067,0.00020
19920415,0.008200,-0.002727581,-0.001951764,0.0034478071,0.00020
19920416,-0.003000,-0.004997432,0.0122683078,-0.013127171,0.00020
19920420,-0.015200,-0.001532197,0.0163406823,-0.012946776,0.00020
19920421,-0.001300,-0.004246609,0.0068052518,-0.005859787,0.00020
19920422,0.000000,-0.001088246,-0.000166313,-0.004059831,0.00020
19920423,0.002200,-0.002867221,0.0093796596,-0.008984636,0.00020
19920424,-0.005100,0.0057391299,0.0074716166,-0.001941575,0.00020
19920427,-0.002200,-0.002735467,0.0031649523,-0.002766864,0.00020
19920428,-0.000900,-0.007156111,0.0093342,-0.008343744,0.00020
19920429,0.007900,0.0005951918,-0.00688585,0.0059196923,0.00020
19920430,0.008800,0.003023861,-0.005044017,0.003549619,0.00020
19920501,-0.004500,0.0072685579,-0.004605901,0.0015360418,0.00010
19920504,0.010200,-0.005565276,-0.004926409,0.0051879539,0.00010
19920505,0.001600,0.0007097317,-0.006102679,0.0015909012,0.00010
19920506,0.000400,0.0009190991,-0.002819367,-0.004220748,0.00010
19920507,-0.001900,0.0033980373,0.0054349107,0.0004079704,0.00010
19920508,-0.000300,-0.003824306,0.002216321,-0.00345273,0.00010
19920511,0.005100,-0.001456291,0.0021850697,-0.000091571,0.00010
19920512,-0.005000,0.002918998,0.0024830387,-0.001120007,0.00010
19920513,-0.000500,-0.00134696,0.0052161648,-0.003756485,0.00010
19920514,-0.008100,0.0011606867,0.0090389379,-0.002430972,0.00010
19920515,-0.005900,0.0029730587,-0.00096897,0.0001498133,0.00010
19920518,0.005000,-0.002955335,-0.003736421,-0.000286465,0.00010
19920519,0.007200,-0.007361458,-0.000321913,-0.00004434,0.00010
19920520,-0.000600,0.0015668327,-0.001453212,-0.003974763,0.00010
19920521,-0.006300,0.0035819804,0.0052819042,-0.005069882,0.00010
19920522,0.002700,0.0021488018,-0.000311605,-0.00164439,0.00010
19920526,-0.007000,0.0045780907,0.0134288447,-0.006775496,0.00010
19920527,0.002100,-0.00280963,-0.00516291,0.0027869934,0.00010
19920528,0.008800,-0.004416831,-0.001167103,0.0100841912,0.00010
19920529,0.000100,0.0052853133,-0.00825438,0.0032016829,0.00010
19920601,0.004500,-0.00021822,-0.002634922,0.0012066594,0.00010
19920602,-0.006200,0.0053550272,0.0008051787,-0.00226998,0.00010
19920603,0.001400,0.0016313371,-0.003436716,-0.00851347,0.00010
19920604,-0.003400,0.0019301591,0.0023514939,-0.005056283,0.00010
19920605,-0.000800,-0.002367374,0.005570277,-0.00238696,0.00010
19920608,-0.001600,-0.002234712,0.006719322,-0.006676343,0.00010
19920609,-0.008600,0.0025075615,0.0080506091,-0.003213784,0.00010
19920610,-0.007200,-0.001932375,0.003877304,-0.006681227,0.00010
19920611,0.002000,-0.005302894,0.001862814,-0.000081881,0.00010
19920612,0.002500,-0.000552539,-0.004183011,0.0052967622,0.00010
19920615,-0.000200,-0.003735271,0.0011425209,-0.002164697,0.00010
19920616,-0.004900,-0.000589453,0.0042426045,-0.00371635,0.00010
19920617,-0.015500,-0.000220678,0.0100733964,0.0027648974,0.00010
19920618,-0.004300,-0.003571915,0.002443205,-0.001232925,0.00010
19920619,0.006500,-0.002228275,-0.004146257,0.0024503363,0.00010
19920622,-0.002700,-0.000572357,0.000367446,0.0076839065,0.00010
19920623,0.002900,0.0006764191,-0.004156153,-0.002208609,0.00010
19920624,-0.001300,-0.003576748,0.0065077968,-0.00666557,0.00010
19920625,-0.001700,-0.001932487,0.0044355203,-0.000150622,0.00010
19920626,0.000600,0.0006401114,-0.00147175,-0.000397347,0.00010
19920629,0.013500,-0.000963569,-0.011870476,0.003636989,0.00010
19920630,0.001400,0.0065787784,-0.007505499,0.002503689,0.00010
19920701,0.010500,-0.003391612,-0.000499655,0.006521553,0.00010
19920702,-0.003000,-0.001974553,0.0022933296,-0.000878517,0.00010
19920706,0.003800,-0.002830657,0.0019020554,0.0016525489,0.00010
19920707,-0.010400,0.0057197065,0.0081964376,-0.005284257,0.00010
19920708,0.001600,-0.004451283,-0.000734347,0.0034727268,0.00010
19920709,0.009600,-0.000763671,-0.002803015,-0.000838164,0.00010
19920710,0.001900,0.0022997085,0.0003952837,-0.000948578,0.00010
19920713,0.001600,0.0014285721,-0.002135958,0.0014119511,0.00010
19920714,0.006200,0.0001070606,0.0006353886,-0.002763864,0.00010
19920715,-0.001200,0.0020200567,-0.003409112,0.002229626,0.00010
19920716,0.000800,0.0013093687,-0.002290327,0.0015683577,0.00010
19920717,-0.005300,-0.001783288,0.0012931623,-0.000263042,0.00010
19920720,-0.004800,-0.003768542,-0.001015974,-0.000842565,0.00010
19920721,0.001700,0.0039144455,-0.000879076,0.0053562293,0.00010
19920722,-0.006800,0.0023558109,0.0073126666,-0.001347459,0.00010
19920723,0.002400,-0.001375729,-0.000609936,-0.000575251,0.00010
19920724,-0.000500,0.0022988879,-0.001379805,0.002839814,0.00010
19920727,0.000400,0.0020244889,-0.002236598,0.0025722302,0.00010
19920728,0.013100,-0.004053148,-0.002886967,0.0002479291,0.00010
19920729,0.010500,-0.003774866,-0.000781222,0.0030146308,0.00010
19920730,0.003700,0.0014580844,0.0027707421,-0.004133991,0.00010
19920731,0.001600,0.0017377891,-0.002240594,0.0037273222,0.00010
19920803,0.002400,0.0042218936,-0.001393614,0.0051836161,0.00010
19920804,-0.001100,0.001863037,0.0026464911,0.0047176174,0.00010
19920805,-0.005200,0.0006660605,0.0055216688,0.0010860272,0.00010
19920806,-0.003500,0.0002540268,-0.001266346,0.0024309849,0.00010
19920807,-0.002500,0.0015712302,-0.001909261,-0.000028078,0.00010
19920810,0.000100,-0.001899438,0.0031433073,-0.000655339,0.00010
19920811,-0.001400,-0.000338346,0.0012927151,0.0015957678,0.00010
19920812,-0.003100,-0.000182842,0.002310549,0.0008023166,0.00010
19920813,0.000400,-0.001530755,-0.001145219,0.0019181432,0.00010
19920814,0.004900,-0.000995087,-0.001989521,0.0004873977,0.00010
19920817,0.001900,-0.001305438,0.0002045909,0.001517962,0.00010
19920818,0.000900,-0.000663865,0.0017572567,0.0025546141,0.00010
19920819,-0.006600,0.0033453871,-0.000635307,0.0026355163,0.00010
19920820,-0.000500,-0.003674066,-0.001558597,0.0046688579,0.00010
19920821,-0.007600,0.0013441761,-0.000062526,0.0011814506,0.00010
19920824,-0.011500,0.002183222,0.0043889552,0.0040424213,0.00010
19920825,0.000500,-0.004154813,-0.001352907,0.0018133144,0.00010
19920826,0.004900,-0.001356373,-0.002213924,0.005726001,0.00010
19920827,0.002200,0.0022291947,-0.00272512,0.0006203956,0.00010
19920828,0.002300,-0.001011201,0.0003330672,-0.002895508,0.00010
19920831,-0.001300,0.0012999352,-0.000254343,-0.000196262,0.00010
19920901,0.004500,-0.00162356,-0.001104129,0.0038424439,0.00010
19920902,0.005200,0.0026181253,-0.004257024,-0.001942568,0.00010
19920903,0.001100,0.0022879855,-0.002225077,0.0023887354,0.00010
19920904,-0.002100,0.0013322395,0.0003320843,0.0022328797,0.00010
19920908,-0.005900,-0.000675202,0.0005838136,0.0069958127,0.00010
19920909,0.004100,-0.001890415,-0.005096133,0.0027741962,0.00010
19920910,0.008300,-0.002477042,-0.00512362,0.0006123832,0.00010
19920911,0.000400,0.0036606834,-0.002116593,0.0046117308,0.00010
19920914,0.013900,-0.001643006,-0.006984775,-0.001690656,0.00010
19920915,-0.011200,0.002765327,-0.000277009,-0.000616013,0.00010
19920916,-0.000800,-0.001879004,0.0037193638,0.0033740313,0.00010
19920917,0.000100,0.0009825197,0.002368059,0.0005509169,0.00010
19920918,0.005200,-0.003778641,0.0024441529,-0.00215507,0.00010
19920921,-0.001100,0.0010925474,0.000810076,0.0003754585,0.00010
19920922,-0.010400,0.0057833955,0.007069746,-0.003121381,0.00010
19920923,-0.000300,-0.000427726,-0.002016819,0.000832997,0.00010
19920924,0.003700,-0.003446647,-0.000303168,-0.002141647,0.00010
19920925,-0.010300,-0.000622587,0.0098424234,-0.009197484,0.00010
19920928,0.003100,-0.004749309,0.0045971551,-0.000012271,0.00010
19920929,0.001000,0.0003419991,-0.000871845,0.0032510828,0.00010
19920930,0.003800,0.0026058007,-0.004100765,-0.000090586,0.00010
19921001,-0.004400,-0.003188178,0.0043617119,-0.000132574,0.00010
19921002,-0.012800,0.0038023872,0.0069467282,0.0025936755,0.00010
19921005,-0.008200,-0.004648859,0.0000809407,0.0068620501,0.00010
19921006,0.001600,0.0050416682,-0.002180073,0.0025028417,0.00010
19921007,-0.005500,0.0042852081,0.000840642,0.0040731246,0.00010
19921008,0.008100,-0.002942679,-0.003115445,0.0041897221,0.00010
19921009,-0.010600,0.0047512941,0.0022038055,0.0004519296,0.00010
19921012,0.009400,-0.006353729,-0.001503697,-0.000755502,0.00010
19921013,0.004800,-0.000598648,-0.003079673,0.003613466,0.00010
19921014,0.000200,0.0023219331,-0.004405704,0.0043605483,0.00010
19921015,0.000900,0.0003497819,-0.006018075,0.0028860013,0.00010
19921016,0.004500,-0.004553595,-0.008117229,0.000669106,0.00010
19921019,0.009200,0.0012068971,-0.012722915,0.0030076002,0.00010
19921020,0.001600,0.0064759283,-0.002944148,-0.003788139,0.00010
19921021,0.001700,0.0035259888,0.0004863742,-0.001299254,0.00010
19921022,-0.001700,0.0026185562,-0.001708061,-0.001003875,0.00010
19921023,-0.001300,0.00345452,0.0001730469,-0.007696184,0.00010
19921026,0.008200,-0.004750355,-0.000233252,-0.003715834,0.00010
19921027,0.000300,-0.002737922,0.0036864019,-0.002298381,0.00010
19921028,0.004800,0.0013604555,-0.002639229,0.0015159971,0.00010
19921029,0.002800,0.0021733164,-0.003521997,0.0053946813,0.00010
19921030,-0.003200,0.008275344,-0.001150471,-0.001734375,0.00010
19921102,0.007900,-0.003084256,-0.00403835,-0.002212947,0.00010
19921103,-0.005000,0.0049640482,-0.00117334,-0.004172345,0.00010
19921104,-0.004700,0.0002600559,-0.000346252,-0.004381897,0.00010
19921105,0.004400,0.0063663149,-0.0066434,-0.003920113,0.00010
19921106,0.000300,0.0058988068,-0.005393375,-0.001955959,0.00010
19921109,0.003500,0.0034568618,-0.002882197,-0.001160981,0.00010
19921110,0.001700,0.0054492311,-0.001873572,0.004233008,0.00010
19921111,0.008700,0.0002848868,-0.008015534,0.0064377694,0.00010
19921112,0.000800,-0.002440229,0.0033376721,-0.002697645,0.00010
19921113,0.000000,0.0015707591,0.0002285883,0.0004339401,0.00010
19921116,-0.003300,0.0013994616,-0.00557877,0.0024115968,0.00010
19921117,-0.004000,-0.003335884,0.0057827933,-0.000328188,0.00010
19921118,0.008100,-0.001165866,-0.003510203,0.0024493458,0.00010
19921119,0.002300,0.0014837635,-0.004220411,0.0048107787,0.00010
19921120,0.006800,-0.001615501,-0.002746599,0.0021310051,0.00010
19921123,-0.002800,-0.000992048,0.002007628,-0.002626742,0.00010
19921124,0.006000,0.000394833,-0.00049803,0.0026954664,0.00010
19921125,0.004100,0.0015430799,0.0024345399,-0.004531694,0.00010
19921127,0.002400,-0.000423687,-0.001077367,-0.001823,0.00010
19921130,0.003400,0.0029757785,-0.001771754,-0.006273086,0.00010
19921201,-0.000600,0.0027069304,0.0019783867,0.0014402868,0.00010
19921202,-0.002100,0.0038464497,0.0000633185,-0.005479544,0.00010
19921203,0.000500,0.0037427667,-0.00070775,0.0012652318,0.00010
19921204,0.005100,0.002364117,0.000330313,0.0015593871,0.00010
19921207,0.006400,-0.00019699,-0.000389953,0.0048637702,0.00010
19921208,0.003200,-0.001862981,0.0023341695,-0.000589373,0.00010
19921209,-0.002900,-0.001839317,0.0030425888,-0.002090951,0.00010
19921210,-0.003200,-0.003355896,0.0056062943,-0.002627304,0.00010
19921211,-0.001600,0.0012851523,0.0022716001,-0.00120501,0.00010
19921214,-0.001700,0.001852742,0.0010959748,0.0007719335,0.00010
19921215,-0.001800,-0.001937927,0.0021368496,-0.002868318,0.00010
19921216,-0.003700,-0.001657244,0.0003347506,-0.001957849,0.00010
19921217,0.008800,-0.002062004,-0.003638754,0.0082696141,0.00010
19921218,0.011000,-0.006399298,-0.001783468,0.0006909284,0.00010
19921221,-0.000800,-0.002800741,0.0023770907,0.0028087879,0.00010
19921222,-0.000600,-0.000576496,0.00549314,-0.003710606,0.00010
19921223,-0.001500,0.0002429735,-0.003676375,-0.001433225,0.00010
19921224,0.001900,0.0032589756,-0.001461939,-0.001473116,0.00010
19921228,-0.000600,-0.000233067,0.0007387494,0.0011077032,0.00010
19921229,-0.000500,0.0026351357,-0.006450212,-0.002479717,0.00010
19921230,0.002000,0.00115795,0.0001589496,-0.0019962,0.00010
19921231,-0.001800,0.0134919834,-0.00290922,-0.005711456,0.00010
19930104,-0.003000,-0.002683577,0.0057773262,-0.0087127,0.00010
19930105,-0.001900,0.0029718462,-0.0030529,-0.001220726,0.00010
19930106,0.001400,0.0046357168,-0.000132016,-0.001231732,0.00010
19930107,-0.007700,0.0061466606,0.0027495539,-0.000956032,0.00010
19930108,-0.004000,0.0009094212,0.0005374693,-0.001893132,0.00010
19930111,0.004100,0.0025603086,-0.000721175,-0.001825941,0.00010
19930112,0.000000,-0.002600096,0.0016830577,-0.003113941,0.00010
19930113,0.005000,0.0015684418,-0.003205018,0.0054958744,0.00010
19930114,0.007300,0.0047825497,-0.007148572,0.0009584027,0.00010
19930115,0.003600,0.0022789568,-0.000340717,-0.002286893,0.00010
19930118,0.000100,-0.0001958,0.0050373559,-0.002337325,0.00010
19930119,-0.002700,0.0021542584,0.0040865241,-0.007676464,0.00010
19930120,-0.002700,0.0058765425,-0.001509287,0.002992952,0.00010
19930121,0.004300,-0.002655913,-0.002932852,-0.000493124,0.00010
19930122,0.002500,0.0037628905,-0.000780517,0.0002816519,0.00010
19930125,0.007400,0.0029348323,0.0055421949,0.0018503204,0.00010
19930126,0.000200,-0.001271435,0.007388243,0.000336048,0.00010
19930127,-0.005400,-0.002692369,0.0046422175,-0.003642158,0.00010
19930128,-0.000200,-0.00527788,0.0035526302,-0.004011976,0.00010
19930129,0.001100,0.0029840454,-0.00048747,0.0018270309,0.00010
19930201,0.008400,-0.006627454,0.0017653837,-0.00104638,0.00010
19930202,0.001400,0.0010669036,-0.000293541,-0.000419835,0.00010
19930203,0.009500,-0.001112367,0.0022714735,0.0038549878,0.00010
19930204,0.005500,-0.002197168,0.0068457681,-0.009441728,0.00010
19930205,-0.003300,-0.001174539,0.0084746507,-0.00509132,0.00010
19930208,-0.002100,0.0044737929,0.0081211657,-0.005351583,0.00010
19930209,-0.006600,0.0011948801,0.0042022778,-0.003317369,0.00010
19930210,0.002000,-0.00359767,-0.004476425,0.0014832767,0.00010
19930211,0.003000,0.0003616978,0.0010533682,-0.000951019,0.00010
19930212,-0.006100,0.0033001254,0.0014162985,-0.000905008,0.00010
19930216,-0.027000,-0.002388389,0.0164621104,-0.008512862,0.00010
19930217,-0.004200,-0.007383175,0.0052758336,-0.00852286,0.00010
19930218,-0.001700,0.0058236478,-0.007515711,0.0084880239,0.00010
19930219,0.004100,-0.001446027,0.0122286945,-0.007780399,0.00010
19930222,-0.001600,-0.010939865,0.0159023378,-0.008774433,0.00010
19930223,-0.000600,0.000848457,0.000116589,0.0026310107,0.00010
19930224,0.014200,-0.006163814,-0.014701318,0.009848211,0.00010
19930225,0.004200,0.0005205933,-0.003963213,-0.000781185,0.00010
19930226,0.002900,0.0023698854,-0.000576101,0.0019912921,0.00010
19930301,-0.001400,0.0016242928,-0.003062163,0.0009473882,0.00010
19930302,0.011800,-0.004461929,-0.005533875,0.0032974811,0.00010
19930303,0.004900,-0.000408002,-0.005175575,0.0010924627,0.00010
19930304,-0.004100,0.0033076693,0.0062262186,-0.000283534,0.00010
19930305,-0.001700,0.0040608287,-0.001619305,-0.001897892,0.00010
19930308,0.015700,-0.008658554,-0.002562354,0.0049062164,0.00010
19930309,0.000900,0.0044560542,0.0005546247,-0.001734058,0.00010
19930310,0.004900,0.0010727267,-0.000144209,0.0014410023,0.00010
19930311,-0.003700,0.0074436445,-0.00166282,0.0015050257,0.00010
19930312,-0.007200,0.0059684941,-0.002750751,0.0030964649,0.00010
19930315,0.003100,0.0007221922,-0.000183425,-0.000308352,0.00010
19930316,-0.000500,-0.002691327,0.0039859373,0.0001558551,0.00010
19930317,-0.007300,0.0012857294,0.006447407,-0.006353034,0.00010
19930318,0.006500,-0.003629131,0.0041733359,-0.004485259,0.00010
19930319,-0.004900,-0.000551962,0.010256236,-0.006431836,0.00010
19930322,-0.004200,-0.003341041,0.0044198908,-0.005099095,0.00010
19930323,-0.000600,-0.000316699,0.0038184908,0.0005374266,0.00010
19930324,-0.001600,-0.002713102,0.0005380033,0.0050152195,0.00010
19930325,0.006700,0.000032496,-0.007703525,0.0034112132,0.00010
19930326,-0.003800,0.0066254262,-0.000639755,-0.002465255,0.00010
19930329,0.004400,-0.004992068,0.0004990186,0.0015554991,0.00010
19930330,0.003900,-0.000780593,0.0005195174,0.0069137022,0.00010
19930331,0.001500,0.0040997772,-0.003786776,0.0002537135,0.00010
19930401,-0.003700,-0.000532079,0.004727447,-0.004933958,0.00010
19930402,-0.020100,-0.000349465,0.0058674649,-0.002310975,0.00010
19930405,0.001200,-0.001785229,0.0057310277,-0.002073042,0.00010
19930406,-0.004300,-0.004508547,0.012856144,-0.008391303,0.00010
19930407,0.003100,0.0006125151,-0.000399627,-0.003263497,0.00010
19930408,-0.002200,-0.000235298,0.0015273739,0.0002035047,0.00010
19930412,0.012800,-0.0095974,-0.000224343,0.0053962095,0.00010
19930413,0.003300,0.0014202281,0.0027810495,-0.002423945,0.00010
19930414,-0.000600,0.0006071603,0.0070260975,-0.006331825,0.00010
19930415,-0.001600,-0.001933332,0.0066269179,-0.000832798,0.00010
19930416,-0.000100,-0.002550136,0.012947351,-0.009725911,0.00010
19930419,-0.003700,0.0026877541,-0.00166329,-0.000811706,0.00010
19930420,-0.005200,0.0026494378,-0.000476964,0.0023271424,0.00010
19930421,-0.001700,0.0031223673,-0.01294905,0.0027495235,0.00010
19930422,-0.007400,0.0095994713,-0.002769841,-0.004021254,0.00010
19930423,-0.005900,0.0001333092,-0.000380444,-0.00379943,0.00010
19930426,-0.010300,-0.001047377,0.0083336139,0.0047073751,0.00010
19930427,0.009100,-0.006972657,-0.011612108,0.0009592266,0.00010
19930428,0.001300,0.0035512304,-0.004773264,-0.002276105,0.00010
19930429,0.001900,-0.001624332,0.0040378954,0.0023458079,0.00010
19930430,0.003800,0.0031158579,-0.001272519,0.0000696904,0.00010
19930503,0.005600,-0.000161097,-0.001771151,0.0012036585,0.00010
19930504,0.005800,0.0045692475,-0.010933721,0.0041487033,0.00010
19930505,0.003100,0.0022701307,-0.005194126,0.0084003018,0.00010
19930506,-0.003100,0.0031145587,0.000720417,-0.002963639,0.00010
19930507,-0.001400,0.0018797626,-0.000664841,0.0013510674,0.00010
19930510,0.002000,0.0012551108,-0.000887373,0.0006226292,0.00010
19930511,0.003300,-0.001223271,0.0002121442,-0.003421307,0.00010
19930512,0.000000,0.000153267,-0.000713335,-0.00567618,0.00010
19930513,-0.011500,0.0103093731,0.0057033562,-0.000671988,0.00010
19930514,-0.000300,0.0011552805,-0.005229516,0.0085742688,0.00010
19930517,0.001500,-0.00265046,0.0030546323,0.0072940013,0.00010
19930518,0.000600,0.0020947221,-0.003775157,0.0024767321,0.00010
19930519,0.014600,-0.013603984,-0.008753217,0.0093930047,0.00010
19930520,0.006800,-0.001156095,-0.005233573,0.0043906944,0.00010
19930521,-0.008100,0.0082192102,0.0044732373,-0.000733776,0.00010
19930524,0.002900,-0.002893369,-0.000788197,-0.000906155,0.00010
19930525,0.002600,-0.000995825,0.0009479329,-0.006073564,0.00010
19930526,0.010000,-0.005016453,-0.000625472,-0.002375312,0.00010
19930527,-0.001600,0.003120801,0.0050916203,-0.004819041,0.00010
19930528,-0.004000,0.0029826707,0.000481267,0.0001208591,0.00010
19930601,0.007500,-0.006747462,0.001201648,0.0008666592,0.00010
19930602,0.000500,-0.000146478,-0.002932035,-0.00114306,0.00010
19930603,-0.002100,0.0042481028,0.0045045089,-0.003040073,0.00010
19930604,-0.005800,0.0028675187,0.0053790701,-0.004756198,0.00010
19930607,-0.006900,0.000989648,0.0085967206,0.0021171957,0.00010
19930608,-0.007600,-0.001471501,0.0033656343,-0.001634884,0.00010
19930609,0.002600,0.000194831,0.0000343269,-0.001471694,0.00010
19930610,-0.001300,-0.002806588,-0.001435544,0.0024473236,0.00010
19930611,0.003900,-0.002021465,-0.00642268,0.0014303654,0.00010
19930614,0.001300,0.0019141536,-0.000368086,0.0023636152,0.00010
19930615,-0.001600,0.0027533905,-0.001690515,-0.002296142,0.00010
19930616,0.001600,-0.002348407,0.0076636693,0.0018188255,0.00010
19930617,0.002200,-0.002133161,0.0042585085,-0.004337071,0.00010
19930618,-0.009200,0.0038587181,0.0022701074,-0.007500247,0.00010
19930621,0.003700,-0.007739688,0.0024324266,-0.005011864,0.00010
19930622,-0.001000,-0.000719298,0.0065403238,-0.00367298,0.00010
19930623,-0.004400,0.0009693952,-0.007339905,0.0007165019,0.00010
19930624,0.006800,-0.006373059,-0.00434188,-0.000660719,0.00010
19930625,0.003400,0.0021892156,-0.00349218,0.0060950861,0.00010
19930628,0.010600,-0.005100319,-0.004324686,-0.003394623,0.00010
19930629,-0.002200,0.0047931275,0.0027441113,0.0024499885,0.00010
19930630,0.001300,0.0011253492,-0.000352397,-0.005288962,0.00010
19930701,-0.002200,0.0050267405,0.0014214653,-0.006752044,0.00010
19930702,-0.004800,0.0038543536,-0.002078712,0.0032190737,0.00010
19930706,-0.007900,0.0058222048,0.0047552295,-0.006838552,0.00010
19930707,0.001300,-0.00352768,0.0063254754,-0.005387995,0.00010
19930708,0.010300,-0.007379474,-0.000280844,-0.001008896,0.00010
19930709,0.000500,0.0029981506,-0.00072503,0.0020921,0.00010
19930712,0.001600,0.0009726443,0.0018353452,0.0034895811,0.00010
19930713,-0.000600,0.0053288065,0.000178159,0.003673445,0.00010
19930714,0.004300,0.0017081224,0.0006131785,0.0057236314,0.00010
19930715,-0.001900,-0.000389591,0.0022952796,-0.006394027,0.00010
19930716,-0.007200,-0.000156264,0.004764265,-0.008668353,0.00010
19930719,-0.001300,-0.004611778,0.0097844504,-0.00421258,0.00010
19930720,0.002700,-0.001234241,0.0021131777,0.0057922125,0.00010
19930721,-0.001000,-0.00271945,0.0031021916,-0.001369371,0.00010
19930722,-0.005700,-0.000247437,0.004764978,-0.00052011,0.00010
19930723,0.004700,-0.001391317,-0.002581813,0.0049039628,0.00010
19930726,0.005400,-0.002133518,-0.000585453,-0.001411607,0.00010
19930727,-0.002400,0.0005403598,0.0062172121,-0.00205222,0.00010
19930728,-0.000700,0.0043170108,-0.005975451,7.1869248E-6,0.00010
19930729,0.005400,-0.005806943,-0.003015698,-0.005013184,0.00010
19930730,-0.003800,0.0041989811,0.0051150731,-0.003147291,0.00010
19930802,0.004000,0.0010618822,-0.003207792,0.003044977,0.00010
19930803,-0.000300,0.0038724005,0.0003515804,0.0027086742,0.00010
19930804,-0.000100,0.003824799,-0.003104249,0.0016401693,0.00010
19930805,-0.000700,-0.002199321,-0.003607302,0.0047057201,0.00010
19930806,0.001500,0.0042201524,0.0007210486,0.003757048,0.00010
19930809,0.004600,-0.005080464,0.0008261607,0.0002273291,0.00010
19930810,-0.001600,0.0030451074,0.0039862502,-0.005777982,0.00010
19930811,0.001500,-0.000343464,-0.001023538,-0.000031454,0.00010
19930812,-0.003000,0.0035497227,0.0007595761,0.0004538703,0.00010
19930813,0.001700,-0.000410575,0.0010879528,-0.000499636,0.00010
19930816,0.005000,-0.001750587,-0.000837469,0.0040845216,0.00010
19930817,0.003100,0.0006482883,-0.003178454,0.0048345706,0.00010
19930818,0.005700,0.001480907,0.0002485443,0.00538682,0.00010
19930819,0.000100,-0.00057986,0.0027992985,0.0000633662,0.00010
19930820,0.000000,0.0029435493,-0.00073021,-0.001938706,0.00010
19930823,-0.001400,0.0035699604,0.0013116781,-0.002412682,0.00010
19930824,0.008800,-0.00412074,-0.0002136,-0.002999196,0.00010
19930825,0.000400,-0.000281276,0.0047566114,-0.007302936,0.00010
19930826,0.000700,-0.003940045,0.0049787776,-0.00153283,0.00010
19930827,-0.000800,-0.000217621,-0.00341098,0.0011219108,0.00010
19930830,0.002900,-0.000828471,-0.001957799,0.0035588597,0.00010
19930831,0.004400,0.0014626629,0.0003334786,-0.000748293,0.00010
19930901,0.000300,0.0013281091,-0.001604444,0.0035619911,0.00010
19930902,-0.002100,0.0054091332,-0.001904251,0.0064068739,0.00010
19930903,0.000600,0.0004637821,0.0024957299,-0.005008972,0.00010
19930907,-0.007500,-0.002087245,0.0078361018,-0.004147701,0.00010
19930908,-0.006600,-0.008583672,0.0048902735,-0.005297317,0.00010
19930909,0.003700,0.0033703266,-0.006814078,0.0038592073,0.00010
19930910,0.008700,-0.002241032,-0.002581067,0.0012710817,0.00010
19930913,0.000100,-0.004076291,0.0074504983,-0.002651916,0.00010
19930914,-0.005700,-0.001222939,0.0075818733,0.0015530742,0.00010
19930915,0.003400,-0.002180741,-0.002128326,0.0070931951,0.00010
19930916,-0.002600,0.0037194984,-0.005825962,0.0001819938,0.00010
19930917,-0.000900,0.0002908174,-0.003804154,0.0025779394,0.00010
19930920,-0.005800,0.0075757069,-0.000181414,0.0016855761,0.00010
19930921,-0.006100,0.0009223935,0.0037812905,0.0049077926,0.00010
19930922,0.008400,-0.000828645,-0.009310179,0.0099901817,0.00010
19930923,0.004700,0.0007638936,-0.01309387,0.0066031596,0.00010
19930924,0.000700,0.0027799763,0.0022166867,-0.000670991,0.00010
19930927,0.007900,-0.004423727,-0.002355566,0.0015099396,0.00010
19930928,0.000600,0.003436895,0.0012570897,0.0010599001,0.00010
19930929,-0.001900,0.0053419507,0.0072660364,-0.000786255,0.00010
19930930,-0.001000,0.0089742509,0.0001894374,-0.005780954,0.00010
19931001,0.003300,-0.002771067,0.0003137487,-0.004440441,0.00010
19931004,0.000500,0.0013436099,-0.001953923,-0.000616515,0.00010
19931005,-0.000600,0.0002202784,-0.003615645,-0.00166156,0.00010
19931006,-0.000500,0.0057823345,-0.002009034,-0.00361509,0.00010
19931007,-0.003100,0.0016214067,-0.000138053,-0.002572264,0.00010
19931008,0.001500,-0.000456169,0.0011596983,-0.000685921,0.00010
19931011,0.001900,0.0031433818,0.0002766298,0.004395254,0.00010
19931012,0.002300,0.0042641029,-0.002794548,0.0038635858,0.00010
19931013,0.002000,-0.001345469,-0.002615188,-0.005947509,0.00010
19931014,0.009000,-0.010598352,-0.002002388,0.0060808791,0.00010
19931015,0.004700,-0.000230549,-0.002065885,0.0026911027,0.00010
19931018,-0.003200,0.0030485322,0.0037304803,0.0050264907,0.00010
19931019,-0.007900,-0.004582006,0.0080337822,-0.006161825,0.00010
19931020,-0.001300,-0.000040034,0.0031808549,-0.00368877,0.00010
19931021,-0.000700,0.0024340662,-0.001428226,0.0026160597,0.00010
19931022,-0.002600,0.0050731241,-0.000626182,-0.003192476,0.00010
19931025,0.000300,0.0010712186,0.0047699503,4.5783191E-6,0.00010
19931026,-0.001600,-0.002378053,0.0036481815,-0.002803387,0.00010
19931027,0.002500,0.0013880221,-0.002368969,0.0088188768,0.00010
19931028,0.005300,-0.004961436,0.001956264,-0.001327053,0.00010
19931029,0.002500,0.0081975593,-0.003951738,0.0020048703,0.00010
19931101,0.002800,-0.002099462,-0.004934481,0.0020403783,0.00010
19931102,-0.000900,0.0059922369,-0.00423958,0.0011442562,0.00010
19931103,-0.012600,0.0059210873,0.0021659125,-0.001546567,0.00010
19931104,-0.013500,-0.000491614,0.0054524821,-0.002217094,0.00010
19931105,0.004600,-0.003435738,-0.000475667,-0.001558049,0.00010
19931108,0.002700,0.0033979593,-0.008537752,0.0022926329,0.00010
19931109,0.001800,0.0049968922,-0.004919527,0.001813553,0.00010
19931110,0.006500,0.0010740214,-0.007633882,0.0055839237,0.00010
19931111,-0.000700,0.0026364012,0.0006507558,0.0011385811,0.00010
19931112,0.004600,-0.001503907,0.0000836112,-0.002695201,0.00010
19931115,-0.004200,-0.002273444,0.000191932,-0.000111113,0.00010
19931116,0.003800,-0.007540523,0.0002000895,0.0002247173,0.00010
19931117,-0.005500,0.0013985091,0.0062893383,-0.005908578,0.00010
19931118,-0.003900,-0.002574326,0.0019648818,-0.002999165,0.00010
19931119,-0.003000,0.0011903681,0.0016898248,-0.001478899,0.00010
19931122,-0.010800,-0.003582822,0.0133874131,-0.005282664,0.00010
19931123,0.005400,-0.004723972,-0.004392487,0.0026668856,0.00010
19931124,0.004900,0.000146773,-0.004474617,0.0000839763,0.00010
19931126,0.002500,-0.003465,-0.005847572,0.0005152505,0.00010
19931129,-0.001900,-0.001469288,0.003259041,-0.000809145,0.00010
19931130,-0.000800,0.0031675238,0.0028006402,0.0018121615,0.00010
19931201,0.003200,0.0069219873,-0.009282282,0.005108745,0.00010
19931202,0.002300,0.0005569615,-0.000481573,0.0001510691,0.00010
19931203,0.004000,-0.001161441,-0.002146241,0.0020943243,0.00010
19931206,0.002900,-0.001711771,-0.000596595,-0.000814107,0.00010
19931207,0.000200,0.0015927806,0.0029099706,-0.001672521,0.00010
19931208,-0.000700,0.0031121984,0.002958088,-0.004044704,0.00010
19931209,-0.004300,-0.000496046,0.0039237987,-0.00230962,0.00010
19931210,-0.000600,-0.003534187,0.0026937796,-0.003296942,0.00010
19931213,0.001900,-0.0048356,0.0051100081,0.0021597327,0.00010
19931214,-0.006000,-0.003524588,0.0044323295,-0.000805597,0.00010
19931215,-0.002100,0.0004703889,-0.001797713,0.0040636362,0.00010
19931216,0.002400,0.0012636517,-0.002081219,-0.001253059,0.00010
19931217,0.006500,0.0009297324,0.0030487468,-0.000849231,0.00010
19931220,-0.000800,0.0001461064,0.0015393799,0.0029145603,0.00010
19931221,-0.002400,-0.005084063,0.004593862,0.0022862193,0.00010
19931222,0.002900,-0.00440822,0.0024319429,0.0015296259,0.00010
19931223,0.001400,0.0041160669,-0.001368559,0.0008395136,0.00010
19931227,0.005800,-0.001120582,0.0018882552,0.0012925895,0.00010
19931228,0.002300,0.0030982554,-0.006684841,0.0029782647,0.00010
19931229,0.001000,0.0076776509,-0.001884449,0.0035555687,0.00010
19931230,-0.002500,0.0059763176,-0.000649909,0.0043000001,0.00010
19931231,-0.000900,0.011776376,-0.0059251,0.0014964437,0.00010
19940103,-0.004400,-0.00067873,0.0057160528,-0.008021311,0.00010
19940104,0.002400,0.0011168801,-0.000090536,-0.005139699,0.00010
19940105,0.002100,0.0041899063,-0.003890817,0.0023363271,0.00010
19940106,-0.000700,-0.000257347,0.0018813093,-0.003751582,0.00010
19940107,0.004800,-0.003850035,0.0012559489,-0.003842304,0.00010
19940110,0.008800,-0.00810932,0.0007545123,-0.000128775,0.00010
19940111,-0.001600,0.0002684754,-0.003619984,0.0020827176,0.00010
19940112,0.000300,0.0023500607,-0.00382078,0.0025987839,0.00010
19940113,-0.001700,0.0017527709,-0.00195281,-0.000099841,0.00010
19940114,0.004700,-0.006108389,-0.002053539,0.000206537,0.00010
19940117,-0.002500,0.0049924435,0.0005339205,7.659081E-6,0.00010
19940118,0.001000,0.000377581,0.0031932218,-0.000729177,0.00010
19940119,-0.000800,-0.000592417,0.0017680548,-0.000431303,0.00010
19940120,0.002100,0.0016147346,0.0000888696,0.0008411729,0.00010
19940121,-0.000500,0.0005228511,-0.000602689,0.0006829673,0.00010
19940124,-0.004700,0.0017670273,0.004218094,-0.001778951,0.00010
19940125,-0.002600,-0.000619205,0.0006587567,0.0018596109,0.00010
19940126,0.004100,-0.002702148,-0.002598901,-0.000958582,0.00010
19940127,0.007800,-0.009472846,-0.004485216,-0.004821468,0.00010
19940128,0.004200,0.0029636872,-0.003436598,-0.000791011,0.00010
19940131,0.005600,-0.000703551,0.0039968115,-0.004772367,0.00010
19940201,-0.002800,0.0032858694,-0.002895471,0.0019960778,0.00010
19940202,0.004300,0.002131359,-0.003199003,0.0001181704,0.00010
19940203,-0.002100,0.0020699516,-0.000906364,0.0028075162,0.00010
19940204,-0.023200,0.0042399484,0.0115450707,-5.859274E-6,0.00010
19940207,0.003300,-0.006901722,0.0006002521,0.0034365114,0.00010
19940208,0.000500,0.0069433993,-0.003443902,0.0010503441,0.00010
19940209,0.004400,0.0027250517,-0.002348104,0.0014573354,0.00010
19940210,-0.006700,0.0077480192,-0.001271908,0.0025202811,0.00010
19940211,0.000200,-0.004400327,0.004704194,0.0016264559,0.00010
19940214,0.001100,-0.000964007,0.0003435771,0.0002159824,0.00010
19940215,0.004700,-0.000692744,0.0003088665,0.0067434901,0.00010
19940216,0.000500,0.0050635446,0.000863903,0.0007740081,0.00010
19940217,-0.004600,0.002241501,-0.000148352,0.000585755,0.00010
19940218,-0.004800,0.0024369897,-0.000149855,0.0029066186,0.00010
19940222,0.006300,-0.005045409,-0.003308805,0.0017022161,0.00010
19940223,-0.001400,0.0031369388,-0.004861668,0.0013317047,0.00010
19940224,-0.012500,0.0020302583,0.0045246351,0.000889228,0.00010
19940225,0.003600,-0.002720074,-0.004440558,0.0004517774,0.00010
19940228,0.003700,0.0061437805,-0.007648227,0.0009732409,0.00010
19940301,-0.005200,0.0006634621,0.0015862951,0.0014886057,0.00010
19940302,-0.001300,-0.005316125,0.0047620345,0.0021443774,0.00010
19940303,-0.002400,0.0046958592,-0.003175553,0.004224482,0.00010
19940304,0.004600,-0.001715343,-0.006395462,0.0015450587,0.00010
19940307,0.005600,0.0021117071,-0.003886246,0.0053948063,0.00010
19940308,-0.002300,0.0028170051,0.0025255784,-0.000051715,0.00010
19940309,0.001600,0.0002583718,-0.00089765,0.0022588848,0.00010
19940310,-0.006200,0.0041159794,0.0020303326,-0.0005358,0.00010
19940311,0.004400,-0.003793615,0.0033955226,-0.003317634,0.00010
19940314,0.002900,0.0025232767,0.0006218894,0.0011230192,0.00010
19940315,0.000300,-0.000204402,-0.002490253,-0.00339816,0.00010
19940316,0.005600,0.0013097787,-0.000550238,-0.003649298,0.00010
19940317,0.003000,-0.000921046,-0.000645488,0.0052077082,0.00010
19940318,0.000500,0.0068868491,0.0054565303,0.0002264038,0.00010
19940321,-0.005000,0.0007220373,0.0025091374,0.0012775185,0.00010
19940322,0.000400,0.0001894475,-0.003120687,-0.004404213,0.00010
19940323,0.000300,0.0005579953,-0.003130155,-0.001338354,0.00010
19940324,-0.009800,0.0010889887,0.0049156968,-0.002598689,0.00010
19940325,-0.006200,0.0070250529,0.0019889167,-0.004702295,0.00010
19940328,-0.004700,-0.013064177,0.0088743526,-0.002821818,0.00010
19940329,-0.018000,0.0004605481,0.0112096287,-0.005814118,0.00010
19940330,-0.015200,-0.001180228,0.0016937104,-6.900046E-6,0.00010
19940331,-0.001300,-0.006903537,0.000061003,0.0055018498,0.00010
19940404,-0.015800,-0.004049746,0.0025897987,0.002100659,0.00010
19940405,0.023700,0.0016916176,-0.020510981,0.0099130529,0.00010
19940406,0.000300,0.0016024107,0.0024855116,-0.002482143,0.00010
19940407,0.006000,0.0008404556,-0.003748935,0.0002516014,0.00010
19940408,-0.008100,0.0051858614,0.0059321315,-0.004822831,0.00010
19940411,0.003300,-0.005096107,0.002461624,-0.008171801,0.00010
19940412,-0.005400,-0.002891423,0.0086719858,-0.007798354,0.00010
19940413,-0.006100,-0.004914488,0.0096577981,-0.006879837,0.00010
19940414,0.000400,0.0002130478,0.0068972546,-0.005999141,0.00010
19940415,0.000300,0.003518923,-0.00021875,-0.003728212,0.00010
19940418,-0.008200,0.0017185831,0.003765362,-0.00190986,0.00010
19940419,-0.002600,-0.007990847,0.0071885305,-0.0017339,0.00010
19940420,-0.004200,-0.009930914,0.0075492994,-0.00610865,0.00010
19940421,0.014700,-0.002290168,-0.0134936,0.0135297531,0.00010
19940422,-0.000500,0.005953557,-0.001282575,0.0034840001,0.00010
19940425,0.010000,-0.000831099,-0.003401592,0.0060965188,0.00010
19940426,0.000500,0.005161697,-0.00740628,0.0025984712,0.00010
19940428,-0.005600,0.0067250744,-0.001722888,0.0044323752,0.00010
19940429,0.004700,0.0015142817,0.0012823872,0.0003260995,0.00010
19940502,0.005000,0.000207169,-0.002329657,0.0039561466,0.00010
19940503,-0.000100,-0.001820101,0.0027433288,-0.005040429,0.00010
19940504,-0.001500,0.0023182918,-0.002673671,-0.000834292,0.00010
19940505,-0.001000,0.0028745383,0.0017823198,-0.006181566,0.00010
19940506,-0.009100,0.0048743055,0.0065920902,-0.00440016,0.00010
19940509,-0.012400,0.0066092437,0.0091637289,-0.001550188,0.00010
19940510,0.005900,-0.004678342,0.0014653076,-0.002538081,0.00010
19940511,-0.010600,0.0011433107,0.0057869401,-0.004982591,0.00010
19940512,0.003700,-0.001633116,0.0033186406,0.0002260415,0.00010
19940513,0.000400,-0.00588219,0.0034562405,-0.006147482,0.00010
19940516,-0.001600,-0.004169514,0.0100129296,-0.007213939,0.00010
19940517,0.008100,-0.010527128,-0.000570058,-0.00461987,0.00010
19940518,0.011400,-0.002966256,-0.012562176,0.0023181522,0.00010
19940519,0.006100,-0.001030865,-0.001083752,0.0018405573,0.00010
19940520,-0.002400,0.0019670938,0.0033479809,-0.003488316,0.00010
19940523,-0.003300,0.0046533489,0.0007607655,0.0007358326,0.00010
19940524,0.004000,-0.001923744,-0.005420907,-0.000597621,0.00010
19940525,0.002700,-0.002376121,-0.000400101,-0.000357893,0.00010
19940526,0.001700,-0.000892207,0.0029967077,-0.00100698,0.00010
19940527,0.000800,0.0021652413,-0.001345575,-0.00265801,0.00010
19940531,-0.001600,-0.001240056,-0.003555315,-0.002407607,0.00010
19940601,0.002700,-0.003399263,-0.002302301,0.0017167681,0.00010
19940602,0.001500,0.0082942158,-0.001902188,-0.00081116,0.00010
19940603,0.004700,-0.002831855,-0.001297476,0.0005392381,0.00010
19940606,0.000000,0.0044109167,0.0006489245,-0.002044096,0.00010
19940607,-0.002500,-0.00057399,0.0059962004,-0.003261675,0.00010
19940608,-0.004500,-0.001079155,0.0123026896,-0.006345494,0.00010
19940609,0.000200,-0.000893447,0.0035689118,-0.004024094,0.00010
19940610,0.002500,0.0032494182,-0.000726924,0.0004951894,0.00010
19940613,0.000600,-0.002512904,0.0003077596,-0.003193842,0.00010
19940614,0.005700,-0.003768746,0.0017849911,0.0003819039,0.00010
19940615,-0.003100,0.0035680854,-0.001455458,-0.000580808,0.00010
19940616,0.002200,-0.000127383,0.0065228658,0.0018631531,0.00010
19940617,-0.007100,0.0043181963,0.0036156463,-0.004639793,0.00010
19940620,-0.009300,-0.00128747,0.0076677344,-0.001012989,0.00010
19940621,-0.009500,0.0015083416,0.004257859,0.0006328608,0.00010
19940622,0.003500,-0.000321189,0.0011431418,0.0012513721,0.00010
19940623,-0.008900,-0.000308556,0.0102939466,-0.005455093,0.00010
19940624,-0.014100,0.0020390452,0.0017719688,0.0011826603,0.00010
19940627,0.008900,-0.008750562,-0.00983395,0.0036507125,0.00010
19940628,-0.002400,-0.001857044,-0.000981395,0.0058037499,0.00010
19940629,0.003600,-0.002067541,-0.004405747,0.0013135545,0.00010
19940630,-0.005100,0.0112681378,0.0010180287,-0.004739985,0.00010
19940701,0.004200,-0.002055442,-0.000789648,-0.00201307,0.00010
19940705,-0.000400,-0.00105657,0.0035764051,0.0016949297,0.00010
19940706,-0.000400,-0.002328032,0.0020853734,-0.002744487,0.00010
19940707,0.004900,-0.001840913,-0.004514059,0.0026860098,0.00010
19940708,0.001800,-0.002093576,-0.00060107,0.0040492441,0.00010
19940711,-0.003000,0.0009367353,0.0015683109,-0.001536626,0.00010
19940712,0.000700,0.0019391107,-0.001387579,0.004461164,0.00010
19940713,0.003800,0.0015825169,-0.010913207,0.0037597872,0.00010
19940714,0.009800,-0.004476377,0.0032567997,-0.002191523,0.00010
19940715,0.000800,0.0001525736,0.006076758,-0.006147527,0.00010
19940718,0.001800,-0.002897118,-0.003565296,-0.000239869,0.00010
19940719,-0.002700,0.0027492771,0.0032672027,-0.001768348,0.00010
19940720,-0.005400,0.0003142814,0.0050386713,-0.002596128,0.00010
19940721,0.001900,-0.000085753,0.0043851978,-0.001465149,0.00010
19940722,0.000500,-0.002397582,-0.001969756,-0.001324046,0.00010
19940725,0.001700,-0.000923677,0.000782585,0.0009767484,0.00010
19940726,-0.001700,-0.000609306,0.000447525,-0.000706929,0.00010
19940727,-0.002500,-0.001347972,0.0042459051,-0.001582865,0.00010
19940728,0.002400,-0.003938595,0.003009837,0.0008552836,0.00010
19940729,0.009500,-0.002513646,-0.008781315,0.0047739271,0.00010
19940801,0.005300,-0.000121222,-0.001328764,0.0018525114,0.00020
19940802,0.001000,0.0000233929,0.0008208579,0.0006550306,0.00020
19940803,0.000100,0.0010863792,0.0019663107,-0.002654671,0.00020
19940804,-0.005200,0.0060149593,0.0052704448,-0.001948797,0.00020
19940805,-0.003200,0.0006951585,0.0025588665,0.0016025877,0.00020
19940808,0.002000,0.0012060984,-0.000642274,0.0028962603,0.00020
19940809,0.000900,0.0011984366,-0.004488522,0.0028205746,0.00020
19940810,0.005500,0.0035233565,-0.008625614,0.0099952261,0.00020
19940811,-0.002600,0.0020631979,-0.003382447,0.0019856685,0.00020
19940812,0.005500,-0.002746257,-0.000744955,-0.000119636,0.00020
19940815,-0.000200,0.0037145601,-0.002597498,-0.001622214,0.00020
19940816,0.006100,-0.005740806,-0.006173049,0.0081086964,0.00020
19940817,0.001700,0.0049021966,-0.008402374,0.0048320742,0.00020
19940818,-0.003500,0.0071334965,-0.000462911,0.0029755546,0.00020
19940819,0.001200,-0.001097204,-0.000983366,0.0014442711,0.00020
19940822,-0.002000,0.0014758008,-0.000908658,0.0019504903,0.00020
19940823,0.005500,-0.000192708,-0.005027926,-0.002098385,0.00020
19940824,0.007100,-0.005417064,0.0038126704,-0.002174639,0.00020
19940825,-0.000700,0.004947485,-0.001881441,0.0017682524,0.00020
19940826,0.010700,-0.006671445,-0.0062621,0.0022530413,0.00020
19940829,0.001700,-0.000546325,0.0006959319,0.0009356551,0.00020
19940830,0.003500,0.0028242868,-0.001806697,-0.001283152,0.00020
19940831,-0.000900,0.0043664402,0.0048144643,-0.002451683,0.00020
19940901,-0.004900,0.0013519061,0.0065341054,-0.002577255,0.00020
19940902,-0.003200,0.0037893332,-0.003096628,0.0011291391,0.00020
19940906,0.000300,-0.002089203,0.0015145088,-0.001584608,0.00020
19940907,-0.000200,0.0048003859,-0.003236839,0.0042375098,0.00020
19940908,0.004600,0.0016454537,-0.003992321,0.0031077848,0.00020
19940909,-0.009300,0.0077300991,0.0041575495,-0.000245527,0.00020
19940912,-0.004400,0.0018546475,0.0043523002,-0.000906703,0.00020
19940913,0.003000,0.0009895232,-0.004314202,0.0035210694,0.00020
19940914,0.002600,-0.000101043,-0.000658374,0.0025078444,0.00020
19940915,0.011400,-0.003233342,-0.002799525,0.0039330731,0.00020
19940916,-0.005200,0.0078307795,-0.002210869,0.0035999272,0.00020
19940919,-0.001300,0.0009300699,-0.00217074,0.0014207684,0.00020
19940920,-0.014400,0.0067953223,0.0035571872,0.0045911728,0.00020
19940921,-0.005500,-0.001342819,0.0031948395,-0.001579252,0.00020
19940922,-0.001000,0.0013945774,0.0006673145,0.002271689,0.00020
19940923,-0.003300,0.0022814263,0.0030774137,-0.000449421,0.00020
19940926,0.002000,-0.005177858,0.0054694714,0.002457322,0.00020
19940927,0.001500,0.000199082,0.0013446165,0.0045139025,0.00020
19940928,0.005900,-0.001876249,0.0027717442,-0.001327405,0.00020
19940929,-0.003700,0.0030900204,-0.001010714,0.0032742787,0.00020
19940930,0.002100,0.0076835967,-0.003757761,0.0029402426,0.00020
19941003,-0.002700,-0.000596771,-0.001496233,0.0029874253,0.00020
19941004,-0.014700,0.0036587382,0.0060827438,-0.002359745,0.00020
19941005,-0.003800,-0.004729825,-0.000055196,0.0043537937,0.00020
19941006,-0.002300,0.0064640238,0.0024599753,-0.00230019,0.00020
19941007,0.006000,0.0002223421,0.0000795092,0.0027720569,0.00020
19941010,0.007500,-0.002058193,-0.007326059,0.001967776,0.00020
19941011,0.012800,-0.009984139,-0.004535927,0.0098394332,0.00020
19941012,-0.000100,0.0006976405,-0.003631792,0.0008862171,0.00020
19941013,0.003500,-0.002353168,0.004790622,0.0016911866,0.00020
19941014,0.001700,-0.00354421,0.0053247451,-0.001378869,0.00020
19941017,-0.000700,0.0032414817,0.0030442307,0.003717756,0.00020
19941018,-0.002000,0.0008931624,0.0022356328,0.0025458458,0.00020
19941019,0.004900,-0.001124143,-0.000894902,0.0044645083,0.00020
19941020,-0.006700,0.0054483191,-0.004014697,0.0028349285,0.00020
19941021,-0.004100,0.0026257285,0.0013757708,0.0010179132,0.00020
19941024,-0.007700,0.0030693808,-0.003052812,0.004078122,0.00020
19941025,-0.000200,-0.000624195,0.0046994866,0.000187121,0.00020
19941026,0.002700,-0.000796661,-0.001190018,0.0042577482,0.00020
19941027,0.006300,0.0004174789,-0.00342061,0.0042243489,0.00020
19941028,0.015200,-0.009218692,-0.004060843,-0.001825708,0.00020
19941031,-0.001900,0.003969192,-0.001510379,-0.000482288,0.00020
19941101,-0.007700,0.0033039149,-0.001770551,0.0039043282,0.00020
19941102,-0.002400,0.0035372493,-0.002646945,0.0027022001,0.00020
19941103,0.002500,-0.002017431,0.0009756712,-0.00392676,0.00020
19941104,-0.009300,0.0030844198,-0.000615424,-0.001081341,0.00020
19941107,-0.000400,-0.004450318,0.0023866148,0.0023969799,0.00020
19941108,0.005000,-0.001547314,-0.002909271,0.0031766644,0.00020
19941109,-0.000900,0.0024314767,-0.002871204,0.0037866477,0.00020
19941110,-0.002600,-0.002068195,0.0005177339,-0.000817211,0.00020
19941111,-0.004200,0.0017476008,-0.000706838,-0.000154507,0.00020
19941114,0.006700,-0.004117353,-0.00310351,0.0066534802,0.00020
19941115,-0.001100,0.0032848003,0.0008866182,0.0037651026,0.00020
19941116,0.000200,-0.00090515,-0.001285921,0.0064059724,0.00020
19941117,-0.004600,0.0029748336,0.0043357833,0.0035006688,0.00020
19941118,-0.004400,0.0036796006,-0.001514278,0.0051924625,0.00020
19941121,-0.007500,0.0010426184,0.0048971061,0.0035118548,0.00020
19941122,-0.018400,-0.000929223,0.0098339049,-0.00327765,0.00020
19941123,-0.001500,-0.009877759,0.0014114129,-0.010228386,0.00020
19941125,0.006200,-0.000444936,-0.005621759,-0.002017686,0.00020
19941128,0.003500,0.0014101696,-0.003039245,0.0040641169,0.00020
19941129,0.002500,0.0026512895,-0.002252596,0.0008200886,0.00020
19941130,-0.002100,0.0063914139,0.0029878481,-0.000833121,0.00020
19941201,-0.010400,0.0015676986,0.0056153752,0.001716693,0.00020
19941202,0.007100,-0.004292418,-0.001850898,-0.001039325,0.00020
19941205,0.000800,-0.003052756,-0.001195288,0.0006707395,0.00020
19941206,-0.001700,-0.002157037,0.0042590471,0.0016167664,0.00020
19941207,-0.005400,-0.000511679,0.0045953577,0.0001768929,0.00020
19941208,-0.014300,-0.003132479,0.0145235536,-0.00113525,0.00020
19941209,0.001600,-0.006105187,-0.000556334,0.0028042202,0.00020
19941212,0.003900,-0.004107527,0.0037139886,0.0034410389,0.00020
19941213,0.002200,-0.003373342,-0.004286303,-0.001587575,0.00020
19941214,0.010200,-0.004640881,-0.003240383,-0.004116866,0.00020
19941215,0.003300,0.0077605979,-0.006284073,0.0011409309,0.00020
19941216,0.004600,-0.0062501,0.0052139275,0.0006883999,0.00020
19941219,-0.002200,0.0027047142,0.0016980895,-0.000981641,0.00020
19941220,-0.000700,0.0031325201,-0.000184394,0.0041841344,0.00020
19941221,0.006200,0.0055535215,-0.003920249,0.0057694205,0.00020
19941222,-0.000400,-0.001052883,-0.001619558,0.0004396617,0.00020
19941223,0.002200,0.0033216738,-0.004597194,-0.000486843,0.00020
19941227,0.004600,-0.000020581,-0.000408886,0.0039409528,0.00020
19941228,-0.004100,0.000398366,0.0029851839,0.0034910152,0.00020
19941229,0.002700,0.0011001436,-0.006370681,0.0019447564,0.00020
19941230,-0.001400,0.0167568983,0.0037329168,-0.003668189,0.00020
19950103,-0.002600,-0.006388842,0.0081339105,-0.014717437,0.00020
19950104,0.003200,-0.000725803,0.0031641276,-0.008665123,0.00020
19950105,-0.000500,-0.000506865,-0.002145751,-0.001784184,0.00020
19950106,0.001800,-0.000504152,-0.000943598,-0.000802882,0.00020
19950109,0.000800,-0.001626907,-0.002393114,-0.00086747,0.00020
19950110,0.002000,0.0011912562,-0.002602265,0.0055290142,0.00020
19950111,-0.000900,-0.003702502,-0.003206672,0.0026950878,0.00020
19950112,0.000100,0.0012809323,-0.000455204,0.0010234984,0.00020
19950113,0.008700,-0.006303017,-0.001575271,-0.006395773,0.00020
19950116,0.008000,-0.003919933,-0.003345871,0.000196025,0.00020
19950117,0.002200,0.0051647283,-0.001745985,0.0063098433,0.00020
19950118,-0.001500,0.0025518629,0.0015464078,0.0038897749,0.00020
19950119,-0.005700,0.0029675125,0.0008442346,0.0008466306,0.00020
19950120,-0.005100,0.0008797915,0.0043283492,0.0014422578,0.00020
19950123,0.000000,-0.004550956,0.0043243421,0.0004663083,0.00020
19950124,0.001600,0.0017311187,-0.00484526,0.0013204332,0.00020
19950125,0.001900,-0.004038056,0.0062032101,-0.007492948,0.00020
19950126,0.000400,-0.001995882,0.0027505595,-0.000390188,0.00020
19950127,0.003900,-0.003025801,0.0010008021,-0.000128345,0.00020
19950130,-0.004500,-0.003552896,0.0015418618,-0.001469983,0.00020
19950131,0.003900,-0.002426586,-0.001417266,0.0005108709,0.00020
19950201,0.001500,-0.002536269,-0.005267864,-0.002263167,0.00020
19950202,0.004500,-0.001286096,-0.002777076,-0.000984117,0.00020
19950203,0.012200,-0.007858051,-0.000174662,-0.006935336,0.00020
19950206,0.006200,0.0008921439,-0.004184936,0.001597138,0.00020
19950207,-0.000700,0.0040297186,0.0028212144,-0.001270407,0.00020
19950208,0.001300,0.0016441636,-0.002958199,0.0013423337,0.00020
19950209,-0.000900,0.0040064297,-0.005103601,0.0008788338,0.00020
19950210,0.002300,0.0007305479,-0.003229852,0.0016851406,0.00020
19950213,0.000200,0.0004036514,0.0035389652,0.0000380754,0.00020
19950214,0.000900,-0.002232492,0.0013177017,-0.00137176,0.00020
19950215,0.004800,0.0001555305,0.0009392119,-0.002569123,0.00020
19950216,-0.000500,-0.002694764,0.0017857959,0.0057114513,0.00020
19950217,-0.005800,0.0048178245,0.0005016823,-0.005534033,0.00020
19950221,-0.000500,-0.0002772,0.0054685097,-0.003148766,0.00020
19950222,0.004000,-0.005700478,0.0008045086,-0.001679726,0.00020
19950223,0.004500,-0.001985503,-0.002398592,-0.005120348,0.00020
19950224,0.001700,-0.000067702,0.0022888751,-0.00328142,0.00020
19950227,-0.008200,0.0043625274,0.0047526238,0.0048768612,0.00020
19950228,0.008200,0.0040976398,-0.00068131,0.0020417284,0.00020
19950301,-0.003100,0.0020442848,0.0002535349,0.0063871428,0.00020
19950302,-0.001300,0.0032891015,-0.000022547,0.0024205267,0.00020
19950303,0.001400,0.0020425201,-0.001657806,0.0062854851,0.00020
19950306,-0.001300,0.0017296509,0.002697459,0.0087067315,0.00020
19950307,-0.007500,0.0013728042,0.0002382363,0.0006025064,0.00020
19950308,0.002100,0.0013149762,0.0004707998,-0.001567983,0.00020
19950309,0.000500,-0.001351832,0.0005631378,-0.001581041,0.00020
19950310,0.011200,-0.009415845,0.0016948473,0.0002642265,0.00020
19950313,0.000900,0.0026021673,-0.001719325,0.0008737789,0.00020
19950314,0.005600,-0.003659507,0.0011669681,0.0048160729,0.00020
19950315,-0.001800,0.0009731015,-0.002214185,-0.002787002,0.00020
19950316,0.005700,-0.002925521,-0.001141085,-0.001185803,0.00020
19950317,-0.000700,0.000054365,-0.001327648,0.0038644055,0.00020
19950320,0.001000,0.0032319741,-0.001469697,0.0071914609,0.00020
19950321,-0.002400,-0.001397161,-0.001834398,0.000957883,0.00020
19950322,0.000400,-0.002460061,0.0043646832,-0.001694793,0.00020
19950323,0.000800,0.0005997516,0.0023476115,0.0008425707,0.00020
19950324,0.009300,-0.007369842,-0.001041065,-0.001313981,0.00020
19950327,0.004900,-0.001849806,-0.000800555,0.0003557039,0.00020
19950328,0.001500,-0.000359672,-0.004323601,0.0017867667,0.00020
19950329,-0.001700,-0.001364319,0.0038910279,-0.007820033,0.00020
19950330,-0.000800,0.0020804504,0.0024086357,-0.010256662,0.00020
19950331,-0.002700,0.0067525442,-0.003042346,0.0026925318,0.00020
19950403,0.001400,0.0022775644,0.0003040813,-0.0004635,0.00020
19950404,0.004700,-0.00444116,0.0108828662,-0.000290874,0.00020
19950405,0.000900,0.000373065,-0.000034932,-0.005339909,0.00020
19950406,0.000500,-0.001859011,0.0032956408,-0.006043966,0.00020
19950407,-0.000400,-0.004909944,0.0000228888,-0.003518687,0.00020
19950410,0.002500,0.0041845297,-0.003329222,0.0058876393,0.00020
19950411,-0.001700,0.0058295223,-0.000904781,-0.000084776,0.00020
19950412,0.003300,-0.003989448,-0.001156135,0.0032461716,0.00020
19950413,0.003400,0.0006405672,-0.001528186,0.0059379632,0.00020
19950417,-0.005300,0.0081820655,0.0024056826,-0.003378308,0.00020
19950418,-0.003400,-0.001862803,0.0056119645,-0.001892885,0.00020
19950419,-0.003000,-0.005225848,0.0119173981,-0.00789757,0.00020
19950420,0.001600,0.0042019305,0.0002832807,0.0026689564,0.00020
19950421,0.005100,0.0005388432,-0.001943943,0.0015887001,0.00020
19950424,0.007300,-0.00298425,-0.000772265,0.0036190201,0.00020
19950425,-0.000900,0.0027288677,-0.001027096,-0.000717171,0.00020
19950426,0.001400,0.0010000797,-0.006607571,0.0025886677,0.00020
19950427,0.002000,0.0032453891,-0.001267678,0.000113104,0.00020
19950428,0.001600,-0.000635675,0.0016001904,-0.001241729,0.00020
19950501,-0.001300,-0.000946281,0.0073197306,-0.00346332,0.00020
19950502,0.000800,-0.000592642,0.0011009519,0.0019919043,0.00020
19950503,0.009400,-0.003262931,0.0000921051,0.0071868808,0.00020
19950504,-0.001000,-0.004255956,0.007539684,-0.003467016,0.00020
19950505,-0.001000,0.0002078998,0.0059296939,-0.011106008,0.00020
19950508,0.006400,-0.002693468,-0.001585597,-0.005376007,0.00020
19950509,0.000500,-0.001382037,-0.000084258,-0.00232627,0.00020
19950510,0.001500,-0.000948892,-0.001199382,-0.001660994,0.00020
19950511,0.002300,0.0048513884,-0.004065033,0.0039675349,0.00020
19950512,0.002300,-0.002304658,-0.005435865,-0.000451578,0.00020
19950515,0.004200,-0.00495398,-0.002137,0.0005228691,0.00020
19950516,0.001200,0.004995004,-0.001767125,-0.000997061,0.00020
19950517,-0.002100,0.0059270004,-0.002799365,0.0039667305,0.00020
19950518,-0.013000,0.0081106585,0.0024696871,-0.003749199,0.00020
19950519,-0.000800,-1.428259E-6,-0.000613872,0.0028896727,0.00020
19950522,0.007600,-0.004627193,-0.001958659,0.000429618,0.00020
19950523,0.008500,-0.004049406,-0.002452963,0.0021902657,0.00020
19950524,-0.000500,-0.001434825,0.0048117337,-0.006735556,0.00020
19950525,-0.000400,0.0005342635,0.0038066597,0.0024066778,0.00020
19950526,-0.008200,0.0029945549,0.0028054881,-0.006099966,0.00020
19950530,-0.002100,-0.007125261,0.008727293,-0.008905964,0.00020
19950531,0.014600,-0.012869075,0.0014572102,0.0017242801,0.00020
19950601,0.001500,0.0024252105,-0.003944468,0.0020981099,0.00020
19950602,0.000000,0.0022168435,0.0004659168,-0.004195267,0.00020
19950605,0.006100,-0.002602891,-0.002515095,-0.001799379,0.00020
19950606,-0.000300,0.0022451637,0.0023970572,0.0016316191,0.00020
19950607,-0.003400,0.005512777,-0.005259667,0.0027454264,0.00020
19950608,-0.000900,0.0059844374,-0.009018256,0.0013190154,0.00020
19950609,-0.007300,0.0062883141,-0.002899267,0.0050164911,0.00020
19950612,0.005000,-0.002890915,-0.001392813,0.0018509774,0.00020
19950613,0.009200,-0.006464178,-0.001566908,-0.003315619,0.00020
19950614,0.000700,0.0032974913,-0.000783104,0.0053611516,0.00020
19950615,0.002200,0.0043117381,-0.002095272,0.0023133836,0.00020
19950616,0.004300,-0.001852822,-0.00257325,0.0001827744,0.00020
19950619,0.009200,-0.004903963,-0.005385792,0.0023046749,0.00020
19950620,0.000500,0.0024612556,-0.001753787,0.0058945394,0.00020
19950621,-0.000400,0.0026800555,0.0027111348,0.0019495738,0.00020
19950622,0.011500,-0.007958522,-0.003737041,0.0030760129,0.00020
19950623,-0.002900,-0.00021402,-0.000267479,0.0021362255,0.00020
19950626,-0.010000,0.0033122601,0.0042113728,-0.004137777,0.00020
19950627,-0.003900,-0.002353224,0.0058012459,-0.002901863,0.00020
19950628,0.003200,-0.006479606,0.0021702006,-0.000875232,0.00020
19950629,-0.000300,0.0055447396,-0.008467136,0.007508542,0.00020
19950630,0.002800,0.0063032669,-0.003131163,-0.000017869,0.00020
19950703,0.003300,-0.002864893,-0.000226612,0.0029177145,0.00020
19950705,0.001800,-0.000126619,-0.00453114,-0.000505621,0.00020
19950706,0.011200,-0.005587892,-0.002480807,0.0029074411,0.00020
19950707,0.005900,0.0008547786,-0.003508768,-0.000265421,0.00020
19950710,0.001700,0.0057783752,0.0020816942,0.0014649514,0.00020
19950711,-0.003400,0.0061587184,0.0003901727,0.0017741584,0.00020
19950712,0.011000,-0.002597696,-0.01232053,0.0053923922,0.00020
19950713,0.000700,0.0027540247,-0.004790703,0.0053321754,0.00020
19950714,-0.001400,0.0017398894,-0.002307388,-0.002068221,0.00020
19950717,0.004000,0.0019142756,-0.003747933,0.0076403813,0.00020
19950718,-0.008000,-0.000545981,0.0063598412,-0.003144301,0.00020
19950719,-0.016500,-0.005455754,0.0176292588,-0.008523873,0.00020
19950720,0.005900,-0.000189151,-0.006215696,0.0030521635,0.00020
19950721,0.000600,0.0048488195,-0.003172868,0.0015790104,0.00020
19950724,0.006900,0.0029674981,-0.007653874,0.0067176999,0.00020
19950725,0.007600,-0.005692396,-0.002233713,0.0035389064,0.00020
19950726,0.002400,0.0031781279,-0.003003223,-0.00129524,0.00020
19950727,0.007000,0.0004323408,-0.005850277,0.0026062788,0.00020
19950728,-0.002800,0.0046640647,-0.001418063,-0.004244205,0.00020
19950731,-0.001100,0.0016232496,0.0008988544,-0.000452488,0.00020
19950801,-0.005100,0.0021787811,0.0071214979,-0.002984074,0.00020
19950802,-0.002100,-0.002454948,0.0072455761,-0.00947164,0.00020
19950803,-0.001100,-0.000671698,0.0034973119,-0.006734427,0.00020
19950804,0.001500,0.0032062078,-0.002630164,0.0007476799,0.00020
19950807,0.002400,0.0028179582,0.0010498039,0.0001644638,0.00020
19950808,0.000500,-0.000475177,0.0006956886,-0.001899162,0.00020
19950809,0.000100,0.0055282742,-0.005152825,0.0003799287,0.00020
19950810,-0.002600,0.0029168701,0.0002270637,-0.004768421,0.00020
19950811,-0.003400,0.0041761855,-0.002793656,0.0034805481,0.00020
19950814,0.007500,-0.003414603,-0.001823132,0.0095153375,0.00020
19950815,-0.001100,0.0021404422,-0.002462164,-0.002313807,0.00020
19950816,0.004500,-0.000859964,-0.007609669,0.001903987,0.00020
19950817,0.000000,0.0037709969,-0.001027323,-0.000736305,0.00020
19950818,0.000700,-0.00036495,-0.000460517,-0.001402675,0.00020
19950821,-0.002200,0.004705626,0.0089162244,-0.007414864,0.00020
19950822,0.001800,-0.002852855,-0.004152801,0.0051333643,0.00020
19950823,-0.002800,0.0061762272,-0.001620453,0.0019414363,0.00020
19950824,-0.000700,-0.001146213,0.0051381726,-0.003184197,0.00020
19950825,0.004000,-0.004693568,0.0052484749,-0.006000042,0.00020
19950828,-0.003000,-0.002352393,0.0134931435,-0.010015297,0.00020
19950829,0.000300,-0.004777917,0.0052021341,-0.006439525,0.00020
19950830,0.003200,0.0047819323,-0.005636284,-0.00216744,0.00020
19950831,0.003200,0.0047503906,-0.002902414,-0.000617608,0.00020
19950901,0.002700,-0.004211428,0.0026902211,-0.004413635,0.00020
19950905,0.009600,-0.003056164,-0.008590152,0.0052737847,0.00020
19950906,0.003600,0.0038852736,-0.00244513,0.0064862138,0.00020
19950907,0.000800,0.0026239765,-0.001279584,0.0030577289,0.00020
19950908,0.005100,0.0008902189,-0.00315342,0.0035326721,0.00020
19950911,0.002400,-0.002355918,-0.001611735,0.0030669584,0.00020
19950912,0.002500,-0.000198998,0.0063330505,-0.008635501,0.00020
19950913,0.004100,-0.001488571,0.0004784647,0.0046496192,0.00020
19950914,0.005900,-0.006859885,0.0068010734,-0.006019576,0.00020
19950915,-0.001800,-0.003492864,0.0099264493,-0.013837083,0.00020
19950918,-0.001400,0.0000326235,-0.005193663,0.0124242975,0.00020
19950919,0.003000,0.0007665508,-0.006127196,0.0087357533,0.00020
19950920,0.004400,-0.000597615,-0.007897863,-0.005138375,0.00020
19950921,-0.006200,0.0038199376,0.0029404609,0.0030963947,0.00020
19950922,-0.003200,0.0005470291,0.0034573102,0.0019716858,0.00020
19950925,-0.001900,-0.002835049,0.0089850187,-0.003228909,0.00020
19950926,-0.001200,-0.00274914,0.0046354839,-0.001260287,0.00020
19950927,-0.003100,-0.006688291,0.0052014537,-0.002975105,0.00020
19950928,0.008900,-0.000509725,-0.006882353,0.0039923272,0.00020
19950929,-0.001100,0.0065402728,0.0063867235,-0.002324,0.00020
19951002,-0.006300,-0.002989008,0.0091257228,-0.00735663,0.00020
19951003,-0.001700,-0.006387844,0.0097021356,-0.001106808,0.00020
19951004,-0.004600,-0.005481224,0.0147276056,-0.005602025,0.00020
19951005,0.002900,-0.001964906,-0.006524488,0.0031505739,0.00020
19951006,0.000000,-0.000372235,0.0071080253,-0.003446858,0.00020
19951009,-0.010700,-0.005711793,0.0171854272,-0.00851939,0.00020
19951010,-0.002500,-0.006205258,0.0038855605,0.0028620028,0.00020
19951011,0.006200,0.0047608841,-0.007594083,0.0035621865,0.00020
19951012,0.008000,0.000419533,-0.00974559,0.0063436046,0.00020
19951013,0.003300,-0.00069948,0.0035380448,-0.000631078,0.00020
19951016,-0.002000,0.0038146376,0.0028036536,0.0037286522,0.00020
19951017,0.006000,-0.002153324,-0.010081513,0.0113103165,0.00020
19951018,0.002200,0.00486139,0.0005507908,0.0047351955,0.00020
19951019,0.003100,-0.004079235,0.0055487049,0.0091025825,0.00020
19951020,-0.005700,0.0018946598,0.0053535882,-0.003664593,0.00020
19951023,-0.003800,-0.001113859,-0.00122094,0.0099623656,0.00020
19951024,0.001100,-0.002015633,0.0010560046,0.0045469543,0.00020
19951025,-0.008600,-0.001340689,0.0049918562,-0.000663794,0.00020
19951026,-0.009400,0.002497058,-0.001085558,0.0072061025,0.00020
19951027,0.004100,-0.005523067,-0.001618149,-0.000244204,0.00020
19951030,0.006400,-0.001662534,-0.007571062,0.009991569,0.00020
19951031,-0.002800,0.0027922634,-0.000978868,0.0068190369,0.00020
19951101,0.005100,-0.002365271,0.0009110598,0.0007249458,0.00020
19951102,0.010400,-0.003513778,-0.005177094,0.0022806701,0.00020
19951103,0.003100,0.0053834519,-0.005858552,0.0026494343,0.00020
19951106,-0.002800,0.0034394403,0.0002890272,-0.004346862,0.00020
19951107,-0.004900,0.0006264524,0.0098091166,-0.011119217,0.00020
19951108,0.007300,-0.003590728,0.0045332742,0.007040448,0.00020
19951109,0.004500,0.0023496562,-0.008533171,0.008682125,0.00020
19951110,-0.001200,0.0028487008,-0.001140007,0.0012013348,0.00020
19951113,-0.001400,-0.001531045,0.0033507214,-0.001730525,0.00020
19951114,-0.006700,0.0012794014,0.0095992632,-0.008039129,0.00020
19951115,0.005500,-0.005150557,0.0008820976,-0.003382593,0.00020
19951116,0.005800,-0.002676324,0.0034289644,-0.003325724,0.00020
19951117,0.003800,-0.001637978,-0.000315649,-0.002984709,0.00020
19951120,-0.005800,-0.000361204,0.0102825071,-0.007568672,0.00020
19951121,0.002200,-0.007188205,0.0070954866,0.0005185451,0.00020
19951122,-0.002300,-0.00022023,0.0020691914,-0.006176023,0.00020
19951124,0.003300,0.0007940273,-0.005033946,0.0039386197,0.00020
19951127,0.001700,-0.002527046,0.001542459,-0.001139694,0.00020
19951128,0.007900,-0.001827263,-0.012103982,0.0118545768,0.00020
19951129,0.004000,0.0009016579,-0.00194794,0.0006008281,0.00020
19951130,-0.000500,0.0042875701,-0.002371903,0.0028878204,0.00020
19951201,0.001400,-0.001563705,0.0081228965,-0.009471161,0.00020
19951204,0.010300,-0.00516772,-0.001364968,-0.003254905,0.00020
19951205,0.004300,-0.004126055,0.003083397,0.0034520649,0.00020
19951206,0.001800,-0.002805222,0.0085740099,0.0050142579,0.00020
19951207,-0.006900,0.005272451,-0.000798201,0.0018779281,0.00020
19951208,0.001900,0.0020485129,-0.002066213,0.0025983093,0.00020
19951211,0.002400,-0.002050323,0.0040217842,-0.000719522,0.00020
19951212,-0.002600,0.0015133982,0.0036848864,0.0002505748,0.00020
19951213,0.004400,-0.000886272,-0.000272592,0.0037821473,0.00020
19951214,-0.008300,0.0075711709,0.0125591797,-0.001950296,0.00020
19951215,-0.002900,-0.00435816,0.0048652846,-0.01155812,0.00020
19951218,-0.017500,-0.001035651,0.0127629147,-0.005437177,0.00020
19951219,0.009900,-0.00633181,-0.013082408,0.0050089253,0.00020
19951220,-0.005700,0.0105617255,-0.002830027,-0.005654489,0.00020
19951221,0.007000,0.0022370319,-0.000806177,-0.004440565,0.00020
19951222,0.003200,0.0031991313,-0.003394703,-0.003199443,0.00020
19951226,0.003100,-0.001546242,0.0040802189,0.0049355613,0.00020
19951227,0.001300,0.0004768184,0.0015238024,0.0030105739,0.00020
19951228,-0.000500,-0.002322142,0.0036596023,0.0010401877,0.00020
19951229,0.004000,0.0022955035,-0.003109197,-0.000284412,0.00020
19960102,0.005900,-0.0019358,-0.004463847,-0.010970209,0.00020
19960103,-0.000800,-0.000908856,0.0099546441,-0.017428096,0.00020
19960104,-0.008100,-0.003990966,0.0086107146,-0.007010316,0.00020
19960105,-0.001500,0.0021298023,-0.000717884,0.0008184879,0.00020
19960108,0.002400,-0.002177815,0.0019844552,0.000437363,0.00020
19960109,-0.016700,0.0025851478,0.0227970095,-0.012898844,0.00020
19960110,-0.016200,0.0051008269,-0.00757739,0.0005277944,0.00020
19960111,0.008700,-0.002376777,-0.008391998,-0.000801993,0.00020
19960112,-0.001300,0.0002452327,0.0026961718,0.0032233304,0.00020
19960115,-0.005800,-0.004116265,0.0108795273,-0.009750825,0.00020
19960116,0.010200,-0.010719879,0.0021127281,0.0024233278,0.00020
19960117,-0.000900,0.0055280226,-0.002332559,-0.001432107,0.00020
19960118,0.003700,0.0039928149,-0.004441708,0.0059666447,0.00020
19960119,0.005700,0.0009924359,-0.00202205,0.0094796949,0.00020
19960122,0.004100,-0.001507207,-0.005931406,0.0026812801,0.00020
19960123,-0.000200,0.0038937826,-0.003494139,0.0032099601,0.00020
19960124,0.010500,0.001185072,-0.00454368,0.0076671509,0.00020
19960125,-0.004000,0.0040252671,0.0050635736,0.0000792569,0.00020
19960126,0.006300,-0.003548136,-0.000016184,0.0028164543,0.00020
19960129,0.003700,-0.003349942,0.0023687239,-0.00179746,0.00020
19960130,0.009100,-0.00297103,-0.002299124,-0.000130685,0.00020
19960131,0.008300,-0.006008428,0.0009423444,-0.002758731,0.00020
19960201,0.004300,0.0016710623,-0.009271278,0.0014500278,0.00020
19960202,-0.002800,0.0057054558,-0.003975652,0.0033520073,0.00020
19960205,0.007500,-0.00333196,-0.006902809,0.0091194339,0.00020
19960206,0.006800,-0.004436504,0.000802494,0.0019522513,0.00020
19960207,0.003600,-0.005855159,0.0064530268,-0.001728198,0.00020
19960208,0.007900,-0.002751003,0.0005348261,0.0032226182,0.00020
19960209,0.000800,0.0002143598,0.0011715594,0.0022092538,0.00020
19960212,0.005500,-0.005533407,0.0037177599,-0.000889717,0.00020
19960213,-0.002000,-0.000862221,0.0051348781,-0.002943265,0.00020
19960214,-0.004600,0.0095907409,-0.001199226,-0.004398712,0.00020
19960215,-0.003100,0.0047922274,-0.002032155,0.0007814921,0.00020
19960216,-0.003900,0.008696593,-0.000758839,-0.000016078,0.00020
19960220,-0.010500,0.0049111696,-0.006302006,0.0003363062,0.00020
19960221,0.010400,-0.003575064,-0.004933038,0.0038221258,0.00020
19960222,0.015600,-0.004934873,-0.008131476,0.008591234,0.00020
19960223,0.000800,0.0004668452,0.00019018,0.0033475347,0.00020
19960226,-0.010500,0.0103734024,-0.001075085,0.0021413276,0.00020
19960227,-0.004400,0.0041698005,0.0053077829,0.0013821787,0.00020
19960228,-0.001900,0.0055603872,-0.00127086,-0.00218921,0.00020
19960229,-0.006000,0.0028108418,0.0030615461,0.0003009942,0.00020
19960301,0.002500,-0.00590457,0.0145562031,-0.007376334,0.00020
19960304,0.009200,-0.005729451,0.0043327783,-0.003447033,0.00020
19960305,0.006800,-0.005113011,-0.006497834,0.0013739243,0.00020
19960306,-0.003800,0.001028961,0.0043491867,-0.006185745,0.00020
19960307,0.001800,-0.000836317,-0.000099079,0.0020471499,0.00020
19960308,-0.029100,0.0063129913,-0.002222513,0.0024495773,0.00020
19960311,0.009100,-0.001409102,-0.005252661,0.0067870212,0.00020
19960312,-0.004900,0.0038489083,0.0011794023,0.0005368682,0.00020
19960313,0.004300,0.0011374818,-0.007304429,-0.001123595,0.00020
19960314,0.004100,-0.002786401,-0.001325792,-0.000513214,0.00020
19960315,0.001700,0.0034065292,-0.00728554,0.0095325636,0.00020
19960318,0.014800,-0.009380326,-0.001459193,0.0050190978,0.00020
19960319,-0.001500,0.0007476254,0.0014596068,-0.001019981,0.00020
19960320,-0.002900,0.0026571971,0.00714312,-0.00394344,0.00020
19960321,-0.000900,0.0035774885,0.0009878089,-0.001712426,0.00020
19960322,0.002000,-0.001532391,-0.000429662,-0.000221104,0.00020
19960325,-0.003000,-0.005484194,0.0110787827,-0.0031593,0.00020
19960326,0.002900,-0.002167807,0.0037684133,0.0015450939,0.00020
19960327,-0.003400,0.0071730563,-0.008969287,0.0004059086,0.00020
19960328,0.000400,0.0002689812,-0.000321467,0.0021844662,0.00020
19960329,-0.002100,0.0136134722,-0.004980969,-0.003724834,0.00020
19960401,0.010500,-0.007887474,0.0052762557,0.0035736201,0.00020
19960402,0.002100,0.0000984184,0.0039908251,0.0061873648,0.00020
19960403,0.001300,0.0014197507,-0.002184426,0.0010516392,0.00020
19960404,0.000400,0.0011571151,0.0018354095,-0.000977644,0.00020
19960408,-0.016800,0.0080029579,-0.004362335,0.0036446792,0.00020
19960409,-0.001400,0.00399222,-0.006612357,-0.004092805,0.00020
19960410,-0.011800,0.0086881164,-0.009420067,0.0010947267,0.00020
19960411,-0.005400,0.0030270762,0.0036856447,0.0035052736,0.00020
19960412,0.008300,-0.007087812,0.0020748083,-0.002427566,0.00020
19960415,0.008100,-0.002369958,-0.002523336,0.0006858968,0.00020
19960416,0.004900,0.0021623127,-0.00914535,0.0063771273,0.00020
19960417,-0.004900,0.0027051613,-0.000292378,-0.004371284,0.00020
19960418,0.004700,0.0048173923,-0.005811816,0.0008382908,0.00020
19960419,0.002200,0.0012356444,-0.000694457,0.0014414083,0.00020
19960422,0.005800,0.0006418284,-0.004898505,0.0054441906,0.00020
19960423,0.006000,-0.000280229,-0.011623114,0.0037982793,0.00020
19960424,-0.000200,0.0050111792,-0.011953705,0.0037005584,0.00020
19960425,0.004500,0.0009748383,-0.003743888,0.0021728383,0.00020
19960426,0.001400,0.0008210239,-0.000937533,-0.001368341,0.00020
19960429,0.000800,-0.000698033,0.0011916022,-0.001505251,0.00020
19960430,0.000300,0.0008072004,-0.002550113,0.0000380812,0.00020
19960501,0.002200,0.006311143,-0.003717373,-0.000094588,0.00020
19960502,-0.016100,0.0068593627,0.0028663437,0.0033659125,0.00020
19960503,-0.001100,0.0042492326,-0.003849578,0.0004556119,0.00020
19960506,-0.001600,0.0034975139,-0.002127581,0.0018243304,0.00020
19960507,-0.004100,0.003696178,0.0007574101,0.0021706894,0.00020
19960508,0.006100,-0.009169855,0.011758953,-0.001194099,0.00020
19960509,0.002500,0.0034541435,-0.005477114,-0.001855898,0.00020
19960510,0.010900,-0.002625422,-0.005458437,0.0001513086,0.00020
19960513,0.013100,-0.006054615,-0.007886484,0.0098301366,0.00020
19960514,0.007100,-0.000179223,-0.004850014,0.0016629639,0.00020
19960515,-0.000200,0.0021146788,0.001120107,0.0014361798,0.00020
19960516,0.000400,0.000618025,-0.002431921,0.001469864,0.00020
19960517,0.005400,0.0018143992,0.0043042701,-0.000542924,0.00020
19960520,0.005800,-0.00368506,-0.000686773,0.0022219355,0.00020
19960521,-0.000600,0.000323316,0.0016200677,0.0005452323,0.00020
19960522,0.006200,-0.006158314,0.0033670855,-0.004666773,0.00020
19960523,-0.002600,0.0050785168,-0.000934527,0.0040425498,0.00020
19960524,0.002500,-0.000960536,0.0027385088,-0.001874592,0.00020
19960528,-0.008800,0.0012511342,0.00321722,-0.000413097,0.00020
19960529,-0.006800,-0.00029626,0.0048140776,-0.002773449,0.00020
19960530,0.005100,-0.000671039,-0.001833392,0.0016636282,0.00020
19960531,-0.001800,0.0071853521,-0.005476106,0.0031949307,0.00020
19960603,-0.002500,0.0037952873,0.0031620557,0.001352107,0.00020
19960604,0.006800,-0.004551194,-0.000929531,-0.000392724,0.00020
19960605,0.007200,-0.00312341,0.0001613907,0.0019819947,0.00020
19960606,-0.007700,-0.0001361,0.0088903189,-0.00374425,0.00020
19960607,-0.002100,-0.004916554,0.0000826202,0.0029430413,0.00020
19960610,-0.001200,0.002242463,-0.000539793,-0.001816586,0.00020
19960611,-0.001100,0.0031395551,-0.000438179,-0.001223529,0.00020
19960612,-0.000800,0.0012812243,-0.00088778,0.0030820852,0.00020
19960613,-0.002900,-0.001765171,0.006805116,-0.001869585,0.00020
19960614,-0.004400,0.0012237099,0.0060844711,-0.007219263,0.00020
19960617,-0.002100,-0.002304868,0.0056870472,-0.002609486,0.00020
19960618,-0.007700,-0.004638289,0.017346502,-0.010866557,0.00020
19960619,-0.001200,-0.002622841,-0.000702361,0.0015227103,0.00020
19960620,-0.003100,-0.007038401,0.0062675607,0.0010710278,0.00020
19960621,0.005800,-0.003085779,-0.000218437,0.0051381255,0.00020
19960624,0.003200,0.0027527848,-0.002030517,0.0049850036,0.00020
19960625,-0.002600,-0.003229517,0.0069648863,0.0038476975,0.00020
19960626,-0.008100,-0.001903607,0.0125338362,-0.007436107,0.00020
19960627,0.006100,-0.001778098,-0.00960505,0.0043035545,0.00020
19960628,0.007300,0.0078076449,-0.013143937,0.0063140782,0.00020
19960701,0.007500,-0.001225099,-0.001863504,-0.001413812,0.00020
19960702,-0.002900,0.0001606125,0.0033615186,0.0021588131,0.00020
19960703,-0.003500,-0.001540408,0.007906969,-0.001653778,0.00020
19960705,-0.020500,0.0087365062,0.0038433957,-0.001859123,0.00020
19960708,-0.008600,0.0042911818,0.0030897057,0.0054423939,0.00020
19960709,0.003200,-0.003489202,-0.001185464,-0.000862146,0.00020
19960710,-0.002100,-0.006908383,0.0097137896,0.0009555334,0.00020
19960711,-0.018700,-0.003677955,0.0194175837,-0.002073825,0.00020
19960712,0.000000,-0.003357358,0.0009299437,-0.002559567,0.00020
19960715,-0.026900,0.0014211747,0.0219989361,-0.002897392,0.00020
19960716,-0.005300,-0.008855255,0.0021919639,0.0035453486,0.00020
19960717,0.014200,0.0074118697,-0.025009733,0.0016495403,0.00020
19960718,0.016000,0.0005198787,-0.00519734,0.0062358487,0.00020
19960719,-0.007900,0.0053082094,0.0100808348,0.0033473973,0.00020
19960722,-0.009400,0.0024019774,0.011794195,0.005524004,0.00020
19960723,-0.014600,-0.005096264,0.0203200158,-0.009224764,0.00020
19960724,-0.002600,-0.011640439,0.0028438742,0.0060766002,0.00020
19960725,0.009200,0.0028042051,-0.010812561,-0.000965767,0.00020
19960726,0.009000,-0.000936005,-0.014213912,0.0036730633,0.00020
19960729,-0.007900,0.0043420373,0.0068859145,-0.003021271,0.00020
19960730,0.004800,-0.005081687,-0.001969034,0.0019062689,0.00020
19960731,0.007200,-0.001289764,0.0002372965,0.0015355455,0.00020
19960801,0.015700,-0.00729069,-0.005458874,0.0028846652,0.00020
19960802,0.018500,-0.009298388,-0.016020153,0.0019548797,0.00020
19960805,-0.003000,0.0034921502,0.0045974192,-0.001956967,0.00020
19960806,0.003100,0.0003028926,-0.006823096,-0.000274688,0.00020
19960807,0.003900,0.0032075496,-0.011160075,0.0014025217,0.00020
19960808,-0.001700,-0.000244169,0.002231457,-0.001742593,0.00020
19960809,-0.002800,0.0005417441,-0.002928459,-0.004611166,0.00020
19960812,0.005400,-0.005570035,0.0020585499,0.0027398565,0.00020
19960813,-0.007900,0.0042409883,0.0074317373,-2.339644E-6,0.00020
19960814,0.003900,0.0001730948,-0.004276426,-0.00098956,0.00020
19960815,0.000800,0.0012146855,0.0016065905,-0.000362475,0.00020
19960816,0.004100,-0.001347653,0.0060023359,-0.001421493,0.00020
19960819,0.000700,0.0019223528,0.0020404244,-0.001361294,0.00020
19960820,-0.001600,-0.000565401,0.0046127981,-0.00267881,0.00020
19960821,-0.000900,0.0020211751,-0.002699666,-0.000324945,0.00020
19960822,0.008500,0.000040406,-0.010819102,0.0023190717,0.00020
19960823,-0.003700,0.004044401,-0.001667766,0.0000314008,0.00020
19960826,-0.003700,0.0017038952,0.0026534009,-0.002996936,0.00020
19960827,0.004100,0.0042844152,-0.005908623,0.000486549,0.00020
19960828,0.000000,0.0056103202,-0.004557575,0.0025672029,0.00020
19960829,-0.009500,0.0089012231,0.0008106146,-0.001449319,0.00020
19960830,-0.006300,0.0049643457,0.00006981,-0.001520797,0.00020
19960903,0.001500,-0.0015649,0.0038849017,0.0053811399,0.00020
19960904,0.001500,0.0042686776,0.0014163571,0.0031584827,0.00020
19960905,-0.009800,0.0033793975,0.0114693159,-0.001040324,0.00020
19960906,0.009900,-0.002967862,-0.003680481,-0.000365769,0.00020
19960909,0.009800,-0.005917244,0.0019617313,0.0026622187,0.00020
19960910,0.000400,0.0013269814,-0.000640819,0.0038224215,0.00020
19960911,0.004200,-0.004014297,0.0010167267,-0.002532878,0.00020
19960912,0.006200,-0.00021356,-0.006757606,0.0004575644,0.00020
19960913,0.012900,-0.00482481,-0.008703966,0.0031281225,0.00020
19960916,0.004800,-0.002136199,-0.001588866,0.0004813087,0.00020
19960917,-0.001200,0.0026195353,-0.004506533,0.0059646044,0.00020
19960918,-0.001800,0.0011459601,0.0008842976,0.0004538773,0.00020
19960919,0.001800,-0.00281275,-0.004834864,0.0025096697,0.00020
19960920,0.005000,-0.00229982,-0.002637645,-0.000848947,0.00020
19960923,-0.002000,-0.001215314,0.0021106268,0.0031366052,0.00020
19960924,-0.000300,0.0037000893,-0.003583734,0.0010062101,0.00020
19960925,0.001500,0.001316581,-0.004394593,-0.003651529,0.00020
19960926,0.002000,-0.000261904,-0.004178819,-0.004218224,0.00020
19960927,0.000700,0.0027650237,0.0001936921,-0.000981382,0.00020
19960930,0.002000,-0.001031631,0.000864422,-0.000259523,0.00020
19961001,0.000200,-0.003646981,0.0087461873,-0.000024855,0.00020
19961002,0.007300,-0.000396842,0.0007607189,0.0007339403,0.00020
19961003,-0.001800,0.0019807107,0.0012288892,0.0005228788,0.00020
19961004,0.011000,-0.006723097,0.0008506049,-0.000755662,0.00020
19961007,0.001800,-0.004718017,0.0005473565,0.0017232354,0.00020
19961008,-0.004400,0.001668998,0.0032362417,-0.000296076,0.00020
19961009,-0.005100,0.0021421713,-0.001918487,0.0022516532,0.00020
19961010,-0.002400,0.0060491986,0.0021957364,0.0011059062,0.00020
19961011,0.006900,-0.004260984,0.0011305652,0.0004295461,0.00020
19961014,0.004400,-0.00082027,-0.00216358,0.0035645684,0.00020
19961015,-0.001700,0.000622891,0.0003421661,0.0059857618,0.00020
19961016,0.000900,-0.003215687,0.0085378909,0.0008648647,0.00020
19961017,0.002400,-0.003425203,0.0075622633,0.0051580562,0.00020
19961018,0.003500,-0.001923972,0.0026674203,-0.001179696,0.00020
19961021,-0.002700,-0.003937787,0.0064237482,-0.002686178,0.00020
19961022,-0.006700,-0.003748897,0.0066845587,0.0005978303,0.00020
19961023,-0.000300,0.0014580309,-0.00102815,0.0021525452,0.00020
19961024,-0.004900,0.0077291245,0.0003450156,-0.002166108,0.00020
19961025,-0.002100,-0.000091525,0.0042090063,-0.006996428,0.00020
19961028,-0.006200,-0.000449144,0.0081550796,-0.002244555,0.00020
19961029,0.002500,-0.008789222,0.0103377902,0.0019224265,0.00020
19961030,-0.000300,0.0008511627,-0.00317038,-0.002148806,0.00020
19961031,0.006200,0.0025002452,-0.006470122,0.0011878171,0.00020
19961101,-0.001800,-0.003762446,0.002256075,-0.000317105,0.00020
19961104,0.002700,-0.002930603,0.007536411,-0.000610571,0.00020
19961105,0.008600,-0.008380679,-0.002092729,0.0011752255,0.00020
19961106,0.013900,-0.002854286,-0.003470717,0.0064309465,0.00020
19961107,0.004100,-0.003568116,-0.004413867,0.0072573381,0.00020
19961108,0.003400,-0.00240699,0.0000864198,-0.003107485,0.00020
19961111,0.001600,0.0004895251,-0.00199359,-0.000166321,0.00020
19961112,-0.002300,-0.002041545,0.0046789671,-0.004497411,0.00020
19961113,0.001900,-0.000185152,0.0003185053,-0.000130024,0.00020
19961114,0.006000,-0.000498889,-0.000742377,-0.003419895,0.00020
19961115,0.000600,-0.004556015,0.006299837,-0.001247375,0.00020
19961118,-0.001700,0.0010096438,0.0067726379,0.0007093247,0.00020
19961119,0.005400,-0.001127632,0.0025092857,0.0035952475,0.00020
19961120,0.002000,-0.003455433,-0.001236241,0.0016869962,0.00020
19961121,-0.002000,0.0006334408,0.0018924363,-0.004933652,0.00020
19961122,0.007500,-0.00201722,-0.007833767,-0.002623861,0.00020
19961125,0.009900,-0.006093363,0.0012739762,0.0068580541,0.00020
19961126,-0.001900,-0.000790271,0.0000274452,-0.001559642,0.00020
19961127,0.000200,0.0035954568,-0.002536925,-0.000633477,0.00020
19961129,0.002700,-0.000231761,-0.002865647,-0.002185528,0.00020
19961202,0.000600,0.0030308238,-0.004709647,-0.000339213,0.00020
19961203,-0.007400,0.0139592341,-0.002885117,-0.001992242,0.00020
19961204,-0.003300,0.0071495918,-0.000368103,-0.001375064,0.00020
19961205,-0.000800,0.0031720133,-0.000825319,-0.004436783,0.00020
19961206,-0.007400,-0.004369498,0.0005095405,-0.003016099,0.00020
19961209,0.013800,0.0011551578,-0.005204561,0.009079501,0.00020
19961210,-0.002900,0.0068281181,0.0071147001,-0.004905572,0.00020
19961211,-0.009100,0.004943278,0.0002752223,0.0040741389,0.00020
19961212,-0.013000,0.0093316247,-0.000044393,-0.002741832,0.00020
19961213,-0.003000,-0.005964846,0.0066031029,-0.002744889,0.00020
19961216,-0.011200,0.0021907136,0.012525352,-0.001574211,0.00020
19961217,0.004700,-0.007562348,0.0005955642,0.0003995577,0.00020
19961218,0.008300,0.0033320128,-0.007355482,0.0054492569,0.00020
19961219,0.015600,-0.009865607,0.0042160177,0.0061587454,0.00020
19961220,0.002900,-0.000097044,0.0078102405,0.0020385046,0.00020
19961223,-0.003700,-0.001124791,0.0044922162,-0.000953298,0.00020
19961224,0.004800,-0.003758391,0.0019998408,-0.000822849,0.00020
19961226,0.005800,-0.00453874,-0.001023418,-0.0012714,0.00020
19961227,0.001700,0.0037632142,0.0025387865,0.0011688521,0.00020
19961230,-0.002600,0.0017484229,0.0019641749,0.0029182324,0.00020
19961231,-0.010200,0.0195363997,-0.010259446,-0.005264399,0.00020
19970102,-0.007500,-0.000238432,0.0049788182,-0.00526681,0.00020
19970103,0.013900,-0.001548939,-0.006553153,0.0030250679,0.00020
19970106,0.000200,0.0039876968,-0.001892413,0.0057763523,0.00020
19970107,0.007200,-0.003391761,-0.005396073,-0.000537387,0.00020
19970108,-0.004400,0.0060116609,-0.001763747,-0.003756218,0.00020
19970109,0.007300,-0.006267275,0.0018100336,0.0009702452,0.00020
19970110,0.005000,-0.002139073,-0.002285478,0.0041742266,0.00020
19970113,-0.000600,0.0031326513,0.0021004258,0.0083655494,0.00020
19970114,0.011200,-0.005696342,-0.000917682,0.0023498467,0.00020
19970115,-0.002300,0.0021896324,0.0050040157,-5.006671E-6,0.00020
19970116,0.002500,0.0014230237,0.0000295577,0.0023384205,0.00020
19970117,0.007200,-0.002376153,-0.000229277,0.0052594547,0.00020
19970120,0.002600,0.0038041073,-0.006536888,0.0006617712,0.00020
19970121,0.005800,-0.003778522,-0.000708945,0.000527055,0.00020
19970122,0.004400,-0.002630712,-0.000508739,-0.003375074,0.00020
19970123,-0.008500,0.0098606213,-0.000908242,-0.003940614,0.00020
19970124,-0.009700,0.0030945636,0.0063270971,-0.003007931,0.00020
19970127,-0.007200,0.0017928506,0.0044487525,-0.005780331,0.00020
19970128,0.000100,0.0037546401,0.000065278,0.002745572,0.00020
19970129,0.006800,-0.00977688,0.0074909195,0.0033228992,0.00020
19970130,0.012200,-0.00288845,0.0009815993,0.0074219516,0.00020
19970131,0.003100,-0.000725911,-0.001620134,0.0076119408,0.00020
19970203,-0.000200,0.0015346248,0.0069859182,-0.003257072,0.00020
19970204,0.001200,-0.004150127,0.0068180222,-0.000759006,0.00020
19970205,-0.012800,0.004890124,0.0055932298,-0.004553859,0.00020
19970206,0.002400,-0.002007496,0.0011268201,-0.005196675,0.00020
19970207,0.009700,-0.007175277,0.0002974597,0.0055560296,0.00020
19970210,-0.006500,-0.004285186,0.0137948726,-0.013683509,0.00020
19970211,0.003200,-0.004340366,0.0080719016,-0.004769116,0.00020
19970212,0.015200,-0.006948249,-0.007512288,0.0040550232,0.00020
19970213,0.010100,-0.003256754,-0.001002319,-0.000549252,0.00020
19970214,-0.002200,0.0019401445,-0.001861465,-0.003289617,0.00020
19970218,0.007100,-0.002369666,0.0080270646,-0.002018799,0.00020
19970219,-0.003100,0.0063943637,0.0004964719,-0.000779307,0.00020
19970220,-0.011700,0.0023721859,0.0042645191,0.0005826216,0.00020
19970221,-0.002600,-0.000189505,0.0101094445,-0.001880373,0.00020
19970224,0.008500,-0.006243996,0.0011783651,0.0025861554,0.00020
19970225,0.002400,-0.002510288,-0.004320909,-0.000185396,0.00020
19970226,-0.007500,0.0001111966,0.0000723259,-0.000287917,0.00020
19970227,-0.012700,0.0056719568,0.0122276764,-0.010975833,0.00020
19970228,-0.004900,0.0028864687,0.0030148231,0.0039915006,0.00020
19970303,0.003900,-0.002084059,0.0062592258,-0.000100843,0.00020
19970304,-0.002900,0.0072269982,-0.010105826,-0.005669631,0.00020
19970305,0.011700,-0.006006559,-0.003126094,0.0055710958,0.00020
19970306,-0.003100,0.0013022559,0.0029795547,0.0011199269,0.00020
19970307,0.006700,-0.005447021,0.0042410041,-0.009389527,0.00020
19970310,0.008500,-0.001361233,0.0039815571,0.0075222471,0.00020
19970311,-0.002400,0.0054761889,0.0036328006,-0.002454243,0.00020
19970312,-0.008000,-0.001528748,-0.000288572,-0.003930355,0.00020
19970313,-0.016600,0.0082298546,-0.002436416,-0.001883259,0.00020
19970314,0.003100,-0.004037469,0.0015917925,-0.006845436,0.00020
19970317,-0.001100,-0.008428608,0.0124480783,0.0035069083,0.00020
19970318,-0.007700,0.0036616358,0.0031777735,-0.0023864,0.00020
19970319,-0.006500,-0.004547229,0.0090824868,-0.001678156,0.00020
19970320,-0.002000,0.0035219284,-0.011129442,-0.000817456,0.00020
19970321,0.000900,-0.004291781,0.0019705108,0.0013670077,0.00020
19970324,0.004700,-0.013408563,0.0139951641,-0.000101413,0.00020
19970325,-0.000800,0.0024173149,-0.001796227,0.0052810754,0.00020
19970326,0.002300,0.0057292158,-0.009602443,0.0051922801,0.00020
19970327,-0.019000,0.0127005645,0.0020302431,-0.001241468,0.00020
19970331,-0.022600,0.0069679112,0.0107187867,0.0004718737,0.00020
19970401,0.001700,-0.007201704,0.0046844955,0.0016300975,0.00020
19970402,-0.011700,0.0051936206,0.0027339745,0.0003464942,0.00020
19970403,-0.000200,-0.005379945,-0.003784291,-0.002197552,0.00020
19970404,0.011500,0.0014470017,-0.016504763,0.0042559808,0.00020
19970407,0.007700,0.0021829945,-0.005119409,0.0047931254,0.00020
19970408,0.004300,-0.004475862,0.0006023499,-0.004534998,0.00020
19970409,-0.005800,0.0094013557,0.0011400081,0.0013191406,0.00020
19970410,-0.004200,0.0005150182,0.0076089172,-0.004863536,0.00020
19970411,-0.024800,0.0091070286,0.0073890647,1.332185E-6,0.00020
19970414,0.005500,-0.005129124,0.0007098511,0.0051632839,0.00020
19970415,0.011900,-0.009292307,0.0061118653,0.0034623766,0.00020
19970416,0.008100,-0.007249551,0.0078653805,0.0035701341,0.00020
19970417,-0.001100,0.0013810372,-0.001910547,-0.001338938,0.00020
19970418,0.004200,0.002205173,0.0086666895,0.0042814564,0.00020
19970421,-0.009900,0.0030630417,0.0090882656,0.0100275572,0.00020
19970422,0.014000,-0.013270597,0.0075319721,0.0048049079,0.00020
19970423,-0.000300,-0.002506646,-0.009866362,0.0024614785,0.00020
19970424,-0.002200,0.0062932739,-0.003281908,-0.005933186,0.00020
19970425,-0.009500,-0.001534896,0.0090643366,-0.002636409,0.00020
19970428,0.008200,-0.008541681,0.0020789571,0.00158681,0.00020
19970429,0.024100,-0.012894432,-0.003017738,-0.001500728,0.00020
19970430,0.009300,-0.004064629,-0.011705894,-0.001636578,0.00020
19970501,-0.001000,0.0104291975,-0.005052724,-0.00284968,0.00020
19970502,0.019300,0.0062873213,-0.007271036,0.0018057075,0.00020
19970505,0.021600,-0.000243746,-0.012709208,0.005089297,0.00020
19970506,-0.003100,-0.002631827,-0.000635214,-0.009624679,0.00020
19970507,-0.011800,0.011034129,-0.001741335,-0.004023565,0.00020
19970508,0.004100,-0.006343067,-0.003527394,-0.001383783,0.00020
19970509,0.005100,0.0002375275,-0.000976955,0.0010827757,0.00020
19970512,0.012900,-0.005040453,-0.000917771,0.0058962285,0.00020
19970513,-0.004500,0.0037910126,0.0007270783,-0.001158099,0.00020
19970514,0.003500,-0.001670779,0.0014846984,-0.000684095,0.00020
19970515,0.005800,-0.002547446,-0.004162771,0.0021502013,0.00020
19970516,-0.011300,0.0112658886,0.0013890246,-0.007180244,0.00020
19970519,0.002800,0.002139936,0.002207991,0.0061980743,0.00020
19970520,0.009100,-0.009781301,-0.004383426,0.0024196794,0.00020
19970521,-0.001300,0.008657945,-0.002939645,0.0067997675,0.00020
19970522,-0.002700,0.0059072844,0.0008880537,-0.0014252,0.00020
19970523,0.012600,-0.00072984,-0.004183725,-0.004710063,0.00020
19970527,0.003000,0.0055153379,-0.005518739,0.0004677541,0.00020
19970528,-0.001100,0.0033983318,-0.002879907,-0.004977573,0.00020
19970529,-0.002800,0.0021886009,-0.000575275,-0.006538134,0.00020
19970530,0.005500,-0.002879811,0.0003691788,-0.009007687,0.00020
19970602,-0.000500,0.0077203078,-0.004627457,-0.005797933,0.00020
19970603,-0.001600,-0.001974331,0.0079790189,-0.003310013,0.00020
19970604,-0.004400,0.0019954028,-0.002360817,-0.003385481,0.00020
19970605,0.004200,-0.000413096,-0.000238368,-0.00157956,0.00020
19970606,0.014100,-0.009159324,0.0017632754,0.0035966943,0.00020
19970609,0.004800,-0.00103929,0.0000788058,-0.011180022,0.00020
19970610,0.001400,-0.006138813,0.0062502954,-0.006657968,0.00020
19970611,0.004100,0.0000653434,0.0035405318,0.0000329154,0.00020
19970612,0.012900,-0.006346489,0.006969673,0.0004478915,0.00020
19970613,0.009900,-0.0071254,0.0001679187,0.0083513573,0.00020
19970616,0.000400,0.0015344308,-0.002959497,0.001660539,0.00020
19970617,0.001300,0.0022618948,-0.004416842,0.0065892071,0.00020
19970618,-0.003800,-0.002340933,0.001383443,-0.000512985,0.00020
19970619,0.009500,0.0024879946,-0.000056039,0.0035671897,0.00020
19970620,-0.000400,-0.004826426,-0.001447978,0.0039991776,0.00020
19970623,-0.018400,0.0132227771,-0.001089191,-0.000424371,0.00020
19970624,0.016200,-0.003750889,0.0028786567,0.0063786918,0.00020
19970625,-0.007100,0.0025084071,-0.000033971,0.0013336536,0.00020
19970626,-0.005000,0.0046913732,0.0009312787,-0.002550302,0.00020
19970627,0.004200,0.001112095,0.0008983764,0.0074073563,0.00020
19970630,-0.001000,0.0143795151,-0.005945564,0.0025753355,0.00020
19970701,0.005500,-0.011411594,0.0033812893,-0.001875476,0.00020
19970702,0.011600,-0.011369362,0.0000552204,-0.000441933,0.00020
19970703,0.012000,-0.00711656,0.0027560343,0.0021680361,0.00020
19970707,-0.003500,0.0037950835,-0.000811369,0.0013791947,0.00020
19970708,0.006900,-0.000593384,-0.003310635,0.0028598457,0.00020
19970709,-0.009500,0.0064539636,-0.002194047,0.0014882604,0.00020
19970710,0.005700,-0.002493709,-0.002530565,0.0004969579,0.00020
19970711,0.004400,0.002642705,-0.004044632,-0.000883305,0.00020
19970714,0.002300,0.0036277069,-0.004816475,0.00668315,0.00020
19970715,0.007400,-0.001962547,-0.004625608,0.0028313969,0.00020
19970716,0.011300,-0.001993259,-0.00569171,0.0024993785,0.00020
19970717,-0.005500,0.0036239844,0.0008143014,0.0001049651,0.00020
19970718,-0.014100,0.0129527177,0.0039685687,-0.003043989,0.00020
19970721,-0.004000,-0.00041562,0.0042742915,0.0009310106,0.00020
19970722,0.019900,-0.012313777,0.0001590931,0.0070379376,0.00020
19970723,0.002900,0.0006490443,-0.002379571,-0.00294054,0.00020
19970724,0.003100,-0.001883932,0.0011844412,-0.001001962,0.00020
19970725,-0.001200,0.00331528,-0.001178199,-0.004829124,0.00020
19970728,-0.002300,0.0016249045,0.0040243169,-0.002751501,0.00020
19970729,0.005300,-0.004163328,-0.00095132,-0.001679447,0.00020
19970730,0.010900,-0.003773269,0.002020279,-0.003645128,0.00020
19970731,0.001800,0.0010571126,-0.000232036,-0.000700779,0.00020
19970801,-0.005700,0.0064458947,-0.001737149,0.0012579242,0.00020
19970804,0.003000,0.0017780371,-0.005263395,0.0007534144,0.00020
19970805,0.003400,0.00318885,-0.00508812,0.0005732941,0.00020
19970806,0.007400,-0.002280268,0.0017823301,0.0015753126,0.00020
19970807,-0.007700,0.0104198655,0.0029137888,-0.002054951,0.00020
19970808,-0.018100,0.0040789219,-0.000546846,-0.005881118,0.00020
19970811,0.001600,-0.006098089,0.0082937713,-0.006227783,0.00020
19970812,-0.009300,0.0080722786,0.0008198437,-0.000916412,0.00020
19970813,-0.002600,0.0014635969,0.000795169,-0.001833851,0.00020
19970814,0.002600,-0.00148877,0.0028679759,0.0051665844,0.00020
19970815,-0.020500,0.0134387526,-0.001297047,-0.005367158,0.00020
19970818,0.008100,-0.009838429,0.0020632028,0.0027790987,0.00020
19970819,0.013800,0.0017305084,-0.005444668,0.0061628529,0.00020
19970820,0.013600,-0.003404482,-0.003842752,0.0069068936,0.00020
19970821,-0.012300,0.0089456618,-0.001309354,-0.000759609,0.00020
19970822,-0.002800,0.0002790248,0.0025532917,-0.001608762,0.00020
19970825,-0.001200,0.0079321569,-0.00330071,0.0009356361,0.00020
19970826,-0.006100,0.0083967772,-0.000794062,-0.003236615,0.00020
19970827,0.001800,0.0076676121,-0.000934504,0.0011722402,0.00020
19970828,-0.008100,0.0102996633,0.0003266893,-0.003730291,0.00020
19970829,-0.002100,0.0061411286,-0.002486418,-0.003243925,0.00020
19970902,0.024400,-0.013487582,0.0046658121,0.0077456287,0.00020
19970903,0.001800,-0.000470825,-0.000519386,0.0013134597,0.00020
19970904,0.002800,0.0014819076,0.0009673281,-0.000035486,0.00020
19970905,0.000200,0.0099754615,-0.003812578,-0.00492273,0.00020
19970908,0.003200,0.0012941726,0.0014334517,0.0009479677,0.00020
19970909,0.002700,0.0035818003,-0.003442943,-0.00086381,0.00020
19970910,-0.012200,0.0100841828,-0.002598058,-0.005632988,0.00020
19970911,-0.006300,0.008983547,-0.000131805,0.0000207834,0.00020
19970912,0.011900,-0.004200007,-0.001596835,0.0001864248,0.00020
19970915,-0.003200,0.0016169877,-0.000334618,-0.002720347,0.00020
19970916,0.022500,-0.012282514,0.0030160784,0.0080714421,0.00020
19970917,-0.000800,0.0029192893,-0.000636603,-0.003654508,0.00020
19970918,0.003500,-0.004863705,0.0002009077,-0.006259856,0.00020
19970919,0.003000,-0.001623029,-0.002960722,0.0022493307,0.00020
19970922,0.005000,-0.00011644,-0.001069493,0.0027482584,0.00020
19970923,-0.002800,0.0065466643,-0.00010925,0.0011868647,0.00020
19970924,-0.006200,0.0032401196,-0.000324487,-0.005249721,0.00020
19970925,-0.006200,0.008036992,-0.00196153,-0.004692154,0.00020
19970926,0.006400,-0.005145843,0.0049547739,-0.003530527,0.00020
19970929,0.007300,-0.00120949,0.0003683356,0.005348209,0.00020
19970930,-0.004300,0.0050351082,-0.002534519,-0.007101999,0.00020
19971001,0.006200,-0.005118134,0.0073220435,-0.003390945,0.00020
19971002,0.005500,0.0007272893,-0.003358615,0.0005562596,0.00020
19971003,0.004800,0.0002084363,-0.001457413,-0.005275695,0.00020
19971006,0.006800,-0.002577651,0.0031895814,-0.003420132,0.00020
19971007,0.009000,-0.003675173,-0.000257674,0.0037230257,0.00020
19971008,-0.006100,0.0054064773,-0.002605354,-0.001747773,0.00020
19971009,-0.002000,0.0038171687,-0.006333785,-0.001333413,0.00020
19971010,-0.002800,0.0047134165,-0.00089651,0.000278905,0.00020
19971013,0.001000,0.001161777,0.0024242721,-0.001150479,0.00020
19971014,0.000300,-0.001678878,0.003166458,-0.011069926,0.00020
19971015,-0.003300,-0.000764842,-0.001334655,-0.005792706,0.00020
19971016,-0.010500,-0.001216713,0.0037508608,-0.008159147,0.00020
19971017,-0.013100,-0.004473786,0.0060268171,-0.003127627,0.00020
19971020,0.011000,-0.000776279,-0.002129227,0.0040732893,0.00020
19971021,0.016500,-0.006396182,0.0016117913,0.0022405007,0.00020
19971022,-0.003000,0.0031651236,-0.000553878,0.002741935,0.00020
19971023,-0.018500,-0.000060892,0.003976309,0.0016863625,0.00020
19971024,-0.008100,0.0053674491,0.0047118,-0.010314879,0.00020
19971027,-0.065800,0.0150265119,0.0199590167,-0.003244574,0.00020
19971028,0.041100,-0.019702194,-0.012449357,0.013886297,0.00020
19971029,0.000700,0.0098301313,-0.006538842,-0.008952667,0.00020
19971030,-0.016100,0.0051438451,0.0031793247,0.0025178704,0.00020
19971031,0.011700,-0.002019391,-0.003002863,0.0010772802,0.00020
19971103,0.023100,-0.008133772,-0.003558177,0.0031951298,0.00020
19971104,0.002300,-0.002738067,0.0011232272,-0.000714361,0.00020
19971105,0.003400,0.0018774227,-0.005011243,0.0019557375,0.00020
19971106,-0.005100,0.0023247784,0.0044035947,-0.00283516,0.00020
19971107,-0.012800,-0.002722452,0.0049460367,0.0007655073,0.00020
19971110,-0.005300,0.0052070635,0.0051657002,-0.001266718,0.00020
19971111,0.000500,-0.004810779,0.0059297641,0.0033253351,0.00020
19971112,-0.019600,-0.001148842,0.0100838337,0.0008652484,0.00020
19971113,0.008400,-0.006581223,0.0038902689,0.0061974821,0.00020
19971114,0.012100,-0.002008018,-0.009455964,0.0067409692,0.00020
19971117,0.018400,-0.004375975,-0.003626259,-0.000788622,0.00020
19971118,-0.008000,-0.000714841,0.0074894628,-0.001726638,0.00020
19971119,0.004600,-0.00575645,0.0085136749,-0.002718149,0.00020
19971120,0.013700,-0.005678893,-0.000453075,0.00553158,0.00020
19971121,0.002500,-0.003966001,0.0020196534,0.0017686487,0.00020
19971124,-0.016800,0.0011586824,0.0066207089,-0.00234357,0.00020
19971125,0.003500,-0.002343688,0.0064029222,0.001884147,0.00020
19971126,0.001800,0.0002408559,-0.000587661,-0.004197258,0.00020
19971128,0.003600,-0.001386426,-0.000433615,-0.000985442,0.00020
19971201,0.017900,-0.006270499,0.0096527724,-0.005861173,0.00020
19971202,-0.003300,-0.000623898,0.0006954699,-0.002484968,0.00020
19971203,0.005300,-0.001810462,0.0004706642,0.0016026977,0.00020
19971204,-0.002000,0.0064193726,0.0009855643,-0.008657304,0.00020
19971205,0.009700,-0.004164643,-0.000949132,0.0004977562,0.00020
19971208,0.000400,0.0084283112,-0.003221527,0.0038922607,0.00020
19971209,-0.007400,-0.002151459,0.0043084557,-0.001173061,0.00020
19971210,-0.007900,-0.003927095,0.0054636767,0.0045676541,0.00020
19971211,-0.015800,-0.004530915,0.007654666,-0.005802485,0.00020
19971212,-0.003000,-0.003409531,0.0070897753,-0.007476599,0.00020
19971215,0.006700,-0.015446794,0.0108365613,-0.005826937,0.00020
19971216,0.006000,0.0074315456,-0.003387041,0.012032457,0.00020
19971217,-0.001500,0.0029816287,-0.002025982,-0.005357863,0.00020
19971218,-0.010800,-0.003280123,0.0067395136,-0.004617133,0.00020
19971219,-0.006800,0.0082116083,-0.001616681,0.0055604209,0.00020
19971222,0.005800,0.0013085368,0.0034864748,0.0115306378,0.00020
19971223,-0.012100,0.0111318319,0.0021593221,-0.002864954,0.00020
19971224,-0.005800,0.0026173632,0.0006927339,-0.00063367,0.00020
19971226,0.003300,-0.0004217,0.0000825463,-0.000244035,0.00020
19971229,0.016100,-0.006612244,-0.00127548,0.0078431086,0.00020
19971230,0.017600,-0.005223597,-0.007355146,0.003245076,0.00020
19971231,0.002000,0.0060100707,-0.010881246,-0.002600155,0.00020
19980102,0.002200,0.0005288137,0.002881182,-0.006195893,0.00020
19980105,0.002200,0.0002454097,0.0024014097,-0.000641978,0.00020
19980106,-0.010400,0.0030282641,0.0050570095,0.0056708582,0.00020
19980107,-0.003800,-0.005065151,-0.003551604,-0.000694271,0.00020
19980108,-0.008200,0.0036818232,0.003863062,0.0098860391,0.00020
19980109,-0.029800,0.0036879933,0.0070346646,-0.004683836,0.00020
19980112,0.007400,-0.013956009,0.0083707179,0.0105762561,0.00020
19980113,0.015000,-0.002015557,-0.008067056,0.0002996782,0.00020
19980114,0.006100,-0.000342356,-0.001151656,-0.00435722,0.00020
19980115,-0.006100,0.0080920627,-0.002015567,0.0012046163,0.00020
19980116,0.010800,-0.002296805,-0.007762069,-0.003322044,0.00020
19980120,0.016300,-0.004653646,-0.010054605,0.0061264722,0.00020
19980121,-0.006600,0.004154977,-0.005606981,0.0046610047,0.00020
19980122,-0.008000,0.0022472739,0.0066177568,-0.000272018,0.00020
19980123,-0.005600,0.0052647736,-0.002380084,0.0039325074,0.00020
19980126,-0.002500,-0.007586571,0.0059461208,-0.004324731,0.00020
19980127,0.009700,-0.004145772,0.0031658494,0.0014758887,0.00020
19980128,0.010100,0.0009477088,-0.005399436,0.0048657091,0.00020
19980129,0.007800,-0.00439769,-0.006728912,-0.001596481,0.00020
19980130,-0.004000,0.0011392633,-0.00067599,-0.003512868,0.00020
19980202,0.019300,-0.013952362,-0.001819263,-0.001339672,0.00020
19980203,0.005300,0.0024851953,-0.002495028,-0.002986094,0.00020
19980204,0.002200,0.0084821451,-0.011983047,0.0052493271,0.00020
19980205,-0.001500,0.0086514501,0.0012295041,-0.004668335,0.00020
19980206,0.007500,-0.005839939,0.0019257594,-0.005201692,0.00020
19980209,-0.000900,0.0046236835,0.0019894165,-0.004599344,0.00020
19980210,0.008100,0.0020312303,-0.005480899,0.0052120518,0.00020
19980211,0.001600,-0.00068235,-0.001183946,-0.002363559,0.00020
19980212,0.003600,-0.001034068,-0.001386248,0.0003189231,0.00020
19980213,-0.002500,0.0051056515,-0.000556446,0.0006708041,0.00020
19980217,0.001500,-0.004370967,0.0043905474,-0.000754013,0.00020
19980218,0.008000,-0.006725492,-0.002796622,0.0041287839,0.00020
19980219,-0.002300,0.0059510778,-0.003522337,0.0024001916,0.00020
19980220,0.003800,-0.003240477,0.0010062266,0.0010481213,0.00020
19980223,0.004400,0.0044608581,0.0007203549,0.0030388328,0.00020
19980224,-0.007400,0.0068537543,0.0082583093,0.0001740036,0.00020
19980225,0.011400,-0.001721192,-0.001124999,-0.000233647,0.00020
19980226,0.005600,-0.000250397,-0.00507961,0.0007921581,0.00020
19980227,0.000500,-0.00104937,0.0013219721,-0.004816953,0.00020
19980302,-0.001600,0.000812602,-0.00356271,-0.003242334,0.00020
19980303,0.003400,-0.003790743,0.0042431212,-0.007603324,0.00020
19980304,-0.004200,0.0014564656,-0.003194772,-0.002283238,0.00020
19980305,-0.010300,-0.004496227,0.002557734,-0.002559276,0.00020
19980306,0.018500,-0.005598263,-0.002242868,0.0045458912,0.00020
19980309,-0.003200,-0.002661574,0.0057614712,-0.001385535,0.00020
19980310,0.010700,-0.005280318,-0.001951013,-0.002394343,0.00020
19980311,0.005000,0.0023449265,0.0002800464,-0.005315471,0.00020
19980312,0.001300,0.0009503235,-0.002105852,-0.0024275,0.00020
19980313,-0.000700,0.0006684271,-0.000087586,-0.001408651,0.00020
19980316,0.008800,-0.002895998,0.0015256436,-0.001496505,0.00020
19980317,0.001000,-0.000859161,0.0047869249,-0.010261588,0.00020
19980318,0.004800,-0.004169974,-0.004411167,-0.000948001,0.00020
19980319,0.004000,-0.00177296,-0.003691543,0.0019065635,0.00020
19980320,0.005700,-0.009062395,0.0014320115,-0.00245136,0.00020
19980323,-0.003300,0.0022825503,-0.005050886,0.0006477874,0.00020
19980324,0.008500,-0.00477958,0.0005145703,0.0015465057,0.00020
19980325,-0.002400,0.005320847,-0.000763462,0.0062782627,0.00020
19980326,-0.000600,0.0018298976,-0.003047058,0.0004688043,0.00020
19980327,-0.004000,0.0010450447,-0.001018888,-0.002211253,0.00020
19980330,-0.002200,0.0021929709,0.0017839794,0.0086726748,0.00020
19980331,0.007700,0.001427322,-0.001676686,0.0020785192,0.00020
19980401,0.006000,0.0052184235,-0.005517029,0.002691017,0.00020
19980402,0.008400,-0.00732141,0.0065351498,-0.001261173,0.00020
19980403,0.001900,-0.003415312,-0.002066849,-0.000112494,0.00020
19980406,-0.003000,-0.008802418,0.006118166,-0.010188878,0.00020
19980407,-0.010500,-0.003029569,0.0027824913,-0.005047406,0.00020
19980408,-0.004900,0.009210204,-0.001574001,0.0020321726,0.00020
19980409,0.008200,0.0002582638,0.000304092,0.0007208798,0.00020
19980413,-0.000200,0.0008340747,0.0017117444,-0.003144895,0.00020
19980414,0.006700,0.0026610437,0.0002094042,-0.002697668,0.00020
19980415,0.003700,0.0012568777,0.0005973673,-0.00157743,0.00020
19980416,-0.008800,0.0003242393,0.0072040413,-0.003568643,0.00020
19980417,0.011100,-0.007743006,-0.001409563,0.0018258929,0.00020
19980420,0.001600,0.0075774454,-0.006837387,0.0093267389,0.00020
19980421,0.002400,0.0050809695,-0.002605107,0.0040100498,0.00020
19980422,0.002900,0.0010024766,0.0052986945,-0.001620031,0.00020
19980423,-0.011300,0.0006622465,0.0043561529,-0.003623911,0.00020
19980424,-0.009800,0.0025759862,0.0014738621,0.0015298098,0.00020
19980427,-0.021400,-0.003283503,0.0055286472,0.0030375572,0.00020
19980428,0.001500,0.0073890392,-0.008370137,-0.00245303,0.00020
19980429,0.009000,-0.001509425,-0.00766089,0.003780506,0.00020
19980430,0.014700,-0.003725508,0.0003643614,0.0023564914,0.00020
19980501,0.006000,-0.005035256,0.0002247702,-0.006195114,0.00020
19980504,0.001500,0.0005632494,0.0007991129,0.0018408761,0.00020
19980505,-0.005900,-0.001739025,0.0017046992,-0.002465284,0.00020
19980506,-0.008300,0.0053622693,0.0032912261,-0.001621454,0.00020
19980507,-0.008300,0.0039793466,0.0019470582,-0.000977703,0.00020
19980508,0.010700,-0.005213396,-0.000367337,0.0053878025,0.00020
19980511,-0.002500,-0.003267728,0.0088565063,-0.004184996,0.00020
19980512,0.005300,-0.005548767,-0.002066971,0.0047962799,0.00020
19980513,0.002700,-0.00023032,0.0040649567,0.0082248766,0.00020
19980514,-0.001800,-0.002363843,0.0025763522,0.0008727004,0.00020
19980515,-0.007800,0.0025264447,0.0012327864,-0.004990534,0.00020
19980518,-0.004400,-0.002765374,0.0057761474,0.0045210892,0.00020
19980519,0.003800,0.0022878815,-0.001705378,0.0058527674,0.00020
19980520,0.004700,-0.011693374,0.0032357162,-0.003456274,0.00020
19980521,-0.003600,0.0007952502,0.0018847918,-0.001101156,0.00020
19980522,-0.005500,-0.001507571,0.0045732678,-0.003675856,0.00020
19980526,-0.015000,0.0007413955,0.0049040011,-0.000210306,0.00020
19980527,-0.003600,-0.009956135,0.0040154363,0.0108809648,0.00020
19980528,0.005600,0.0074211222,-0.004792497,0.0027199939,0.00020
19980529,-0.004200,0.0040900717,-0.000308081,-0.002474612,0.00020
19980601,-0.003300,-0.006652676,0.0067822088,-0.00504022,0.00020
19980602,0.001800,-0.006693763,-0.000554319,0.0030466413,0.00020
19980603,-0.007800,0.0076026773,0.0015673944,0.0022881997,0.00020
19980604,0.009900,-0.004777678,-0.000808823,0.0088404062,0.00020
19980605,0.014500,-0.010707328,-0.001304025,0.0036334474,0.00020
19980608,0.002700,0.0016691225,-0.001563526,0.002427544,0.00020
19980609,0.002500,-0.001073415,-0.00250129,0.0031272333,0.00020
19980610,-0.007000,-0.004841956,0.0018192182,0.0044469517,0.00020
19980611,-0.014600,0.0024880726,0.0009464461,0.002578671,0.00020
19980612,0.000900,-0.007664653,0.0029743733,0.0067498143,0.00020
19980615,-0.019200,0.003606159,0.0069156311,0.0082445037,0.00020
19980616,0.009900,-0.001028316,-0.007201093,0.0072030408,0.00020
19980617,0.016300,-0.004984004,-0.001353319,0.0000990484,0.00020
19980618,-0.001400,-0.006418269,-0.001508112,0.003652847,0.00020
19980619,-0.004200,0.0027513239,-0.003111353,0.0048863446,0.00020
19980622,0.003300,0.0036980277,-0.000728737,0.0059912142,0.00020
19980623,0.013500,-0.003733159,-0.004695297,0.0031141371,0.00020
19980624,0.011300,-0.002204725,0.0002459546,0.0007975953,0.00020
19980625,-0.003200,0.0009595703,-0.000667117,-0.000936916,0.00020
19980626,0.002900,0.001161438,0.004113208,0.0038524926,0.00020
19980629,0.005500,0.0012090264,-0.001791217,0.0066691401,0.00020
19980630,-0.002000,0.0076078963,-0.002056663,0.0001195832,0.00020
19980701,0.011300,-0.007135307,0.0040609541,-0.007499403,0.00020
19980702,-0.001900,-0.001630581,0.0014616567,-0.004365538,0.00020
19980706,0.008500,-0.008562892,0.0008151285,0.0064811991,0.00020
19980707,-0.001700,-0.001821469,0.0000131746,-0.000493505,0.00020
19980708,0.009000,-0.004454957,-0.003323193,-0.00466167,0.00020
19980709,-0.005100,0.0072097882,-0.000129361,0.0032978974,0.00020
19980710,0.003100,-0.002489723,0.0010096511,0.0036785526,0.00020
19980713,0.001000,-1.673545E-6,-0.003143125,0.0021720463,0.00020
19980714,0.008300,-0.006251016,0.0049805289,-0.002325898,0.00020
19980715,-0.000800,0.0055805514,-0.006010422,0.0032531786,0.00020
19980716,0.006500,-0.004559921,-0.001830166,0.0019779544,0.00020
19980717,0.002000,-0.003933718,-0.002200638,-0.002422478,0.00020
19980720,-0.001300,-0.001217167,-0.000354968,-0.001495211,0.00020
19980721,-0.015900,0.0049190854,0.0043758437,-0.001520656,0.00020
19980722,-0.002800,-0.005259465,0.0043483932,0.0015349538,0.00020
19980723,-0.020500,0.0019890573,0.0120248081,0.0011948091,0.00020
19980724,-0.001500,-0.005328324,0.0046175599,0.0090291022,0.00020
19980727,0.002000,-0.009915537,0.00874931,0.003473202,0.00020
19980728,-0.015000,0.0028730083,0.0024413488,0.0065259012,0.00020
19980729,-0.004600,0.0028028922,0.001105836,-0.006278078,0.00020
19980730,0.014600,-0.010777167,-0.003584536,0.0058094757,0.00020
19980731,-0.018700,-0.001939792,0.0032378941,-0.011427379,0.00020
19980803,-0.008700,-0.007527321,0.0065154192,0.005523993,0.00020
19980804,-0.035500,0.0113715518,0.0077420921,0.0018479814,0.00020
19980805,0.004800,-0.009714968,0.0091409017,0.0042937349,0.00020
19980806,0.010700,0.0078753284,-0.009653968,0.005313681,0.00020
19980807,0.003900,0.0141573642,-0.013009347,-0.003230987,0.00020
19980810,-0.005900,-0.001622623,0.0039903732,0.0045488826,0.00020
19980811,-0.016600,-0.006448917,0.0088388545,0.0064282577,0.00020
19980812,0.015400,0.0017132465,-0.004355412,0.003401557,0.00020
19980813,-0.008700,0.0027461326,0.0033733717,0.0014916238,0.00020
19980814,-0.009600,0.0088708495,0.0044897406,-0.001981127,0.00020
19980817,0.015100,-0.013601814,0.0016203794,0.0122642965,0.00020
19980818,0.016100,-0.002181171,-0.004873061,0.0033736779,0.00020
19980819,-0.004600,-0.009829486,0.0030158638,-0.001398432,0.00020
19980820,-0.006700,-0.00286682,0.0012289387,0.00129587,0.00020
19980821,-0.011600,0.0001544192,0.0063639191,0.0075487874,0.00020
19980824,0.003800,-0.008836885,0.0068997425,0.0073623047,0.00020
19980825,0.002100,-0.0104883,0.0028563115,0.0078135762,0.00020
19980826,-0.010800,-0.00754088,0.007798662,0.0132358781,0.00020
19980827,-0.039100,0.0042354438,0.0109857406,0.0094719978,0.00020
19980828,-0.016900,-0.004722396,0.009070155,-0.000713632,0.00020
19980831,-0.067000,0.0066863164,0.0209507794,-0.009402066,0.00020
19980901,0.035600,-0.009605983,-0.006413032,0.0013355028,0.00020
19980902,-0.000200,0.0074610781,-0.007450228,-0.010188439,0.00020
19980903,-0.010900,-0.002105487,0.0052878899,0.0097656618,0.00020
19980904,-0.007800,0.0108248424,0.003143367,-0.000832979,0.00020
19980908,0.049300,-0.015768617,-0.017508814,0.00192444,0.00020
19980909,-0.017700,-0.007785244,0.0079732845,-0.000282426,0.00020
19980910,-0.025200,0.0034666567,0.0029799941,0.0010325016,0.00020
19980911,0.026700,-0.002448683,-0.004079601,0.0014757126,0.00020
19980914,0.020400,-0.010086545,-0.002758275,-0.005938739,0.00020
19980915,0.007100,-0.005805192,0.0022429306,-0.004969404,0.00020
19980916,0.008400,-0.008346311,-0.006708464,-0.01180563,0.00020
19980917,-0.023500,0.0084666415,0.002084369,-0.000584977,0.00020
19980918,0.004000,0.0127061136,0.0013263668,0.0012142769,0.00020
19980921,0.001900,-0.009084402,0.0049726028,0.0033924221,0.00020
19980922,0.006900,0.007492278,-0.007861888,-0.000122753,0.00020
19980923,0.032300,-0.013797504,-0.009151213,-0.002663804,0.00020
19980924,-0.020500,0.0070961967,0.0090994118,0.0049904687,0.00020
19980925,0.000800,-0.006699215,-0.005590184,-0.004231719,0.00020
19980928,0.003400,-0.005785527,0.0100767752,0.0036570249,0.00020
19980929,-0.001200,-0.001730968,0.0078489813,0.0065646496,0.00020
19980930,-0.025800,0.0254211825,0.0045053175,0.011099679,0.00020
19981001,-0.032700,0.0052643216,0.021137837,0.0113092908,0.00010
19981002,0.014100,-0.014673925,0.0046059229,-0.013106345,0.00010
19981005,-0.019100,-0.006652038,0.0248242411,0.0168322238,0.00010
19981006,-0.005500,-0.004178565,0.0087357775,0.0107990996,0.00010
19981007,-0.018000,-0.00712699,0.0267915075,0.0228691973,0.00010
19981008,-0.016700,-0.017189612,0.0050547358,-0.003593576,0.00010
19981009,0.026400,-0.013245883,-0.024306976,-0.027021107,0.00010
19981012,0.016500,-0.001017979,-0.009010524,-0.00067667,0.00010
19981013,-0.006300,-0.011436766,0.0002845368,-0.001724836,0.00010
19981014,0.013400,-0.006111288,-0.002396038,0.0029840556,0.00010
19981015,0.040600,-0.016265883,-0.012037455,-0.021861334,0.00010
19981016,0.010200,0.007635226,-0.010454621,-0.009257777,0.00010
19981019,0.008300,0.01568379,-0.017535872,-0.014998924,0.00010
19981020,0.002700,0.0189792101,-0.007718529,-0.020080734,0.00010
19981021,0.005900,0.0071841422,-0.002535058,0.0092995415,0.00010
19981022,0.008700,0.0067730194,-0.013349179,-0.005681749,0.00010
19981023,-0.006000,0.0116177819,0.0000497009,0.0013982589,0.00010
19981026,0.004100,0.0084254118,-0.005271291,-0.001871058,0.00010
19981027,-0.005300,0.003896334,-0.002607008,0.0064031646,0.00010
19981028,0.002400,-0.001786055,-0.001674377,0.0025800136,0.00010
19981029,0.015900,-0.006188527,0.0005635649,-0.005945816,0.00010
19981030,0.012200,-0.002674581,-0.005260288,-0.012914968,0.00010
19981102,0.014000,0.0064358145,-0.00634412,-0.003919956,0.00020
19981103,-0.001000,0.003444748,0.0102564587,0.0029095449,0.00020
19981104,0.008800,0.0051183989,-0.008296706,-0.006170395,0.00020
19981105,0.012800,-0.002661005,0.0006832067,-0.008981698,0.00020
19981106,0.006800,0.0069083849,-0.003038925,-0.003004329,0.00020
19981109,-0.008300,0.0047898217,0.00067379,0.0088661178,0.00020
19981110,-0.001500,-0.0009551,0.0067912363,0.0132920078,0.00020
19981111,-0.006900,0.0000753067,0.0079150954,0.0099229711,0.00020
19981112,-0.002800,-0.001087147,0.0028066313,0.0056474707,0.00020
19981113,0.005400,-0.018849424,-0.004174273,-0.014664865,0.00020
19981116,0.007600,-0.007710696,-0.004286121,0.0003684197,0.00020
19981117,0.003200,-0.002330074,-0.003297515,-0.006808619,0.00020
19981118,0.005100,0.0033559753,0.0053719267,0.0105373225,0.00020
19981119,0.006600,-0.001954871,-0.00271733,0.0034753921,0.00020
19981120,0.007800,-0.003142657,-0.002235368,-0.003251091,0.00020
19981123,0.020200,-0.009099588,-0.004271422,-0.01210176,0.00020
19981124,-0.004300,0.0009457931,0.0002978753,-0.001954408,0.00020
19981125,0.004000,0.0031766951,-0.002432545,-0.004861301,0.00020
19981127,0.005400,0.0032889027,-0.001075927,-0.002089505,0.00020
19981130,-0.023100,0.0173065848,0.0061570072,0.0104939068,0.00020
19981201,0.008600,-0.003279093,0.0007445882,0.010703024,0.00020
19981202,-0.002100,-0.002996273,0.0033656688,0.0040197223,0.00020
19981203,-0.016200,0.0077200001,0.0041793503,0.0136696358,0.00020
19981204,0.020100,-0.01079668,-0.00251228,0.0012551825,0.00020
19981207,0.008900,-0.001794528,-0.002367781,0.0019731191,0.00020
19981208,-0.004400,0.0055856991,-0.004140496,0.0101946594,0.00020
19981209,0.000900,0.0002183387,0.000632002,0.0001992322,0.00020
19981210,-0.015500,0.0037474623,0.0041544875,0.0074255961,0.00020
19981211,-0.000500,-0.001499809,0.000541913,0.0077736259,0.00020
19981214,-0.021200,-0.001782296,0.0086543531,0.0069093844,0.00020
19981215,0.016700,-0.018279951,-0.004345327,-0.002504312,0.00020
19981216,-0.000900,0.002357454,0.0013926499,0.0004345256,0.00020
19981217,0.015100,-0.011437173,-0.003654947,-0.007198901,0.00020
19981218,0.006800,0.0006758396,-0.003702919,0.0069836876,0.00020
19981221,0.013500,-0.008576753,-0.006178633,0.0034646007,0.00020
19981222,-0.000100,-0.000182659,0.0052915032,0.0125024673,0.00020
19981223,0.019300,-0.009795018,0.0004574684,0.0002115638,0.00020
19981224,-0.000600,0.0010594718,-0.002979912,-0.005378995,0.00020
19981228,0.001600,0.0024678522,-0.001274137,0.0054628706,0.00020
19981229,0.011400,-0.006337418,-0.001034362,0.0093767535,0.00020
19981230,-0.005000,0.0113638882,-0.005991762,-0.004071328,0.00020
19981231,0.004300,0.0211801349,-0.0080723,-0.003860834,0.00020
19990104,-0.001800,0.0041583735,0.0034615242,-0.013617678,0.00020
19990105,0.011000,-0.012022463,-0.000941358,-0.008946775,0.00020
19990106,0.021100,-0.011941135,-0.010938497,-0.013405045,0.00020
19990107,-0.000700,0.0072123203,-0.009669389,-0.027712838,0.00020
19990108,0.004500,0.0031287906,-0.000811995,-0.003794227,0.00020
19990111,-0.005200,0.0051879703,-0.004827919,-0.006849045,0.00020
19990112,-0.018500,0.0054029947,0.0021189544,0.0038189143,0.00020
19990113,-0.005400,0.0044825269,0.0060267761,0.0169507647,0.00020
19990114,-0.016600,0.0106746547,-0.002559774,0.0046664724,0.00020
19990115,0.022800,-0.010433698,-0.00317824,-0.000111763,0.00020
19990119,0.008000,0.001315489,-0.005626507,0.0070813397,0.00020
19990120,0.002400,0.007661905,-0.007113391,-0.002791642,0.00020
19990121,-0.018200,0.0069303428,0.0021738486,-0.002609149,0.00020
19990122,-0.006600,0.0009178092,0.0008942488,0.0015062679,0.00020
19990125,0.006700,-0.010545508,0.0050562807,-0.004482676,0.00020
19990126,0.013900,-0.000644188,-0.002147252,0.0116606039,0.00020
19990127,-0.007400,0.0010384401,0.0020566365,0.0128432725,0.00020
19990128,0.016300,-0.01394894,-0.003066834,-0.001087742,0.00020
19990129,0.009500,0.002906038,-0.001761771,0.0019806961,0.00020
19990201,-0.003900,0.0034761348,0.0031122901,0.0020950189,0.00020
19990202,-0.008900,-0.0031095,0.010183926,-0.002151447,0.00020
19990203,0.009000,-0.006236551,0.0008926348,-0.006217096,0.00020
19990204,-0.019200,0.0068553426,0.0065881473,-0.012863016,0.00020
19990205,-0.009200,-0.00539348,0.0055210627,-0.007800782,0.00020
19990208,0.002400,-0.001538561,-0.000870365,-0.001951214,0.00020
19990209,-0.022500,0.0070768025,0.005960422,-0.001573957,0.00020
19990210,0.002700,-0.015648484,0.0038791164,0.0056187875,0.00020
19990211,0.024900,-0.011500286,-0.008103434,0.0101692389,0.00020
19990212,-0.019100,0.0010324217,0.0038393935,-0.005519076,0.00020
19990216,0.006400,-0.013766191,-0.002006869,0.0006602813,0.00020
19990217,-0.014500,-0.007895153,0.0058137039,-0.005565169,0.00020
19990218,0.009200,-0.006346376,0.003943592,-0.001944514,0.00020
19990219,0.002500,0.0016046728,-0.00144382,-0.000539363,0.00020
19990222,0.024200,-0.016678608,-0.002276811,0.0059641736,0.00020
19990223,0.000900,0.0056192679,-0.003254613,0.0020560707,0.00020
19990224,-0.013100,0.0044036883,0.0005082088,0.0002105464,0.00020
19990225,-0.006900,0.0052435977,0.005179854,-0.004625384,0.00020
19990226,-0.004900,0.0004942957,0.0015302364,-0.007513996,0.00020
19990301,-0.000100,0.0008588529,0.0003893973,-0.002056514,0.00020
19990302,-0.006900,0.0037531869,0.0036047725,-0.0015322,0.00020
19990303,0.000100,-0.004711888,0.0036296635,-0.001560692,0.00020
19990304,0.013400,-0.008298069,0.0009723912,-0.001000798,0.00020
19990305,0.020400,-0.015531572,-0.001302262,0.0069996606,0.00020
19990308,0.006600,-0.001264862,-0.004558193,-0.000881985,0.00020
19990309,-0.002300,-0.00138344,-0.003504346,7.6060374E-6,0.00020
19990310,0.005200,-0.007540119,-0.001055691,-0.01969678,0.00020
19990311,0.007300,-0.006849856,-0.002544628,-0.003435825,0.00020
19990312,-0.003200,-0.003281212,0.0054553639,-0.007881723,0.00020
19990315,0.009500,-0.003254611,-0.000098353,0.0017536421,0.00020
19990316,-0.001400,0.0009310501,0.0018237057,0.0064495519,0.00020
19990317,-0.005400,0.0001554653,-0.002404044,-0.006421544,0.00020
19990318,0.012800,-0.014177368,-0.0060359,-0.003610107,0.00020
19990319,-0.013200,0.0009186929,0.0019594351,-0.004293029,0.00020
19990322,-0.003300,-0.000280256,0.0063471003,-0.005406003,0.00020
19990323,-0.026400,0.0030421831,0.0089758104,-0.003545975,0.00020
19990324,0.005200,-0.001615499,-0.002874853,0.0011051661,0.00020
19990325,0.017800,0.0038094569,-0.008359555,0.0080086634,0.00020
19990326,-0.005000,0.0069428587,-0.002342151,-0.0043994,0.00020
19990329,0.019800,-0.005424106,-0.003876498,0.0073582865,0.00020
19990330,-0.006400,0.0057103267,-0.000392264,0.0110647653,0.00020
19990331,-0.009000,0.0016147997,-0.010998376,0.0016126995,0.00020
19990401,0.005400,-0.001311223,-0.000178578,0.0038272319,0.00020
19990405,0.018700,-0.019044618,0.0002957739,0.0081956343,0.00020
19990406,-0.002600,0.0005754269,0.0071631552,0.0045306537,0.00020
19990407,0.004200,-0.013545595,-0.002043936,-0.001401976,0.00020
19990408,0.012600,-0.008896464,-0.002284891,-0.002172009,0.00020
19990409,0.004300,0.0108869492,-0.006075039,-0.010294715,0.00020
19990412,0.008700,-0.011982625,-0.003200517,-0.010146997,0.00020
19990413,-0.003500,0.0077401728,0.0034400125,-0.009670451,0.00020
19990414,-0.014200,0.0137255836,0.0072161731,-0.010116962,0.00020
19990415,-0.003800,0.0044023829,0.004525282,-0.021433154,0.00020
19990416,-0.002300,0.0136235905,-0.000141135,-0.016238453,0.00020
19990419,-0.024600,0.0128575293,0.011391407,-0.021735877,0.00020
19990420,0.013800,-0.009845599,-0.009219991,0.0103974741,0.00020
19990421,0.025100,-0.003231318,-0.013959654,0.0112366331,0.00020
19990422,0.013500,-0.002907359,0.0006061409,0.0041794616,0.00020
19990423,0.001100,0.0050828853,-0.000440677,-0.000193418,0.00020
19990426,0.004300,0.0016713012,-0.002043312,0.0083355068,0.00020
19990427,0.000900,-0.001264166,-0.000538334,-0.008174836,0.00020
19990428,-0.008800,0.0079686272,0.0052265588,-0.018346225,0.00020
19990429,-0.004500,0.0045803104,0.0030022238,-0.012233553,0.00020
19990430,-0.004700,0.0077185189,0.0002499744,-0.00062146,0.00020
19990503,0.011000,-0.006640052,0.0058857157,0.0061362889,0.00020
19990504,-0.014900,0.016068022,0.0026411854,-0.00772806,0.00020
19990505,0.010400,-0.012922988,-0.002052363,0.0053758597,0.00020
19990506,-0.011600,0.0090474929,0.006321047,-0.003051496,0.00020
19990507,0.008800,-0.004549926,0.0072083146,0.002920965,0.00020
19990510,-0.000100,0.0092125697,0.0018930746,-0.003155705,0.00020
19990511,0.011900,-0.00397819,-0.005045893,-0.000597646,0.00020
19990512,0.006300,-0.001755656,-0.005572177,0.0033745195,0.00020
19990513,0.002300,0.0045938851,0.0024948439,-0.006825383,0.00020
19990514,-0.021400,0.0120830031,-0.000088881,-0.003959179,0.00020
19990517,0.001600,-0.000082666,-0.000120975,0.0056673357,0.00020
19990518,-0.004000,0.0081044439,0.00021221,0.0038037914,0.00020
19990519,0.008200,-0.004466151,-0.005993667,-0.002370534,0.00020
19990520,-0.003600,0.0120503796,0.0031685009,0.0000674143,0.00020
19990521,-0.005600,0.0175126785,0.0042813077,-0.003254551,0.00020
19990524,-0.019100,0.0063868497,0.0036202045,0.0044736041,0.00020
19990525,-0.018000,0.0087243979,0.0086597937,-0.001884698,0.00020
19990526,0.014000,-0.018953316,-0.002875213,0.0079647215,0.00020
19990527,-0.014600,0.0127994748,0.0014146886,-0.001708156,0.00020
19990528,0.015000,-0.004078721,-0.003113346,0.0007996406,0.00020
19990601,-0.008000,0.0039945256,0.0052845531,0.0063927639,0.00020
19990602,0.001300,-0.003684097,0.0024592784,0.0029035531,0.00020
19990603,0.001200,-0.00136114,-0.002139363,-0.005580069,0.00020
19990604,0.020300,-0.007121756,-0.003420532,0.0084235373,0.00020
19990607,0.007100,0.000420984,-0.002249776,-0.004024935,0.00020
19990608,-0.012300,0.0039102996,0.0010502214,-0.000505752,0.00020
19990609,0.001600,0.006444794,-0.003199556,0.0022803378,0.00020
19990610,-0.012000,0.0081066995,0.0022378882,-0.004164489,0.00020
19990611,-0.008000,0.0022992487,-0.001025353,-0.005816611,0.00020
19990614,-0.004800,-0.009739223,0.0142779884,0.0040463596,0.00020
19990615,0.005200,-0.003890047,-0.000658445,0.002085476,0.00020
19990616,0.022500,-0.009941244,-0.006766742,0.0037502003,0.00020
19990617,0.007200,-0.001007997,-0.008031244,-0.000355655,0.00020
19990618,0.002200,0.0003254609,-0.000785218,-0.00221666,0.00020
19990621,0.006200,0.0023257267,-0.000098544,0.0135327985,0.00020
19990622,-0.009300,0.0029728224,0.0028642356,0.0006793558,0.00020
19990623,-0.001400,0.0042755627,-0.000540134,-0.003481802,0.00020
19990624,-0.013000,0.008165931,0.0045442987,-0.006466541,0.00020
19990625,-0.000600,0.0048312554,-0.000014997,0.0067866939,0.00020
19990628,0.012300,-0.003951072,-0.005446051,0.0047150633,0.00020
19990629,0.014700,-0.008320984,0.0003024035,0.0061292666,0.00020
19990630,0.015600,0.0100431718,-0.003934461,0.0035095572,0.00020
19990701,0.005600,-0.003555492,0.0053947367,0.0038872976,0.00020
19990702,0.007300,-0.000871011,0.0007171189,0.0001640146,0.00020
19990706,-0.000800,0.0002305261,-0.001915246,-0.002244131,0.00020
19990707,0.002300,-0.011246274,0.0093762548,0.003182084,0.00020
19990708,0.000300,0.0089640836,0.0000403025,-0.003415214,0.00020
19990709,0.005400,0.0021519496,0.0014796599,-0.00051125,0.00020
19990712,-0.002400,0.0089746903,0.0041944922,-0.00098626,0.00020
19990713,-0.003900,0.0037388545,0.0009584019,-0.000960655,0.00020
19990714,0.004500,0.0053261021,-0.004281918,0.005829511,0.00020
19990715,0.008300,0.002367053,-0.000155554,-0.000052855,0.00020
19990716,0.004800,-0.004831426,-0.001665447,0.0041516109,0.00020
19990719,-0.008200,-0.000674096,0.0040734451,0.000422726,0.00020
19990720,-0.022100,0.0008346966,0.0042370904,-0.01053173,0.00020
19990721,0.002700,0.0000142971,0.0053116256,0.0006218019,0.00020
19990722,-0.013200,0.006513588,0.0050512633,-0.008531168,0.00020
19990723,-0.003200,-0.00315179,0.0002863771,0.0015812966,0.00020
19990726,-0.010000,-0.002730979,0.0053993519,-0.00110987,0.00020
19990727,0.011400,-0.006894948,0.0002305524,0.0054734077,0.00020
19990728,0.001500,0.0033221175,0.0032932358,0.0017716984,0.00020
19990729,-0.017500,0.0056698457,0.0040489371,-0.004305887,0.00020
19990730,-0.007400,0.0145307278,0.0024863525,0.0018193945,0.00020
19990802,-0.002700,-0.000172239,0.0041109731,-0.004365747,0.00020
19990803,-0.007900,-0.002146212,0.0065390806,0.008149037,0.00020
19990804,-0.014500,0.0012162383,0.0100302255,0.0041016264,0.00020
19990805,0.006300,-0.011546864,0.0022746226,0.0019521179,0.00020
19990806,-0.010100,0.0078508305,0.0043242149,0.0037626947,0.00020
19990809,-0.004100,0.0018768278,0.0001363838,-0.005584854,0.00020
19990810,-0.011600,0.0036494309,0.0012664121,0.0070351877,0.00020
19990811,0.016200,-0.004670961,-0.003222192,0.0019950379,0.00020
19990812,-0.001500,0.003140568,0.0004008674,-0.004729941,0.00020
19990813,0.022000,-0.0138904,-0.006227615,0.0044164759,0.00020
19990816,0.002500,-0.002846837,0.0041413974,0.005097357,0.00020
19990817,0.009800,-0.006675432,-0.005864256,-0.005359737,0.00020
19990818,-0.007500,-0.000208127,0.0009044702,-0.007584076,0.00020
19990819,-0.007800,0.0062821815,0.0043006326,-0.00328913,0.00020
19990820,0.008900,-0.004714509,-0.000981232,-0.001133957,0.00020
19990823,0.017600,-0.011896109,-0.00365599,0.0060679486,0.00020
19990824,0.001600,-0.000461051,-0.001423723,0.0065500923,0.00020
19990825,0.011900,-0.006712853,0.0037478165,0.0084542011,0.00020
19990826,-0.011900,0.0052193413,0.0041506941,-0.005317687,0.00020
19990827,-0.009900,0.0072989313,0.0010961275,-0.000850757,0.00020
19990830,-0.017800,0.0122389544,0.006456166,0.008876015,0.00020
19990831,-0.002000,0.0021702709,0.0015527158,0.0020148754,0.00020
19990901,0.007600,-0.002048501,0.0023427395,0.0060728433,0.00020
19990902,-0.008600,0.0044468887,0.0060101646,0.0049009931,0.00020
19990903,0.028400,-0.013796728,-0.004272722,0.0002680264,0.00020
19990907,-0.003400,0.0024063928,0.0042949649,0.0050689501,0.00020
19990908,-0.005500,-0.000281622,0.0047405089,-0.00164723,0.00020
19990909,0.003100,0.0060008439,0.000287622,0.0105568836,0.00020
19990910,0.004400,0.0057543698,-0.00491681,0.0043452665,0.00020
19990913,-0.006400,-0.001242314,0.0001290719,0.0009052355,0.00020
19990914,-0.005200,0.0020491853,0.0011689868,0.008081789,0.00020
19990915,-0.012800,0.0056884365,-0.000392363,-0.002215915,0.00020
19990916,-0.002000,-0.011230231,0.0001837645,0.0064369854,0.00020
19990917,0.012200,-0.004337575,-0.005014082,0.0027354235,0.00020
19990920,0.000000,-0.002016161,0.0024113505,0.008112041,0.00020
19990921,-0.019300,0.0065452092,-0.000751862,-0.000859556,0.00020
19990922,0.002900,-0.000873621,0.0004136771,0.0062966419,0.00020
19990923,-0.023400,0.0039633635,0.0025987096,-0.011844082,0.00020
19990924,-0.001900,-0.004247312,0.0014458918,0.0062239203,0.00020
19990927,0.004100,0.0026132974,-0.000556459,0.0112495251,0.00020
19990928,-0.002200,-0.003104312,-0.001055224,0.0058887133,0.00020
19990929,-0.007900,0.0080941805,-0.002403899,-0.003645296,0.00020
19990930,0.009200,0.0026190228,-0.00501841,-0.001741896,0.00020
19991001,-0.001600,-0.000628566,0.0071126479,0.008179052,0.00020
19991004,0.016700,-0.011978993,-0.002001939,-0.002394329,0.00020
19991005,-0.000900,-0.001804766,0.0037140428,0.0022737171,0.00020
19991006,0.018200,-0.014634022,-0.006371588,0.0000922189,0.00020
19991007,-0.004700,0.0026601315,-0.004016652,0.0005910791,0.00020
19991008,0.011000,-0.009478309,-0.004515041,-0.000666671,0.00020
19991011,0.002100,0.0058025596,-0.004137862,0.0041226806,0.00020
19991012,-0.017300,0.0064129216,-0.00216827,-0.003850991,0.00020
19991013,-0.020400,0.0072648869,0.0106472507,-0.004053375,0.00020
19991014,-0.000100,-0.001765387,0.0086674086,0.0097309442,0.00020
19991015,-0.026500,0.0208468136,0.0051835825,0.0013671687,0.00020
19991018,0.000900,-0.015138365,0.0054394121,-0.004854353,0.00020
19991019,0.007600,-0.002883645,-0.008633066,0.0027822945,0.00020
19991020,0.018600,-0.009313861,-0.002668478,0.0172177841,0.00020
19991021,-0.001600,0.0087424529,-0.008397125,-0.000586598,0.00020
19991022,0.013100,-0.008500253,0.0043627945,-0.017419908,0.00020
19991025,-0.004300,0.0021885691,-0.003286516,-0.001952708,0.00020
19991026,-0.008600,0.0064988164,-0.000512702,0.0012184435,0.00020
19991027,0.008900,-0.015984903,-0.006079289,-0.020538826,0.00020
19991028,0.033200,-0.026127139,-0.005325498,-0.012048092,0.00020
19991029,0.017100,-0.005102231,-0.00415851,0.0113226369,0.00020
19991101,-0.003800,0.0142866483,-0.002602621,0.0041825082,0.00020
19991102,-0.003300,0.0090600736,-0.001239506,-0.00503462,0.00020
19991103,0.006900,0.0005769312,-0.005836646,0.0088531114,0.00020
19991104,0.006600,-0.000586078,-0.003085232,0.0003272248,0.00020
19991105,0.007900,-0.001357415,-0.005378206,-0.005944306,0.00020
19991108,0.005900,0.0019900083,-0.002663598,0.0055338948,0.00020
19991109,-0.007800,0.0122764383,0.0039886683,0.0015698342,0.00020
19991110,0.005400,-0.001874308,-0.002287817,0.0145683303,0.00020
19991111,0.003700,0.0021805055,-0.006898981,0.011710629,0.00020
19991112,0.011100,-0.006061338,-0.00485238,-0.008338768,0.00020
19991115,0.000200,0.0070180251,-0.005993428,-0.005625877,0.00020
19991116,0.018600,-0.012634578,-0.006446125,-0.003195427,0.00020
19991117,-0.006300,0.0038187686,-0.005820699,0.0057383364,0.00020
19991118,0.011200,0.0054086311,-0.000472654,0.0110169261,0.00020
19991119,-0.001100,0.0053962481,-0.002539066,0.0063758738,0.00020
19991122,0.000100,-0.004759484,-0.001668468,0.0071751,0.00020
19991123,-0.012800,0.0058886711,0.0018427154,0.0047739139,0.00020
19991124,0.008700,-0.004838305,-0.004443237,0.0090560464,0.00020
19991126,0.002000,0.000029209,-0.00400071,0.0022365718,0.00020
19991129,-0.006300,0.0040092266,0.0053629555,0.008404801,0.00020
19991130,-0.013000,0.0082209182,0.0114577931,-0.008696301,0.00020
19991201,0.005200,-0.001739443,-0.000300415,0.0143481639,0.00020
19991202,0.011400,0.0037749942,-0.006092903,0.0104290513,0.00020
19991203,0.015900,-0.011465538,0.0040630772,0.0053681471,0.00020
19991206,-0.004200,0.008549803,-0.000021636,0.0135330673,0.00020
19991207,-0.004300,0.0005014416,-0.004088948,0.0055249336,0.00020
19991208,-0.000800,0.0037041981,-0.000317881,0.0033301637,0.00020
19991209,0.003000,-0.009986416,-0.010161161,0.0032919237,0.00020
19991210,0.005100,0.0009039947,-0.007980615,0.0022871308,0.00020
19991213,0.000600,0.0082021844,-0.007320569,0.0070326812,0.00020
19991214,-0.013100,-0.003963183,0.0112885029,-0.003004127,0.00020
19991215,0.005400,0.0020029128,-0.001658302,0.0142410205,0.00020
19991216,0.005900,0.008637084,-0.00014343,0.0139412671,0.00020
19991217,0.002400,-0.005559345,0.0002186273,0.0015019588,0.00020
19991220,-0.000700,0.0034922622,-0.002433919,0.0051756139,0.00020
19991221,0.014400,0.0002225448,-0.004565545,-0.002977362,0.00020
19991222,0.003400,-0.003701381,0.0020688584,-0.003248175,0.00020
19991223,0.013100,-0.001543167,-0.001538865,0.0029553504,0.00020
19991227,-0.002000,0.0053629466,-0.000895956,0.0136015766,0.00020
19991228,0.002000,0.0000633944,0.0011539783,0.0004818579,0.00020
19991229,0.006400,0.014402727,-0.00362924,-0.008104968,0.00020
19991230,0.000700,-0.000387598,0.0006338337,-0.006658899,0.00020
19991231,0.005100,0.0127564296,-0.005343085,-0.001007768,0.00020
20000103,-0.007100,-0.003887231,-0.01041684,0.0122280819,0.00020
20000104,-0.040600,0.007520543,0.0118029128,-0.009695614,0.00020
20000105,-0.000900,0.0059076071,0.0066954103,-0.004789581,0.00020
20000106,-0.007400,-0.00468029,0.0119047515,-0.026916934,0.00020
20000107,0.032100,-0.009519531,-0.013944905,0.0071472403,0.00020
20000110,0.017500,-0.005955883,-0.00961188,0.0195852787,0.00020
20000111,-0.017100,0.0008400352,0.0128189297,0.0000710509,0.00020
20000112,-0.006900,0.000282427,0.0083339753,-0.006000188,0.00020
20000113,0.015900,0.0032315421,-0.009228104,-0.008710388,0.00020
20000114,0.011400,0.0009430714,-0.008195858,0.0047852168,0.00020
20000118,-0.002500,0.024953083,-0.00259555,0.0050779058,0.00020
20000119,0.004400,0.0027757526,-0.004024704,0.0085827059,0.00020
20000120,-0.003700,0.0169302713,-0.00082546,0.0107973323,0.00020
20000121,0.002300,0.0044895643,-0.005216099,-0.003250033,0.00020
20000124,-0.025900,0.0153606546,0.010213228,-0.009240588,0.00020
20000125,0.004900,-0.002731773,-0.003922746,0.0071425442,0.00020
20000126,-0.004300,-0.008912334,0.0070092529,-0.02338694,0.00020
20000127,-0.004400,0.0012772096,0.0030932882,-0.001594935,0.00020
20000128,-0.028100,0.0114766216,0.0079881131,-0.003179012,0.00020
20000131,0.014900,-0.025546738,0.0033854218,-0.000246219,0.00020
20000201,0.012900,0.0082098866,-0.01053578,0.0074408144,0.00020
20000202,0.001500,0.0075572547,-0.000864113,0.006772133,0.00020
20000203,0.014900,0.0034435243,-0.008779718,0.0109639459,0.00020
20000204,-0.000400,0.0111338041,-0.001878785,0.0109465866,0.00020
20000207,0.003600,0.0136308147,-0.008211983,0.0072165598,0.00020
20000208,0.012300,-0.000269861,-0.012420911,0.0017964866,0.00020
20000209,-0.018400,0.0175238718,-0.000746227,0.0022364261,0.00020
20000210,0.005700,0.0062383094,-0.007016568,0.0212173404,0.00020
20000211,-0.017400,0.0071666865,0.0016764265,-0.012930568,0.00020
20000214,0.002400,0.0082397732,-0.00354253,0.0130366414,0.00020
20000215,0.007100,-0.00843791,0.0093505102,-0.008262249,0.00020
20000216,-0.005800,0.012773431,0.002923427,-0.003246465,0.00020
20000217,0.004300,0.0191250053,-0.011832719,-0.000575485,0.00020
20000218,-0.026800,0.0141894073,-0.00081115,-0.003108812,0.00020
20000222,0.001300,-0.008967064,0.0040287019,0.0004563903,0.00020
20000223,0.012300,0.0047142331,-0.014191277,0.0154070025,0.00020
20000224,-0.000200,0.0080245963,-0.012095144,0.0100124325,0.00020
20000225,-0.010600,0.0171118656,0.0010352083,-0.001314791,0.00020
20000228,0.007600,-0.012123608,0.0034964757,-0.003728034,0.00020
20000229,0.019200,0.0102468573,-0.000138759,0.0100563739,0.00020
20000301,0.014000,-0.00603147,-0.00966736,-0.002472352,0.00020
20000302,-0.000800,-0.004892237,0.0006261125,0.0095475942,0.00020
20000303,0.023700,-0.008087581,-0.003938787,0.0122428226,0.00020
20000306,-0.007100,0.0139108771,0.0033853616,-0.000703664,0.00020
20000307,-0.022100,0.0155671561,0.0076847476,0.0071732273,0.00020
20000308,0.007000,-0.003583828,-0.00778579,0.0126012169,0.00020
20000309,0.024300,-0.000598282,-0.012848939,0.0228726537,0.00020
20000310,-0.004500,-0.001207857,0.0002185495,0.0009910534,0.00020
20000313,-0.014500,-0.005993408,0.0058811867,-0.01059049,0.00020
20000314,-0.023200,0.0018134926,0.0014884648,-0.001538129,0.00020
20000315,0.008600,-0.033153554,0.0181322322,-0.039963086,0.00020
20000316,0.042800,-0.018880081,-0.004726202,-0.019570822,0.00020
20000317,0.006200,0.0060576298,-0.011311402,0.0126357724,0.00020
20000320,-0.016800,-0.011622331,0.0067825327,0.0137460527,0.00020
20000321,0.019800,-0.021885122,-0.002142895,-0.004838172,0.00020
20000322,0.012700,0.0213346123,-0.009010362,-0.000205322,0.00020
20000323,0.014700,-0.009579776,0.0081872106,-0.003679469,0.00020
20000324,0.001000,-0.002898602,-0.001560777,-0.002212398,0.00020
20000327,-0.003900,0.0029315405,-0.009798479,0.0124552327,0.00020
20000328,-0.013400,-0.004344269,0.0074792348,-0.004077076,0.00020
20000329,-0.009600,-0.017320075,0.0082390927,0.0000958644,0.00020
20000330,-0.017100,-0.005838238,0.0120476006,-0.008390596,0.00020
20000331,0.011800,0.0145723763,-0.004566774,-0.007174525,0.00020
20000403,-0.016500,-0.036836659,0.0221722306,-0.021050798,0.00020
20000404,-0.012100,-0.016080002,0.0064930172,0.0111278067,0.00020
20000405,0.000200,0.0187681205,-0.001503418,0.0042517971,0.00020
20000406,0.014800,0.0082990841,0.0029984924,0.0044673216,0.00020
20000407,0.014200,0.0103841957,-0.017420692,0.018460003,0.00020
20000410,-0.019600,-0.026761832,0.0152438882,-0.013419778,0.00020
20000411,-0.010200,-0.015130265,0.0109002031,-0.000543516,0.00020
20000412,-0.029700,-0.010270897,0.0236615175,-0.027468264,0.00020
20000413,-0.018000,0.004257655,0.0099627417,0.0000735575,0.00020
20000414,-0.067300,-0.006213615,0.0154998297,0.0015139993,0.00020
20000417,0.029600,-0.019758033,-0.020624392,0.048963552,0.00020
20000418,0.038500,0.0309323676,-0.022572853,-0.006081457,0.00020
20000419,-0.008300,0.0113179019,-0.000096113,-0.011262723,0.00020
20000420,0.001000,-0.006033992,0.0107021187,-0.006829687,0.00020
20000424,-0.010100,-0.028390739,0.0132862327,-0.008570899,0.00020
20000425,0.037800,0.0019262435,-0.009738837,0.0103474982,0.00020
20000426,-0.012400,0.0048111343,-0.002197004,0.0024318678,0.00020
20000427,0.007600,0.0164279981,-0.013087629,0.0264668059,0.00020
20000428,0.000600,0.0265912829,-0.007137289,-0.002261559,0.00020
20000501,0.014000,0.01189261,-0.005776003,-0.017407628,0.00020
20000502,-0.020700,-0.003405401,0.021742599,0.0003661971,0.00020
20000503,-0.020900,-0.001861592,0.002031513,0.003720724,0.00020
20000504,0.000100,0.0114222704,-0.001671458,-0.007200901,0.00020
20000505,0.014900,0.0007614622,-0.012155632,0.0120685807,0.00020
20000508,-0.009800,-0.018832762,0.0227051587,-0.017604952,0.00020
20000509,-0.011900,-0.002472859,0.0086463105,-0.001243511,0.00020
20000510,-0.026900,-0.007159581,0.0138542744,-0.002942365,0.00020
20000511,0.020800,0.0057554075,-0.006086545,0.0073307959,0.00020
20000512,0.007900,-0.00037476,0.0018837541,-0.004712077,0.00020
20000515,0.021400,-0.015142479,-0.003460687,0.0007366895,0.00020
20000516,0.012900,0.0021177061,-0.007135913,0.0004928285,0.00020
20000517,-0.013800,0.0032376929,0.0012294226,-0.002065207,0.00020
20000518,-0.011000,-0.006382067,0.0204171302,-0.010728129,0.00020
20000519,-0.023900,0.0019729911,0.0128010936,-0.000234355,0.00020
20000522,-0.007100,-0.005477377,0.0031962535,0.0038300446,0.00020
20000523,-0.023700,-0.00128507,0.0298764223,-0.006826067,0.00020
20000524,0.015700,-0.012860525,-0.004033111,0.0033888563,0.00020
20000525,-0.013000,-0.000699707,-0.001218921,-0.000057705,0.00020
20000526,-0.001800,0.0027776011,-0.000902552,-0.001960878,0.00020
20000530,0.037900,-0.002300634,-0.027589873,0.0077048137,0.00020
20000531,-0.002400,-0.006060695,0.0047111349,-0.000525302,0.00020
20000601,0.025000,0.0079931044,-0.016700404,-0.012513183,0.00020
20000602,0.029100,0.009062732,-0.021144888,-0.023078111,0.00020
20000605,-0.003800,0.0138339079,-0.002124836,-0.001598361,0.00020
20000606,-0.008600,0.0040587453,0.004151638,-0.002280989,0.00020
20000607,0.011700,0.0019136464,0.0005403931,-0.005367707,0.00020
20000608,-0.006000,0.0037801665,-0.000022907,0.0066151745,0.00020
20000609,0.000500,0.0163231054,-0.008837886,-0.004909096,0.00020
20000612,-0.011900,-0.009424749,0.0108664651,0.003869697,0.00020
20000613,0.014400,-0.006109147,-0.008228756,0.0126668733,0.00020
20000614,-0.001800,-0.002428084,0.0001766749,-0.000432601,0.00020
20000615,0.004900,-0.003653296,-0.013121808,0.0207881292,0.00020
20000616,-0.007500,0.0106913781,-0.01988887,0.0172559189,0.00020
20000619,0.016500,-0.000628731,0.0028936445,0.0066054321,0.00020
20000620,-0.002700,0.0043158985,-0.006307267,0.0000200797,0.00020
20000621,0.003400,0.0067714211,-0.010936201,0.004167401,0.00020
20000622,-0.018900,-0.002306006,0.0072139892,-0.007210177,0.00020
20000623,-0.009700,0.0009181608,0.0145495277,-0.000953197,0.00020
20000626,0.009200,0.0105975449,0.0067932958,0.0075593531,0.00020
20000627,-0.005500,0.0004165819,0.0042860744,-0.003641325,0.00020
20000628,0.007800,0.0148436986,-0.002220993,0.0015921762,0.00020
20000629,-0.007000,0.0057243921,0.0025451858,0.0009274458,0.00020
20000630,0.007300,-0.004389497,-0.022620739,0.0113985122,0.00020
20000703,0.009500,0.0024691262,0.0039639935,-0.011592464,0.00020
20000705,-0.016400,0.0041551715,0.0120780815,-0.016250414,0.00020
20000706,0.009000,0.0011678339,-0.010642399,0.0053178483,0.00020
20000707,0.014500,-0.004833108,-0.000239589,0.0026704106,0.00020
20000710,-0.001200,-0.001427187,0.0040308656,0.0058882832,0.00020
20000711,0.001400,-0.007418289,0.0059985733,0.0069049946,0.00020
20000712,0.013200,0.0073037334,-0.010161736,-0.004812896,0.00020
20000713,0.005100,-0.000333653,-0.010209199,-0.002242051,0.00020
20000714,0.009600,-0.004457297,-0.007142436,-0.013549383,0.00020
20000717,0.001200,0.008470335,-0.005138797,0.0096147479,0.00020
20000718,-0.013600,0.0007184028,0.0093320624,-0.00524742,0.00020
20000719,-0.011800,-0.003861546,0.010553584,-0.002422646,0.00020
20000720,0.013500,0.0006903266,0.0054686163,-0.002792907,0.00020
20000721,-0.013300,-0.00783382,0.0094347875,0.0027135684,0.00020
20000724,-0.014300,-0.003443898,0.0062638122,0.0033867864,0.00020
20000725,0.005300,-0.010571143,-0.003465889,0.0056088642,0.00020
20000726,-0.013100,0.0131665859,0.0032146298,0.0071786901,0.00020
20000727,-0.009000,-0.012982553,0.0161478748,0.0090689403,0.00020
20000728,-0.023400,-0.00061429,0.0209167088,0.0074525629,0.00020
20000731,0.010500,0.0100936272,-0.003719124,0.0084390418,0.00020
20000801,0.001600,-0.012780401,0.0097432598,-0.001200257,0.00020
20000802,0.000100,0.0034991988,0.0062803987,0.0069906773,0.00020
20000803,0.011100,-0.009299701,0.0016653896,-0.015026938,0.00020
20000804,0.008900,-0.005232407,0.0022123549,-0.019089591,0.00020
20000807,0.011600,0.0030847785,-0.005874982,0.0039144129,0.00020
20000808,0.001000,0.0050339985,0.006728303,0.0075794576,0.00020
20000809,-0.006000,0.0028144637,-0.002727613,0.0006750364,0.00020
20000810,-0.010200,-0.006173344,0.0122329699,0.0011690294,0.00020
20000811,0.008700,0.0076343953,0.0026743131,0.0010512475,0.00020
20000814,0.012400,-0.001263661,-0.001104465,0.0056290654,0.00020
20000815,-0.004600,0.0018345397,-0.005593137,-0.000726215,0.00020
20000816,-0.001800,0.0109378117,-0.003986054,0.0057090402,0.00020
20000817,0.011300,-0.003433908,-0.006244631,0.0078219654,0.00020
20000818,-0.002800,0.0035828492,-0.003241229,0.0022097847,0.00020
20000821,0.004000,-0.001702478,-0.004194141,0.0007220373,0.00020
20000822,-0.000100,0.0074702883,0.005025905,-0.00465486,0.00020
20000823,0.005500,-0.001063611,-0.006380182,0.0062588122,0.00020
20000824,0.003400,0.0050479443,-0.004922283,-0.001045226,0.00020
20000825,-0.000500,0.0026498528,-0.00230517,0.0001005049,0.00020
20000828,0.004800,-0.006377295,-0.003135612,-0.001191771,0.00020
20000829,-0.000400,0.0058050861,-0.00392066,0.0068317228,0.00020
20000830,-0.001200,0.0081515984,-0.001965565,-0.010804475,0.00020
20000831,0.011500,0.0028557388,-0.000107337,-0.008655602,0.00020
20000901,0.003800,0.0006552476,-0.005032965,0.0016702992,0.00030
20000905,-0.009700,-0.002338345,0.0105063124,-0.018866698,0.00030
20000906,-0.012300,-0.00143178,0.0123268323,-0.010792773,0.00030
20000907,0.008000,0.0110524535,-0.006876006,0.0198893344,0.00030
20000908,-0.008300,-0.010960668,0.0165358528,-0.009934193,0.00030
20000911,-0.004500,-0.004392688,0.0102825059,-0.006038099,0.00030
20000912,-0.005000,0.0007446721,0.0078394527,-0.005585407,0.00030
20000913,0.002800,0.000391327,-0.010687803,-0.004571449,0.00030
20000914,0.000100,0.0089226433,-0.005637391,-0.000071202,0.00030
20000915,-0.012300,0.0017715142,-0.000359986,0.0069729019,0.00030
20000918,-0.017900,-0.007411724,0.004958214,0.0166895314,0.00030
20000919,0.012300,0.0034040459,-0.00625151,0.01209123,0.00030
20000920,-0.003900,0.0107216016,-0.001446664,0.0222772156,0.00030
20000921,-0.005300,-0.005098684,0.0103987065,0.0042234197,0.00030
20000922,0.003900,-0.005606835,0.0061413454,-0.007921173,0.00030
20000925,-0.005600,-0.012524113,0.0072246108,-0.009700827,0.00030
20000926,-0.009500,-0.004240651,0.0090642378,0.0100111383,0.00030
20000927,-0.001900,-0.006719766,0.0086171776,0.0083947918,0.00030
20000928,0.023200,-0.003232439,-0.014206236,-0.015282398,0.00030
20000929,-0.012700,0.0053299697,0.004148503,-0.016465306,0.00030
20001002,-0.007100,-0.018915491,0.018064163,0.0158359574,0.00030
20001003,-0.012900,-0.003543672,0.0064446825,0.0099066274,0.00030
20001004,0.006500,0.0088796295,-0.016855832,-0.001336621,0.00030
20001005,-0.002300,-0.011690386,0.0066163591,0.0132119027,0.00030
20001006,-0.021700,0.0032054534,0.0118792709,0.0209647127,0.00030
20001009,-0.003900,-0.002598325,0.0017209346,-0.008956997,0.00030
20001010,-0.014400,-0.000929189,0.0110199163,0.0074372586,0.00030
20001011,-0.017700,0.0059076898,0.0133216157,0.0245986367,0.00030
20001012,-0.028300,0.0128678448,0.0032310626,0.0182591014,0.00030
20001013,0.038800,-0.008147178,-0.017815344,-0.007519965,0.00030
20001016,0.002300,-0.004701688,0.0029381337,0.0082685663,0.00030
20001017,-0.019500,0.0015525637,0.0156622701,0.0231210556,0.00030
20001018,-0.008300,-0.011767443,0.0004343948,0.0086411118,0.00030
20001019,0.036500,0.0043544137,-0.029454822,-0.017551589,0.00030
20001020,0.009100,0.0114467982,-0.017495537,-0.00644831,0.00030
20001023,0.000300,0.01137975,-0.001648324,-0.000181824,0.00030
20001024,-0.001200,-0.020275448,0.0160853896,-0.016818175,0.00030
20001025,-0.025100,-0.006914149,0.0339526916,-0.010733475,0.00030
20001026,0.000100,0.0196286212,0.0006750621,0.0199562178,0.00030
20001027,0.009100,-0.010798665,0.0124634461,-0.005929709,0.00030
20001030,0.007600,-0.018524362,0.0298464072,-0.000559065,0.00030
20001031,0.027500,0.0131283966,-0.037070425,0.0003658153,0.00030
20001101,-0.004800,0.0024016692,-0.002837768,-0.016421745,0.00020
20001102,0.010500,0.0193239411,-0.011791349,-0.014290485,0.00020
20001103,-0.000300,0.0049924767,-0.006550466,0.0126539263,0.00020
20001106,0.001300,-0.01160115,0.0126833088,0.009486525,0.00020
20001107,-0.000700,0.0043246237,-0.003105175,-0.006220069,0.00020
20001108,-0.019700,0.0077280907,0.0225115648,0.0072214034,0.00020
20001109,-0.009600,0.0002574946,0.0129148366,0.0197751809,0.00020
20001110,-0.026800,-0.0031931,0.0209622021,0.0099707178,0.00020
20001113,-0.013800,0.005404934,0.0003022617,0.0204318457,0.00020
20001114,0.026600,-0.00190265,-0.022828591,-0.009132712,0.00020
20001115,0.005900,0.0032995013,-0.009169932,0.0149642337,0.00020
20001116,-0.016600,-0.008139567,0.0170767956,0.0134566434,0.00020
20001117,-0.005100,0.0135075631,0.0079498311,0.0270830228,0.00020
20001120,-0.024500,0.004867258,0.0196041288,0.0177465495,0.00020
20001121,-0.000500,-0.008543191,0.012342309,0.0260219623,0.00020
20001122,-0.021100,0.005678282,0.013983657,0.0258553432,0.00020
20001124,0.020800,0.0102957932,-0.022516884,-0.035213189,0.00020
20001127,0.003000,-0.008725059,0.0067087328,0.0071186364,0.00020
20001128,-0.016600,-0.01146372,0.0306139891,0.0292676931,0.00020
20001129,0.001900,-0.01757407,0.0199135309,0.0144318997,0.00020
20001130,-0.020300,-0.005955091,0.01652267,0.0053655845,0.00020
20001201,0.005100,0.0162842361,-0.014850201,-0.01320237,0.00030
20001204,0.003500,-0.019069783,0.010423357,0.0262721435,0.00030
20001205,0.045500,-0.004795813,-0.03705977,-0.02912695,0.00030
20001206,-0.017800,-0.001754622,-0.002959908,0.0025029897,0.00030
20001207,-0.005900,-0.000662192,0.0093272091,0.01271352,0.00030
20001208,0.027900,0.0068967142,-0.020836161,-0.036601822,0.00030
20001211,0.011500,0.0111393575,-0.017839982,-0.032691296,0.00030
20001212,-0.010700,-0.006132651,0.004835506,0.003226891,0.00030
20001213,-0.011400,-0.002938399,0.0112020737,0.0030085827,0.00030
20001214,-0.017900,0.0015261505,0.0158439813,0.0130550434,0.00030
20001215,-0.019600,0.0082687434,0.0023759688,-0.00735515,0.00030
20001218,0.005900,-0.010184717,0.0363996465,0.0125029666,0.00030
20001219,-0.016300,0.0078326579,0.0259178177,0.0169247023,0.00030
20001220,-0.035900,-0.003464123,0.0428060063,0.02470797,0.00030
20001221,0.005400,-0.002549151,0.0048404897,0.0143383663,0.00030
20001222,0.030600,0.0088348368,-0.027581676,-0.019919765,0.00030
20001226,0.005500,-0.005158515,0.0066822843,0.0079335616,0.00030
20001227,0.013700,0.0074144008,-0.004351525,0.0077356058,0.00030
20001228,0.008800,0.0246108972,-0.003873968,-0.00702971,0.00030
20001229,-0.012400,-0.000586694,0.0048802065,-0.003872526,0.00030
20010102,-0.035200,-0.001680175,0.0297087791,0.0230139131,0.00030
20010103,0.053600,-0.025051587,-0.063889579,-0.080097467,0.00030
20010104,-0.013100,0.008853851,-0.007559223,-0.01741536,0.00030
20010105,-0.029700,0.0033305395,0.0231271405,0.0369447522,0.00030
20010108,-0.003600,0.0027952361,0.0144647443,0.020048373,0.00030
20010109,0.005100,0.0084525542,-0.010529406,-0.010793628,0.00030
20010110,0.014400,0.0104303204,-0.019713167,-0.039271055,0.00030
20010111,0.013800,0.0022481486,-0.036881173,-0.046564812,0.00030
20010112,-0.004100,0.0110037711,-0.006254874,-0.011785676,0.00030
20010116,0.006800,0.0117887794,0.0041814235,-0.0103909,0.00030
20010117,0.003400,-0.006055607,-0.014164573,-0.01526183,0.00030
20010118,0.011600,-0.006406345,-0.006446408,0.0008870271,0.00030
20010119,-0.006000,-0.000161353,-0.001936705,-0.004412503,0.00030
20010122,-0.000100,0.0033230325,0.008438435,0.0064081595,0.00030
20010123,0.015800,0.005461077,-0.010502807,-0.019882159,0.00030
20010124,0.003200,-0.004744903,-0.002078441,-0.01372678,0.00030
20010125,-0.008200,0.0003745908,0.0241308513,0.0316134401,0.00030
20010126,-0.001000,0.0026041526,0.0050854742,-0.015677777,0.00030
20010129,0.009000,0.0031377399,-0.008012049,-0.019321476,0.00030
20010130,0.006500,0.0030073303,-0.001198027,-0.001430426,0.00030
20010131,-0.007000,0.003242713,-0.001776471,0.018784123,0.00030
20010201,0.003900,-0.005839077,0.0106068038,0.0133566313,0.00020
20010202,-0.019000,0.007207682,0.0264619698,0.0350527627,0.00020
20010205,0.001700,-0.006125755,0.0124679348,0.0123162156,0.00020
20010206,0.000400,0.0089593911,-0.002019865,0.0003878887,0.00020
20010207,-0.008600,0.0117774404,0.0228502286,0.0277484616,0.00020
20010208,-0.006700,-0.002729434,0.0087216816,0.0051437384,0.00020
20010209,-0.014200,0.0047143892,0.0142892688,0.0234598975,0.00020
20010212,0.011100,-0.0033721,0.0012949358,0.0020627458,0.00020
20010213,-0.009000,0.0090339112,0.0081648664,0.0211443755,0.00020
20010214,-0.000400,0.0019763158,-0.006431688,-0.005846302,0.00020
20010215,0.009200,-0.001329085,-0.015625072,-0.017445523,0.00020
20010216,-0.019000,-0.000444078,0.0280809547,0.0395426931,0.00020
20010220,-0.019300,0.0082993385,0.019188384,0.034379975,0.00020
20010221,-0.018300,0.0087916228,0.0089163998,0.0144611818,0.00020
20010222,-0.004700,-0.010538344,-0.000110673,0.0045870239,0.00020
20010223,-0.003800,0.006009099,-0.002797148,-0.014376398,0.00020
20010226,0.019200,-0.00026399,-0.009915443,-0.024158346,0.00020
20010227,-0.011600,-0.006561444,0.0280579447,0.0325319702,0.00020
20010228,-0.014800,0.0101956417,0.0141013543,0.011434218,0.00020
20010301,0.000200,-0.001991233,-0.0018969,-0.002564215,0.00020
20010302,-0.005200,0.0111443968,0.0077876469,0.0158915183,0.00020
20010305,0.005400,-0.007153584,-0.00621569,0.0029744385,0.00020
20010306,0.010700,0.0027401169,-0.015385108,-0.01021856,0.00020
20010307,0.005800,-0.004186027,0.0105410262,0.0009996053,0.00020
20010308,-0.001400,-0.002509066,0.0130722863,0.0259687098,0.00020
20010309,-0.025000,0.016552865,0.0187889171,0.0280363975,0.00020
20010312,-0.043300,0.0198207587,0.0230891088,0.0341618655,0.00020
20010313,0.016100,-0.015058098,-0.018688202,-0.027203154,0.00020
20010314,-0.025000,0.0137297883,0.0000399401,0.0223449269,0.00020
20010315,0.003400,-0.011503351,0.003442411,0.0023590452,0.00020
20010316,-0.021100,-0.002594961,0.0133254905,0.0237530349,0.00020
20010319,0.018600,-0.002741193,-0.011797302,-0.021971582,0.00020
20010320,-0.024000,0.0177279562,0.0098207899,0.0273358256,0.00020
20010321,-0.018800,0.0018061008,0.006795093,0.0182279747,0.00020
20010322,-0.004300,0.0010685175,-0.016603651,-0.007197506,0.00020
20010323,0.020700,-0.004040878,-0.004069621,-0.018828731,0.00020
20010326,0.010900,-0.001279526,0.006382879,-0.005506953,0.00020
20010327,0.024000,-0.016166107,-0.009863154,-0.011562691,0.00020
20010328,-0.025700,0.0015306283,0.0304213995,0.036594534,0.00020
20010329,-0.005300,-0.000151302,0.0177660386,0.0120283268,0.00020
20010330,0.011900,0.0150858462,-0.000976646,-0.018926385,0.00020
20010402,-0.016100,-0.017198413,0.0221081046,0.0282758683,0.00020
20010403,-0.036900,0.0031705206,0.0284746551,0.0538094226,0.00020
20010404,-0.003800,0.0084194976,0.0102922347,0.022805408,0.00020
20010405,0.046700,-0.004292334,-0.046104907,-0.05928045,0.00020
20010406,-0.020700,0.0011925656,0.0115747558,0.0262377871,0.00020
20010409,0.008500,0.0041339547,-0.004536052,-0.010239911,0.00020
20010410,0.028700,-0.00368999,-0.02964675,-0.055169406,0.00020
20010411,-0.001100,-0.003719275,-0.0242248,-0.025080868,0.00020
20010412,0.015700,-0.001086669,-0.018536629,-0.021704431,0.00020
20010416,-0.004600,-0.001172992,0.0113614516,0.0179519453,0.00020
20010417,0.011000,-0.002600715,-0.000108196,-0.003323612,0.00020
20010418,0.039200,-0.021741448,-0.040021488,-0.048309873,0.00020
20010419,0.014800,0.0001125876,-0.018802288,-0.030303682,0.00020
20010420,-0.008700,0.0065552549,-0.004496905,-0.0030112,0.00020
20010423,-0.017200,0.0074457267,0.0226849922,0.0377595769,0.00020
20010424,-0.011500,0.0140171169,0.0107122873,0.0035667721,0.00020
20010425,0.016800,0.0003979712,-0.007202986,0.0018482203,0.00020
20010426,0.004500,0.0075777793,0.0016523386,0.001498406,0.00020
20010427,0.014700,-0.003822776,-0.005983591,-0.007692985,0.00020
20010430,0.000300,0.0129039243,-0.015371645,-0.012176574,0.00020
20010501,0.013700,0.0005351269,-0.008474574,-0.01048329,0.00010
20010502,0.003300,-0.002266825,-0.013547319,-0.037598196,0.00010
20010503,-0.015800,0.0057957033,0.0195468942,0.0162250029,0.00010
20010504,0.014500,0.0014390254,-0.004107943,-0.008039389,0.00010
20010507,-0.003400,-0.002833148,0.0015891002,0.007063758,0.00010
20010508,-0.000900,0.0056998737,-0.004571189,0.0040324392,0.00010
20010509,-0.004900,0.0049437088,0.0091558894,0.0103897202,0.00010
20010510,-0.001000,0.0018481352,0.0044014108,0.0077818018,0.00010
20010511,-0.007400,0.0072544073,0.005379437,0.0103505717,0.00010
20010514,0.001100,-0.000762209,0.0109223564,0.0103196168,0.00010
20010515,0.000600,0.0028582418,0.0009510001,0.0028091877,0.00010
20010516,0.027800,-0.014221783,-0.009589008,-0.012539172,0.00010
20010517,0.005200,0.0099974028,-0.011353386,-0.017993756,0.00010
20010518,0.002200,0.0009976814,-0.005838729,0.0007715992,0.00010
20010521,0.018600,-0.002216449,-0.026704538,-0.031291845,0.00010
20010522,-0.001600,0.0031435151,-0.00078874,-0.010034597,0.00010
20010523,-0.017100,0.0003283419,0.0147142988,0.0135253372,0.00010
20010524,0.004200,0.0019032232,-0.000136781,-0.008823395,0.00010
20010525,-0.010400,0.0107439674,0.0064694137,0.0055100312,0.00010
20010529,-0.010600,0.0009320149,0.023116986,0.0263163314,0.00010
20010530,-0.017500,0.0054208715,0.0270186686,0.0308563457,0.00010
20010531,0.007300,-0.003718516,-0.008259533,-0.010181355,0.00010
20010601,0.005400,0.0040495332,-0.005135589,-0.000656732,0.00010
20010604,0.004900,0.005174373,0.0048405537,0.0052520997,0.00010
20010605,0.014500,0.0025584113,-0.012148577,-0.010734303,0.00010
20010606,-0.009600,6.2092878E-7,0.0022252541,-0.001218377,0.00010
20010607,0.005400,-0.002458896,-0.008973835,-0.002484929,0.00010
20010608,-0.009900,0.004643572,0.0084802622,0.0125406864,0.00010
20010611,-0.009800,0.0041136846,0.012476976,0.0120137298,0.00010
20010612,0.000200,0.0030005933,0.0022837076,0.0059566321,0.00010
20010613,-0.010600,0.0098853172,0.0115764421,0.0097231065,0.00010
20010614,-0.019600,0.0000314067,0.0174225521,0.0213447831,0.00010
20010615,-0.004600,0.0016608402,0.0091927011,0.002916888,0.00010
20010618,-0.006300,-0.007263049,0.0192700934,0.0246761378,0.00010
20010619,0.002100,-0.007706899,0.003582932,0.0040496906,0.00010
20010620,0.010700,-0.001511885,-0.002536481,-0.006564132,0.00010
20010621,0.009800,-0.002335511,-0.003438082,-0.01474366,0.00010
20010622,-0.010100,-0.008855003,-0.000068166,-0.008500614,0.00010
20010625,-0.005400,0.0037408529,-0.004375416,-0.006396579,0.00010
20010626,-0.000300,0.0162694921,0.0009346326,0.000974817,0.00010
20010627,-0.002200,0.0089994053,-0.002479187,-0.00750016,0.00010
20010628,0.013100,-0.006922416,-0.010282364,-0.008896803,0.00010
20010629,0.003500,0.0330813782,-0.023503716,-0.034375951,0.00010
20010702,0.005600,-0.030616729,0.0105736606,0.0114057532,0.00010
20010703,-0.002100,-0.001236117,0.0051634328,0.004878944,0.00010
20010705,-0.012400,0.0053040264,0.0139877142,0.0122343747,0.00010
20010706,-0.022900,0.0100133882,0.0149193342,0.0122595036,0.00010
20010709,0.005900,-0.000457504,-0.003282203,-0.004181525,0.00010
20010710,-0.014700,0.0082822582,0.0120754099,0.0208748896,0.00010
20010711,-0.001800,-0.005470288,0.0103700833,0.0089303014,0.00010
20010712,0.024400,-0.007566835,-0.017803131,-0.020975787,0.00010
20010713,0.005300,-0.003304479,0.0015167402,0.0012548442,0.00010
20010716,-0.011600,0.0043452093,0.0150458617,0.0216991622,0.00010
20010717,0.010600,0.0029937234,-0.00452052,-0.006741004,0.00010
20010718,-0.007000,-0.00237637,0.0185990771,0.0263644352,0.00010
20010719,0.004900,0.0012268763,-0.006556825,0.001247782,0.00010
20010720,-0.003200,0.0093884794,-0.002615591,0.0030019963,0.00010
20010723,-0.015600,0.0085517366,0.0064120419,-0.003437742,0.00010
20010724,-0.017000,0.0008084488,0.0104573376,0.009559893,0.00010
20010725,0.013700,-0.005711396,-0.001580461,0.0051700825,0.00010
20010726,0.011900,0.0048479109,-0.018758087,-0.014680313,0.00010
20010727,0.002300,-0.004511572,-0.006435488,-0.008598994,0.00010
20010730,-0.001100,0.0028771416,0.0065431168,0.0076887628,0.00010
20010731,0.005000,-0.002303135,0.0043930497,0.0016107596,0.00010
20010801,0.004800,-0.000354904,-0.009746016,-0.014303233,0.00010
20010802,0.003300,-0.005307231,-0.001555607,-0.003231695,0.00010
20010803,-0.004900,0.0048039177,0.0062912823,0.0007342984,0.00010
20010806,-0.011600,0.004144388,0.0082328877,0.0036538983,0.00010
20010807,0.002000,-0.003173553,0.0060511994,0.0059760236,0.00010
20010808,-0.017200,0.0051775262,0.0181351536,0.0143151863,0.00010
20010809,-0.000600,0.0025538272,0.0016613704,0.0109592382,0.00010
20010810,0.004500,-0.003546264,0.0045030644,0.0067051996,0.00010
20010813,0.002200,0.0010809444,-0.002280694,-0.004257171,0.00010
20010814,-0.002900,0.0085658426,0.0086902432,0.0062189967,0.00010
20010815,-0.007400,0.008548284,0.01261915,0.021060528,0.00010
20010816,0.002100,0.0020411129,0.0067297185,0.0096130903,0.00010
20010817,-0.016400,0.0119504621,0.0091409786,0.0133036438,0.00010
20010820,0.007100,-0.001076106,0.0040941999,0.0075610091,0.00010
20010821,-0.012200,0.0059896642,0.013869819,0.0078738564,0.00010
20010822,0.007100,0.0028576387,-0.003610231,-0.005408553,0.00010
20010823,-0.003100,-0.00176333,-0.00035228,0.0050696128,0.00010
20010824,0.018500,-0.005685011,-0.024941239,-0.021116583,0.00010
20010827,-0.004200,0.0004201822,-0.006384793,-0.007925807,0.00010
20010828,-0.014600,0.0074410708,0.0112477361,0.0084724139,0.00010
20010829,-0.009700,0.0088887344,0.0060155542,0.004666844,0.00010
20010830,-0.016100,0.0101482246,0.0135296658,0.0134441607,0.00010
20010831,0.004000,-0.004285626,-0.006421933,-0.010642039,0.00010
20010904,-0.001200,0.0032180974,0.0065861304,0.0132021829,0.00020
20010905,-0.003200,-0.005828295,0.0129944899,0.0191521394,0.00020
20010906,-0.021300,0.0047663618,0.0109011021,0.0125722686,0.00020
20010907,-0.018300,0.0008327581,0.0046036365,-0.001741819,0.00020
20010910,0.003700,-0.015602885,0.0005217118,-0.000427428,0.00020
20010917,-0.050300,0.0082585712,0.0118903356,0.0389120305,0.00020
20010918,-0.008200,-0.012266571,0.0140744882,0.0161675578,0.00020
20010919,-0.016700,-0.007131275,0.007716943,0.0056064055,0.00020
20010920,-0.030500,-0.006472562,0.0028821211,0.0105122562,0.00020
20010921,-0.019600,-0.006228614,-0.001776576,0.0032731173,0.00020
20010924,0.038300,-0.016173783,-0.01820576,-0.022042379,0.00020
20010925,0.007400,-0.002763493,0.0042921679,0.0154000664,0.00020
20010926,-0.006700,-0.006691155,0.0206562756,0.0244919751,0.00020
20010927,0.011000,-0.001321054,0.014915582,0.0137177138,0.00020
20010928,0.022500,0.0075491295,-0.007267953,-0.015788457,0.00020
20011001,-0.004500,-0.010830314,0.0028964325,0.0017503439,0.00010
20011002,0.011700,-0.002276067,-0.004368636,-0.002851225,0.00010
20011003,0.022800,0.0027254861,-0.025242512,-0.020073012,0.00010
20011004,-0.001100,0.013334873,-0.013353103,-0.006872309,0.00010
20011005,0.000400,-0.001821407,-0.004627313,0.0094405988,0.00010
20011008,-0.008000,0.0030152065,-0.007820368,0.0042784273,0.00010
20011009,-0.005100,-0.001715326,0.005240748,-0.004169542,0.00010
20011010,0.023600,0.0053888694,-0.0102603,-0.008775418,0.00010
20011011,0.017400,0.0009851643,-0.026404261,-0.029351504,0.00010
20011012,-0.005700,0.002547915,-0.004676826,0.0008808352,0.00010
20011015,-0.000800,0.0013228389,0.0090215893,0.0016336591,0.00010
20011016,0.007800,0.0051003564,-0.000538156,-0.00727308,0.00010
20011017,-0.020300,0.0026956613,0.0071505635,0.0108149323,0.00010
20011018,-0.007200,-0.003388677,0.0052992644,0.0061494797,0.00010
20011019,0.005400,0.0067289915,-0.000406211,0.0093765697,0.00010
20011022,0.015100,-0.005746558,-0.000521292,-0.005249516,0.00010
20011023,-0.005000,-0.000430319,-0.001181725,-0.004484211,0.00010
20011024,0.000700,-0.006315923,-0.005249872,-0.002359826,0.00010
20011025,0.014200,-0.000082584,-0.012145257,-0.009800709,0.00010
20011026,0.004100,-0.002463824,-0.003739508,-0.004660072,0.00010
20011029,-0.023400,0.0078975385,0.0121405016,0.0120242518,0.00010
20011030,-0.017700,0.0067037764,0.0145021073,0.0072548396,0.00010
20011031,0.001800,0.0097681985,-0.007200902,0.0006154279,0.00010
20011101,0.021000,-0.008998475,-0.004933092,0.0006634398,0.00010
20011102,0.001800,-0.006810984,0.0004809038,0.002319212,0.00010
20011105,0.014200,-0.006392753,-0.004632411,-0.013735561,0.00010
20011106,0.014400,-0.006175302,-0.000854045,-0.004424867,0.00010
20011107,-0.002200,-0.003313008,-0.005280578,-0.003981505,0.00010
20011108,0.000700,-0.003756122,-0.000731038,-0.003068145,0.00010
20011109,0.000700,-0.000534089,0.0015036176,0.0032254853,0.00010
20011112,-0.000700,0.0074333997,-0.002721913,0.0027510113,0.00010
20011113,0.018600,-0.003092261,-0.016965475,-0.016606864,0.00010
20011114,0.003500,0.0047969142,-0.002587996,-0.009981866,0.00010
20011115,0.000000,-0.008383131,0.005877859,-0.000445444,0.00010
20011116,-0.002500,0.007905279,0.0008111636,-0.002404962,0.00010
20011119,0.011500,0.0002917146,-0.008411174,-0.011884085,0.00010
20011120,-0.008000,0.0029603885,0.013682347,0.0153650667,0.00010
20011121,-0.004800,0.0003653866,-0.000134541,0.0018070344,0.00010
20011123,0.011700,0.0004594189,-0.003031806,-0.007460373,0.00010
20011126,0.007200,-0.004115548,-0.009258183,-0.011047101,0.00010
20011127,-0.005600,0.0037668301,-0.004813999,-0.010482062,0.00010
20011128,-0.017800,0.0074543849,0.0195175056,0.0213907911,0.00010
20011129,0.011500,0.0077136177,-0.002324623,-0.003075892,0.00010
20011130,-0.001400,-0.001380419,-0.001447257,0.0049274042,0.00010
20011203,-0.008600,0.0052557632,0.0077295472,0.0147176519,0.00010
20011204,0.014400,0.0060347114,-0.017823664,-0.008330404,0.00010
20011205,0.023100,-0.002515855,-0.019939584,-0.010428852,0.00010
20011206,-0.001200,0.0065808211,0.0007813791,-0.010359791,0.00010
20011207,-0.007400,0.0092175843,0.0059956402,0.0065198883,0.00010
20011210,-0.015200,0.0012986602,0.01043395,0.0074565696,0.00010
20011211,-0.002000,0.0008402628,-0.001420582,-0.00699667,0.00010
20011212,0.000400,-0.000432955,-0.004185925,-0.000691525,0.00010
20011213,-0.015100,0.004094394,0.0109732527,0.0080744495,0.00010
20011214,0.003000,0.0017633184,0.0075577602,0.0090188313,0.00010
20011217,0.010500,0.0066891551,-0.006072779,0.0007137003,0.00010
20011218,0.008400,-0.000527626,-0.001285712,-0.003547102,0.00010
20011219,0.004300,-0.009012599,0.0031231702,0.0046383561,0.00010
20011220,-0.009300,-0.005275988,0.013936578,0.0103467663,0.00010
20011221,0.005700,0.0156912943,-0.008950585,-0.002118767,0.00010
20011224,0.000200,0.0049806481,0.0011595013,0.0035595841,0.00010
20011226,0.004900,0.0063489465,-0.005323043,-0.00065832,0.00010
20011227,0.006900,-0.003441562,-0.004995301,-0.00777633,0.00010
20011228,0.004100,-0.002123994,-0.007907893,-0.011256635,0.00010
20011231,-0.010400,0.001513128,0.0068237915,-0.002384023,0.00010
20020102,0.004300,-0.0107885,-0.004336122,-0.001389266,0.00010
20020103,0.009900,0.0052777596,-0.005518933,-0.000345242,0.00010
20020104,0.007000,0.0035799137,-0.001684309,-0.009867698,0.00010
20020107,-0.006900,-0.000935488,0.0050998787,0.0084493285,0.00010
20020108,-0.002300,0.012966332,0.001747596,0.0052509824,0.00010
20020109,-0.004500,0.0019511287,0.0058714974,-0.000643792,0.00010
20020110,0.000800,0.001804598,0.0005349582,0.0002528938,0.00010
20020111,-0.008600,0.001083707,0.0044805633,0.0014738135,0.00010
20020114,-0.008500,-0.003599742,0.0087808953,0.0096790988,0.00010
20020115,0.006700,-0.002883021,0.0071409013,-0.000184811,0.00010
20020116,-0.016300,0.00584299,0.0131454963,0.0116446622,0.00010
20020117,0.010700,-0.002613734,-0.000671577,0.0065792597,0.00010
20020118,-0.010800,-0.007352634,0.0047888313,0.0047367352,0.00010
20020122,-0.008100,-0.000351595,0.0129841766,0.0083757093,0.00010
20020123,0.009200,0.0081359747,-0.004538651,0.0025100005,0.00010
20020124,0.004000,-0.003269849,-0.003534298,-0.00638405,0.00010
20020125,0.000900,-0.005052029,0.0020737734,0.0021306864,0.00010
20020128,0.000500,0.0015133467,0.0035672568,0.0082034584,0.00010
20020129,-0.025400,0.0120647667,0.0053134576,0.0145793263,0.00010
20020130,0.010500,0.0003388439,0.0018892897,0.013615945,0.00010
20020131,0.013500,-0.004853662,0.0037482173,-0.000676914,0.00010
20020201,-0.007200,0.0015787007,0.0008760007,0.0024236968,0.00010
20020204,-0.023700,0.0082236967,0.016691662,0.0280116313,0.00010
20020205,-0.003500,0.0004392274,0.0061515818,0.0174398238,0.00010
20020206,-0.007800,-0.005802107,0.0075242294,0.0082429958,0.00010
20020207,-0.004100,-0.006147505,0.0077832602,-0.011109137,0.00010
20020208,0.015900,0.0057460772,-0.008770067,-0.022076168,0.00010
20020211,0.013300,-0.003926466,-0.00881608,-0.003174258,0.00010
20020212,-0.002800,0.0064812295,0.0002650905,0.0017889679,0.00010
20020213,0.009900,-0.000749922,-0.000251809,0.001269452,0.00010
20020214,-0.002400,-0.005001403,0.0083223685,0.0087513398,0.00010
20020215,-0.011200,0.0098688062,0.0089852797,0.0130561848,0.00010
20020219,-0.019400,-0.000887764,0.0118903463,0.0171801368,0.00010
20020220,0.013300,0.0029277624,-0.000180712,0.0030108371,0.00010
20020221,-0.015200,-0.001410863,0.0064235333,0.0078115103,0.00010
20020222,0.007500,0.0078864309,0.0060812744,0.00677854,0.00010
20020225,0.016600,-0.015030975,-0.010194426,-0.003425309,0.00010
20020226,0.001100,0.0073125918,-0.000852767,-0.005674476,0.00010
20020227,0.000800,0.0073100374,0.0020280775,-0.002957054,0.00010
20020228,-0.003100,-0.004022735,0.0038483646,-0.000509654,0.00010
20020301,0.022200,-0.005575748,-0.010324221,-0.007461718,0.00010
20020304,0.019800,-0.009334738,-0.02296857,-0.023915177,0.00010
20020305,-0.005400,0.0047564908,0.0013063443,-0.014095789,0.00010
20020306,0.013900,-0.000631872,-0.005336964,-0.014112066,0.00010
20020307,-0.004200,0.0067668802,-0.002414009,0.0035290011,0.00010
20020308,0.007200,0.0040751584,-0.008408398,-0.004805277,0.00010
20020311,0.002900,0.0001844829,0.0015648955,-0.010398974,0.00010
20020312,-0.002800,0.0000661942,0.0054195815,0.0073800851,0.00010
20020313,-0.009100,0.0034366707,0.0045427805,0.0066913097,0.00010
20020314,-0.000500,0.0017851506,0.0008365974,0.0024198496,0.00010
20020315,0.010600,-0.005974371,-0.001064331,-0.002056512,0.00010
20020318,0.000900,0.0083547557,-0.004168186,-0.003826324,0.00010
20020319,0.003400,-0.000456049,0.0032428039,0.0054220289,0.00010
20020320,-0.015000,0.0085220915,0.0009026323,0.006649491,0.00010
20020321,0.003100,0.015193577,-0.003661006,-0.007000476,0.00010
20020322,-0.004200,-0.001911261,0.0000838876,0.0026991239,0.00010
20020325,-0.014500,0.0062596186,0.0051239414,0.0051062658,0.00010
20020326,0.006000,0.0010470601,0.006007025,0.0072359872,0.00010
20020327,0.005500,0.0039369233,0.0003441841,-0.001282352,0.00010
20020328,0.002900,-0.001941731,-0.003070904,-0.006660129,0.00010
20020401,-0.001200,-0.001174513,-0.00675856,0.0022269185,0.00010
20020402,-0.009200,0.0018586877,0.0089740013,-0.002910429,0.00010
20020403,-0.009800,0.0042320978,0.0033633274,0.0039327011,0.00010
20020404,0.001200,0.0010564743,0.0028047205,0.0040604318,0.00010
20020405,-0.002600,0.0032901588,0.0043433886,0.001617251,0.00010
20020408,0.003500,0.0059573611,-0.00539363,0.0089654792,0.00010
20020409,-0.006000,0.0098819891,0.0071129052,0.002635887,0.00010
20020410,0.011500,0.0007252576,0.0013568638,0.0079612888,0.00010
20020411,-0.022200,0.0165886174,0.0069910686,0.0120024145,0.00010
20020412,0.008400,0.0126570609,0.0038119589,-0.007679011,0.00010
20020415,-0.006700,0.0090872608,-0.003117436,-0.000989377,0.00010
20020416,0.022600,-0.003445267,-0.013596594,-0.012511278,0.00010
20020417,-0.002400,-0.010276209,-0.001087652,-0.007771461,0.00010
20020418,-0.001400,0.0019072853,-0.001114733,0.0025755111,0.00010
20020419,0.000700,0.0004018456,0.0079862325,0.0070653699,0.00010
20020422,-0.015000,0.0081386326,0.0073339271,0.0097806301,0.00010
20020423,-0.005200,0.0040332554,0.0007461887,0.0016080248,0.00010
20020424,-0.006600,-0.002100557,0.0030070435,0.0011545287,0.00010
20020425,-0.001100,0.0036085863,0.0050498944,0.0139586639,0.00010
20020426,-0.014100,0.0001388756,0.0088000553,0.0066621418,0.00010
20020429,-0.008800,0.0092324947,0.0087376787,0.0122037612,0.00010
20020430,0.012000,0.0027975646,-0.006517833,-0.008102965,0.00010
20020501,0.007400,-0.003967794,0.0013503932,0.0062792079,0.00010
20020502,-0.002100,0.0083296292,0.0052588889,0.0076402161,0.00010
20020503,-0.009600,0.0102097202,0.0010147112,-0.000193225,0.00010
20020506,-0.018300,-0.000585633,0.0071315354,0.018399368,0.00010
20020507,-0.003700,-0.007307309,0.0076428114,0.009762048,0.00010
20020508,0.035600,-0.01390544,-0.004986246,-0.030357577,0.00010
20020509,-0.014300,-0.004668023,0.0001678311,0.0104543526,0.00010
20020510,-0.016300,0.0016054888,0.002337205,0.0061324034,0.00010
20020513,0.017500,-0.007320898,0.0023930745,-0.008826766,0.00010
20020514,0.022000,0.0010826084,-0.005410936,-0.008266151,0.00010
20020515,-0.003900,0.004814234,0.0042000436,0.0001574611,0.00010
20020516,0.003500,-0.012861559,0.0024749309,-0.003113656,0.00010
20020517,0.006900,0.0001216492,-0.002889286,-0.000381931,0.00010
20020520,-0.012800,0.0015918758,0.0010110816,0.0047647395,0.00010
20020521,-0.011500,-0.005722387,0.0059892731,0.0014705613,0.00010
20020522,0.003700,-0.008471404,-0.001826594,0.0013764177,0.00010
20020523,0.010500,0.0005175364,0.0008193299,-0.007187633,0.00010
20020524,-0.011600,-0.001505633,-0.000626808,0.0048764031,0.00010
20020528,-0.007500,0.0047764835,-0.001602029,-0.000264962,0.00010
20020529,-0.006700,-0.0010765,0.0034708457,0.0098510862,0.00010
20020530,-0.002400,0.0032566358,0.006435346,0.0028625338,0.00010
20020531,0.001900,-0.004841448,-0.00545952,0.0063136425,0.00010
20020603,-0.024300,-0.004285102,0.0080341163,0.0125488544,0.00010
20020604,-0.001100,-0.000213518,0.0022717226,0.0001156545,0.00010
20020605,0.008300,-0.006821596,0.0005546783,0.010949005,0.00010
20020606,-0.019100,-0.001422791,-0.000617854,0.0134644772,0.00010
20020607,0.000800,0.0035095545,-0.000641893,-0.002344125,0.00010
20020610,0.002100,-0.001721469,0.0014663301,0.0064113026,0.00010
20020611,-0.017000,0.005267533,0.0093635342,0.0174971101,0.00010
20020612,0.005500,-0.00219873,0.0046669119,-0.000184902,0.00010
20020613,-0.011000,-0.003213411,-0.001758108,0.0032682893,0.00010
20020614,-0.000700,0.0129293779,-0.001833006,-0.003744338,0.00010
20020617,0.027700,-0.002000552,-0.003677513,-0.01411069,0.00010
20020618,0.000500,0.0003603454,0.003410983,-0.003288371,0.00010
20020619,-0.016300,-0.003097897,-0.004901667,0.0166681198,0.00010
20020620,-0.013700,0.0061193877,0.0025675744,0.0163812713,0.00010
20020621,-0.015300,0.0121257069,0.0103483845,-0.0041608,0.00010
20020624,0.001900,-0.000208176,-0.001072001,-0.007582012,0.00010
20020625,-0.016900,0.0042324229,0.0016746174,-0.001756648,0.00010
20020626,-0.002700,0.0083585499,0.0052435197,0.0150402819,0.00010
20020627,0.016800,0.0007838331,0.0026875279,-0.006471852,0.00010
20020628,0.001200,0.0083605208,-0.0015426,-0.019533645,0.00010
20020701,-0.023200,-0.005003403,0.0143717029,0.0154777007,0.00010
20020702,-0.022700,-0.004849265,0.0125809885,0.0067098859,0.00010
20020703,0.004100,-0.011875654,-0.004739695,0.0012745025,0.00010
20020705,0.035500,-0.011773697,-0.001483147,-0.012717932,0.00010
20020708,-0.012100,-0.001092297,0.0016957925,0.007153286,0.00010
20020709,-0.023600,0.0143022287,0.0080034038,0.0060398914,0.00010
20020710,-0.030300,0.0111377277,0.008688066,0.0063552531,0.00010
20020711,0.005600,-0.013377767,-0.001627994,-0.017785346,0.00010
20020712,-0.005500,-0.002600718,-0.002237757,-0.010759183,0.00010
20020715,-0.004400,-0.007326028,0.0064312437,-0.011634281,0.00010
20020716,-0.015000,0.0093431383,-0.002874259,-0.00662465,0.00010
20020717,0.006200,0.0003433266,-0.003064633,-0.001198912,0.00010
20020718,-0.027000,0.0017284146,0.0088680353,0.0067144573,0.00010
20020719,-0.033900,0.0102178143,0.009329306,-0.005023641,0.00010
20020722,-0.031800,0.0180517606,0.0016278425,0.0087258481,0.00010
20020723,-0.028600,-0.020991626,0.0061788692,0.048328977,0.00010
20020724,0.054300,-0.022945348,-0.010846168,0.0120966887,0.00010
20020725,-0.005400,0.0036777801,0.006589197,0.0173137786,0.00010
20020726,0.014900,-0.004357981,-0.006305507,-0.000794606,0.00010
20020729,0.054000,-0.0039367,-0.00235842,-0.019349931,0.00010
20020730,0.004200,-0.004195287,-0.003895953,-0.017448203,0.00010
20020731,0.006500,-0.026376829,0.002457645,-0.000082192,0.00010
20020801,-0.026800,0.0246079793,0.0081852296,0.0032006012,0.00010
20020802,-0.023600,-0.002018514,0.0033794032,0.0063882224,0.00010
20020805,-0.033400,0.0111793883,0.0093285885,0.023727627,0.00010
20020806,0.030300,-0.000255631,-0.007053599,-0.011543905,0.00010
20020807,0.018100,-0.013001047,-0.004838504,0.0048788897,0.00010
20020808,0.030500,-0.010029766,0.0005025412,-0.014203286,0.00010
20020809,0.003000,-0.002215963,-0.003239256,-0.002671882,0.00010
20020812,-0.004300,0.0026296227,-0.001291538,0.0027042341,0.00010
20020813,-0.021500,-0.00047692,0.0066550018,0.013136025,0.00010
20020814,0.037600,-0.007828275,-0.000597437,-0.003759546,0.00010
20020815,0.011700,-0.0093408,-0.01076897,0.0030529293,0.00010
20020816,0.000600,0.0143490051,0.0028653391,-0.007251131,0.00010
20020819,0.021700,-0.009299485,-0.000289851,-0.007773874,0.00010
20020820,-0.013000,0.0097468129,-0.001126414,0.001833494,0.00010
20020821,0.013600,0.0073602872,-0.004308769,-0.014259971,0.00010
20020822,0.013200,-0.003639734,-0.003462204,-0.007727646,0.00010
20020823,-0.022500,0.0009079685,0.0047767582,0.0111018776,0.00010
20020826,0.008400,0.0085114542,0.0020702841,-0.008660977,0.00010
20020827,-0.015500,-0.008309972,0.0044230031,0.0017061779,0.00010
20020828,-0.017900,-0.001756813,0.0008706242,0.0093843206,0.00010
20020829,0.002100,0.0130516876,-0.00443664,-0.004036573,0.00010
20020830,-0.002900,-0.00061681,-0.000358952,0.0069216134,0.00010
20020903,-0.039500,0.0117733834,0.002849683,0.0181264885,0.00010
20020904,0.018400,0.0080122743,0.0026727207,-0.005240289,0.00010
20020905,-0.016200,-0.004269361,-0.000305513,0.0109892695,0.00010
20020906,0.018200,0.0063053572,-0.004527081,-0.010355912,0.00010
20020909,0.009300,-0.006365296,-0.001757625,-0.000985659,0.00010
20020910,0.006600,-0.00184604,-0.002988188,0.0037728578,0.00010
20020911,-0.000300,-0.003333188,-0.000757216,-0.00244501,0.00010
20020912,-0.023800,0.0095312689,0.0012269419,0.0094275983,0.00010
20020913,0.003800,0.0075594607,0.0007798759,0.0037316467,0.00010
20020916,0.000200,-0.010055725,-0.003078266,0.0105429201,0.00010
20020917,-0.019100,0.0045286195,0.0093201247,0.0034620856,0.00010
20020918,-0.004600,-0.000118724,-0.006461137,0.006884729,0.00010
20020919,-0.029600,0.0020903611,0.0017766083,0.0125233728,0.00010
20020920,0.002000,-0.000035862,0.0020775248,0.0041469787,0.00010
20020923,-0.014800,-0.007652971,0.0048759021,0.0054465659,0.00010
20020924,-0.015400,0.0054423419,-0.004403718,0.0034070886,0.00010
20020925,0.024400,-0.004825149,-0.000446563,-0.008573467,0.00010
20020926,0.017400,0.0067754547,-0.00268694,-0.003020852,0.00010
20020927,-0.029800,0.0116225317,-0.005045835,0.004554116,0.00010
20020930,-0.012700,0.0134268696,0.0000511735,-0.003861339,0.00010
20021001,0.035600,-0.014279868,0.0091669704,-0.011188239,0.00010
20021002,-0.023000,0.010736618,-0.005517119,0.0173234381,0.00010
20021003,-0.011300,0.0006290602,0.0072734041,0.0125355772,0.00010
20021004,-0.022500,-0.001476209,0.0020912881,0.0110506519,0.00010
20021007,-0.020000,-0.00497457,0.0045206034,0.0106926148,0.00010
20021008,0.015400,-0.002873859,-0.002960215,0.0116413307,0.00010
20021009,-0.027700,-0.0027038,-0.002758537,0.0199622529,0.00010
20021010,0.034100,-0.01414198,0.0029077713,-0.017418582,0.00010
20021011,0.037400,-0.009982194,-0.000624051,-0.015331466,0.00010
20021014,0.007700,-0.00078273,-0.002154823,0.0054452025,0.00010
20021015,0.045700,-0.001942261,-0.000769068,-0.026233449,0.00010
20021016,-0.024200,0.0057138092,-0.000323454,0.0066919191,0.00010
20021017,0.024000,0.0067767699,0.0019949491,-0.008548376,0.00010
20021018,0.004900,-0.002214757,-0.001150542,0.0082507862,0.00010
20021021,0.016500,-0.009569897,-0.005589781,-0.003723058,0.00010
20021022,-0.011100,-0.005038748,0.0045232573,-0.009139416,0.00010
20021023,0.007600,0.0018140576,-0.003611574,-0.002904858,0.00010
20021024,-0.014400,0.0097770747,-0.004782409,0.001379977,0.00010
20021025,0.016900,-0.001631086,0.003934908,-0.00427176,0.00010
20021028,-0.008300,-0.006006976,0.0020588527,-0.013189804,0.00010
20021029,-0.008700,0.0105218654,-0.003203137,0.0095244084,0.00010
20021030,0.010300,-0.002155148,0.0013049828,-0.004135102,0.00010
20021031,-0.004100,0.0058083749,-0.002315654,0.0000259915,0.00010
20021101,0.017300,0.0013606581,0.0018641655,-0.010393518,0.00010
20021104,0.007900,-0.003105799,0.0014517709,-0.021025008,0.00010
20021105,0.006300,-0.00533048,-0.000754005,0.0015041843,0.00010
20021106,0.009800,0.0050141949,-0.004209544,-0.006814906,0.00010
20021107,-0.022200,0.0023276902,0.0013417089,0.017060476,0.00010
20021108,-0.009200,0.0026778258,0.0013969561,0.0082296656,0.00010
20021111,-0.020900,0.0006101369,0.0007363195,0.0093816661,0.00010
20021112,0.008300,-0.00042352,0.0062679611,-0.004408226,0.00010
20021113,0.000200,0.0050883945,0.0006295835,0.0031147072,0.00010
20021114,0.024400,-0.000404859,0.0025448876,-0.010444004,0.00010
20021115,0.006100,-0.008090425,-0.002859087,-0.001703199,0.00010
20021118,-0.010000,-0.00121755,-0.002547575,-0.003678085,0.00010
20021119,-0.004800,0.0002047173,0.0011538015,-0.00367779,0.00010
20021120,0.019600,-0.000334316,0.0013394483,-0.014475396,0.00010
20021121,0.021500,-0.006253029,0.0013998658,-0.030661423,0.00010
20021122,-0.002500,0.0070668774,-0.003408963,-0.001962757,0.00010
20021125,0.003600,0.0031085274,0.0012598526,-0.008821314,0.00010
20021126,-0.020000,0.0047026114,0.0064707994,0.0075531237,0.00010
20021127,0.027800,-0.000196302,0.0007822056,-0.011144387,0.00010
20021129,-0.003000,-0.009016503,-0.000847808,-0.006578523,0.00010
20021202,-0.001000,0.0071653276,-0.002048,0.0003604239,0.00010
20021203,-0.015400,0.0042393873,0.0016843355,0.0154125515,0.00010
20021204,-0.003800,-0.002139422,-0.004473714,0.0149259732,0.00010
20021205,-0.011100,0.0049271489,-0.001954898,0.0025293584,0.00010
20021206,0.006100,-0.00332281,0.0003429751,0.0013473891,0.00010
20021209,-0.022600,0.0033780615,-0.000882461,0.013103869,0.00010
20021210,0.014400,0.0017927198,-0.000071898,-0.00453116,0.00010
20021211,0.001000,0.0007520049,0.0044482301,-0.002279547,0.00010
20021212,-0.002700,0.0041295535,-0.001633972,-0.001003911,0.00010
20021213,-0.013700,-0.003816047,0.0001225898,0.0030712249,0.00010
20021216,0.022100,-0.002637283,0.0030095931,-0.006198112,0.00010
20021217,-0.007600,-0.003439062,-0.000812916,-0.005582597,0.00010
20021218,-0.013500,-0.003492018,-0.00535201,0.0110077116,0.00010
20021219,-0.007000,0.0044173775,0.0072589069,0.0020144239,0.00010
20021220,0.012300,-0.003688495,0.0009634984,-0.000936453,0.00010
20021223,0.002300,0.0058980481,0.0024284001,0.0001265943,0.00010
20021224,-0.005200,0.0039360962,0.0002389027,0.0033821472,0.00010
20021226,-0.001900,0.0042011721,0.0006574666,-0.001955309,0.00010
20021227,-0.015300,0.0046297581,0.0019072783,0.0051107333,0.00010
20021230,0.003400,-0.003766914,-0.001745186,0.0068075635,0.00010
20021231,0.001200,0.0018429043,-0.005758853,-0.005273761,0.00010
20030102,0.031400,-0.010978383,0.0005242552,-0.008556158,0.00000
20030103,-0.001100,-0.004903351,0.0025995899,-0.001010615,0.00000
20030106,0.021300,-0.011504283,0.0029109688,-0.017008606,0.00000
20030107,-0.006300,0.0029727127,0.0056322125,0.0015490351,0.00000
20030108,-0.013500,0.0039335308,-0.005608438,0.0053442376,0.00000
20030109,0.018900,0.0005630424,0.0037236847,-0.006815025,0.00000
20030110,0.000400,0.0002574142,-0.003736258,-0.00707383,0.00000
20030113,-0.001200,0.0013752022,-0.002968859,-0.00213164,0.00000
20030114,0.005500,0.0012927431,0.0060594615,-0.007545733,0.00000
20030115,-0.013200,0.0103603055,-0.003149683,0.0039385761,0.00000
20030116,-0.003400,0.0061905111,-0.002429086,0.0056044176,0.00000
20030117,-0.014100,-0.001252185,-0.000081301,0.0016085802,0.00000
20030121,-0.015300,0.0026610006,0.0045715837,0.0047503586,0.00000
20030122,-0.009400,-0.000512999,0.0024395726,0.0088751983,0.00000
20030123,0.009900,0.0022738736,0.0038907766,-0.002225559,0.00000
20030124,-0.027800,0.0053128158,-0.001257897,0.0133703791,0.00000
20030127,-0.016500,0.0006335884,0.0045429818,0.0020964118,0.00000
20030128,0.012600,-0.003763019,-0.000935845,-0.002312502,0.00000
20030129,0.006300,-0.005123063,-0.001289367,0.003867553,0.00000
20030130,-0.021300,0.0033368014,0.0016292391,0.0108206362,0.00000
20030131,0.012800,-0.000221225,0.0036977592,0.0041028899,0.00000
20030203,0.003700,-0.006607453,0.0028455522,-0.001245258,0.00000
20030204,-0.013400,0.0065797378,0.0001892882,0.0117348845,0.00000
20030205,-0.004900,0.0011096719,0.0025608349,0.0011568353,0.00000
20030206,-0.006400,0.0013595522,0.0003714735,0.0063632531,0.00000
20030207,-0.010600,-0.00614562,0.0003970359,0.0001640909,0.00000
20030210,0.006900,0.0018494826,0.0033134163,-0.000062673,0.00000
20030211,-0.007100,0.0045094223,-0.001529293,0.0068675495,0.00000
20030212,-0.012500,0.0025840833,0.0036806097,0.0020979946,0.00000
20030213,-0.002600,0.00287515,0.0086231654,-0.002404473,0.00000
20030214,0.019000,-0.009681886,-0.001033429,-0.002417516,0.00000
20030218,0.019800,-0.005539503,-0.002352761,-0.003478168,0.00000
20030219,-0.007000,-0.00158426,0.0009698588,-0.003308867,0.00000
20030220,-0.008300,0.011100924,0.0034947176,0.0003780431,0.00000
20030221,0.013100,-0.000300029,-0.002439803,-0.000434429,0.00000
20030224,-0.017800,0.0012622256,0.0003740461,0.0060100445,0.00000
20030225,0.007000,-0.000706417,-0.001287352,-0.002518023,0.00000
20030226,-0.012200,0.0072309967,-0.000024419,0.0022705832,0.00000
20030227,0.011500,-0.002683542,0.0001859551,-0.005300301,0.00000
20030228,0.004100,-0.006772314,-0.001030289,-0.002227225,0.00000
20030303,-0.006700,0.0011088818,0.0026083895,-0.001147955,0.00000
20030304,-0.014400,0.0053958691,0.003663588,0.0058971481,0.00000
20030305,0.007800,-0.005606333,0.0057677578,-0.002571136,0.00000
20030306,-0.008400,0.0038776436,-0.005451562,0.0081167907,0.00000
20030307,0.007600,-0.005110623,-0.001062365,0.0017970575,0.00000
20030310,-0.023600,0.0075034686,-0.003558443,0.0099427207,0.00000
20030311,-0.008100,0.0044603952,0.0030314138,0.0104078813,0.00000
20030312,0.003200,-0.004752185,0.0016227318,-0.002660077,0.00000
20030313,0.033900,-0.006177879,0.0024608731,-0.010827802,0.00000
20030314,0.001300,-0.001112166,-0.001815372,-0.002724177,0.00000
20030317,0.034100,-0.005479388,-0.000185464,-0.004481809,0.00000
20030318,0.004400,0.0058288277,-0.005165752,-0.006407849,0.00000
20030319,0.007200,-0.005757315,0.0005415125,-0.001781567,0.00000
20030320,0.002800,0.0027406043,0.0018691093,-0.00134576,0.00000
20030321,0.021900,-0.006457717,-0.002758471,-0.007742736,0.00000
20030324,-0.033600,0.0107465433,0.0019680175,0.0090194047,0.00000
20030325,0.012100,0.0004120974,-0.003299685,0.0039272816,0.00000
20030326,-0.005500,-0.0024807,-0.002499452,0.0029055121,0.00000
20030327,-0.000900,0.0022521828,-0.003774404,0.0023966992,0.00000
20030328,-0.004800,0.0029096988,-0.00354549,0.0023576555,0.00000
20030331,-0.016600,0.0100660241,-0.002298548,0.0076317695,0.00000
20030401,0.011200,-0.002250333,0.0050652726,-0.008280223,0.00000
20030402,0.026000,-0.008234807,0.0027422739,-0.00675176,0.00000
20030403,-0.004900,0.0024798035,-0.000673481,0.0014541967,0.00000
20030404,0.001500,-0.001948578,0.0030351342,-0.003870323,0.00000
20030407,0.001800,0.0046268665,-0.000577122,-0.005867546,0.00000
20030408,-0.002400,-0.003223234,0.0019759077,0.0005691697,0.00000
20030409,-0.012800,0.0077519191,-0.002497635,0.0001450675,0.00000
20030410,0.005200,-0.004553091,0.0022711664,0.0035270692,0.00000
20030411,-0.003200,-0.002421627,0.0003576633,-0.000868458,0.00000
20030414,0.018800,-0.003847688,0.0000726579,-0.004967355,0.00000
20030415,0.006200,0.0017033085,0.0010738793,-0.006038736,0.00000
20030416,-0.011100,0.0096666893,0.0014168585,-0.000099998,0.00000
20030417,0.015200,0.0012736508,-0.00217167,-0.0033783,0.00000
20030421,-0.001100,0.0071876629,-0.003055722,-0.003907786,0.00000
20030422,0.020700,-0.009475682,-0.000716453,-0.011903741,0.00000
20030423,0.008900,-0.00406981,-0.003931567,-0.012896655,0.00000
20030424,-0.008100,-0.000898169,-0.003592655,0.0064006349,0.00000
20030425,-0.013000,0.0042122616,0.0007029022,0.0030631914,0.00000
20030428,0.017600,-0.000383774,0.0022976812,-0.004895116,0.00000
20030429,0.003400,-0.002108502,-0.001777721,0.003083214,0.00000
20030430,0.000300,0.0048582925,-0.001026343,-0.006249629,0.00000
20030501,-0.000300,0.0034737674,-0.000166215,-0.000692464,0.00000
20030502,0.015600,0.0040005156,-0.001490231,-0.004144188,0.00000
20030505,-0.001800,0.0038535428,-0.002597623,0.0008429593,0.00000
20030506,0.008000,-0.001336902,0.0012697111,-0.002294837,0.00000
20030507,-0.004600,0.0002813756,-0.000236333,-0.000595778,0.00000
20030508,-0.009900,0.0063977207,-0.001477121,0.0046515814,0.00000
20030509,0.013900,0.0000842915,-0.00044853,-0.002006681,0.00000
20030512,0.012500,-0.003629322,-0.002620886,-0.0032177,0.00000
20030513,-0.002300,0.0033844236,0.0026310903,-0.002177476,0.00000
20030514,-0.002300,-0.001032026,-0.002924638,-0.008301976,0.00000
20030515,0.007400,0.0009955928,0.0017426845,-0.00511947,0.00000
20030516,-0.003100,-0.011859538,-0.000591932,-0.006859448,0.00000
20030519,-0.023000,0.0032476607,0.0017098161,0.0039364392,0.00000
20030520,-0.001200,-0.000795903,-0.001812137,0.0016676995,0.00000
20030521,0.004100,-0.003244662,-0.005465557,-0.001408864,0.00000
20030522,0.009600,-0.004205897,-0.009777306,-0.001004897,0.00000
20030523,0.002600,0.002836598,0.0000560959,-0.006964929,0.00000
20030527,0.019500,-0.000133591,-0.001621708,-0.006573947,0.00000
20030528,0.002200,0.0067014386,0.0031303395,-0.002269585,0.00000
20030529,-0.002600,0.0090396609,0.0004405156,-0.000221396,0.00000
20030530,0.015300,0.0022317303,-0.002128599,-0.006544315,0.00000
20030602,0.003900,-0.003789342,0.0002013864,-0.010789052,0.00000
20030603,0.003900,-0.000022904,0.0021924657,0.0071262933,0.00000
20030604,0.015600,-0.000065175,0.0000942699,-0.008876282,0.00000
20030605,0.005500,0.002683384,-0.005613651,-0.004914264,0.00000
20030606,-0.003300,-0.004773588,0.006226785,-0.00075507,0.00000
20030609,-0.013100,0.0011052305,0.001450809,0.0132817462,0.00000
20030610,0.009500,0.0026377874,-0.001451436,0.0033550034,0.00000
20030611,0.012900,-0.003565367,-0.00458874,-0.007183592,0.00000
20030612,0.001800,0.0030008834,-0.001532692,0.0021863311,0.00000
20030613,-0.010200,-0.002517155,0.0008499438,0.0036013884,0.00000
20030616,0.021400,-0.002714174,-0.004178493,-0.002502366,0.00000
20030617,0.001300,0.0023404048,-0.00359824,0.0057579176,0.00000
20030618,-0.001500,0.0036063024,-0.000283921,0.0020790989,0.00000
20030619,-0.014900,0.0042193008,-0.00111817,0.0059370775,0.00000
20030620,0.000500,-0.00136847,-0.000899392,-0.002454735,0.00000
20030623,-0.015200,-0.004113915,-0.001214268,0.0068582581,0.00000
20030624,0.002000,0.0003847711,0.0013968595,-0.000497572,0.00000
20030625,-0.006000,0.0119562164,-0.003983426,0.0017553319,0.00000
20030626,0.011100,0.0055469391,0.0005338639,-0.001034996,0.00000
20030627,-0.008400,0.0074106504,-0.000424679,-0.000403589,0.00000
20030630,-0.001800,-0.00302062,-0.00311554,-0.00097068,0.00000
20030701,0.007300,-0.002380971,0.0061328471,0.0007172066,0.00000
20030702,0.012800,0.0099726112,0.002183137,-0.004429787,0.00000
20030703,-0.007200,0.0017515184,-0.001827154,0.000311592,0.00000
20030707,0.019100,0.00078081,0.0015507846,-0.001770965,0.00000
20030708,0.005100,0.0147595532,-0.001969867,-0.001701502,0.00000
20030709,-0.003400,0.0102210964,0.0008825337,-0.001704252,0.00000
20030710,-0.013300,-0.00274011,-0.001322092,0.0048933694,0.00000
20030711,0.009200,0.0013707899,0.0015350304,-0.001362561,0.00000
20030714,0.007300,0.0035826263,0.0023122996,-0.002091107,0.00000
20030715,-0.004100,0.0014745051,0.0047474071,0.0004414929,0.00000
20030716,-0.006400,0.0021724973,0.001016742,-0.0007178,0.00000
20030717,-0.014500,-0.011180498,-0.001210372,0.0001044395,0.00000
20030718,0.010800,-0.001972405,0.0023896534,0.0023108224,0.00000
20030721,-0.014200,0.0000179264,-0.004979186,0.0017262951,0.00000
20030722,0.009600,0.0026816024,0.0005830211,-0.00560418,0.00000
20030723,0.001800,0.0037142937,-0.001691211,0.0078175994,0.00000
20030724,-0.006500,0.0012022621,-0.00186629,-0.005946252,0.00000
20030725,0.015100,-0.009315361,0.0039785478,-0.005663115,0.00000
20030728,-0.000200,0.0085750218,-0.005159471,-0.005660643,0.00000
20030729,-0.005700,0.0064978126,0.0011052531,0.0047735554,0.00000
20030730,-0.001800,0.001037786,0.0031280673,0.0047964809,0.00000
20030731,0.003200,0.0026439445,0.0014739189,-0.006804258,0.00000
20030801,-0.010600,-0.005899836,-0.003746381,0.0058393093,0.00000
20030804,0.001100,-0.009155112,0.001254887,0.0065818794,0.00000
20030805,-0.017100,0.001191737,0.0028659019,-0.002353853,0.00000
20030806,0.000200,-0.009659512,-0.000073149,-0.006127902,0.00000
20030807,0.005700,-0.007298161,0.0008762674,0.002939647,0.00000
20030808,0.003300,-0.003395562,-0.003577314,-0.000174496,0.00000
20030811,0.004300,0.0069042826,-0.002066029,0.0040951641,0.00000
20030812,0.010900,0.0078758114,-0.002010404,0.0006313933,0.00000
20030813,-0.005000,0.0079068647,-0.000746166,0.0033082146,0.00000
20030814,0.006200,0.0013699323,0.0043249943,-0.004736131,0.00000
20030815,0.000900,0.0001920259,-0.003164555,0.0030041333,0.00000
20030818,0.010300,0.0083358316,-0.002018007,0.0021651644,0.00000
20030819,0.004300,0.0115079712,-0.003131239,0.0002032573,0.00000
20030820,-0.001400,0.003559444,0.0014265943,0.001429603,0.00000
20030821,0.004600,0.008078002,-0.002124841,-0.001796807,0.00000
20030822,-0.010700,-0.007062168,-0.000644908,0.0046143727,0.00000
20030825,-0.000400,-0.002603876,-0.000362443,-0.001158495,0.00000
20030826,0.002900,0.0003954691,0.0001875173,-0.001977948,0.00000
20030827,0.001700,0.0075148051,-0.00296665,0.0030392512,0.00000
20030828,0.007000,0.0027464192,-0.00512325,-0.000812764,0.00000
20030829,0.005300,-0.001576547,-0.000304491,-0.000175714,0.00000
20030902,0.014000,0.0026677838,0.0035899111,0.0002631302,0.00000
20030903,0.004300,0.0002748248,0.0033452603,-0.000107266,0.00000
20030904,0.002200,0.0020615328,0.0001977214,0.0011249224,0.00000
20030905,-0.006100,-0.000758352,0.0022307081,-0.005526442,0.00000
20030908,0.010700,0.0045019345,0.0002847398,-0.003425687,0.00000
20030909,-0.007900,0.0007904663,0.0034185032,-0.00684485,0.00000
20030910,-0.013700,-0.009890078,-0.003981522,0.0027432719,0.00000
20030911,0.006200,0.006071693,0.0020131443,0.0016764497,0.00000
20030912,0.002300,0.0010210114,-0.00072763,-0.001135576,0.00000
20030915,-0.003500,0.0030097586,0.0004256625,0.0033455474,0.00000
20030916,0.014000,0.0038534233,0.0006949871,0.0011947368,0.00000
20030917,-0.002600,-0.000052027,0.0011328567,0.0007327662,0.00000
20030918,0.012500,-0.003235493,0.0063126298,-0.004705029,0.00000
20030919,-0.002300,0.0064117631,0.0030467647,-0.001159156,0.00000
20030922,-0.013000,0.0010281249,0.0031875107,-0.000569109,0.00000
20030923,0.006500,0.0070309554,-0.001340157,0.0033998589,0.00000
20030924,-0.018800,-0.001957841,-0.001092827,-0.001216357,0.00000
20030925,-0.008100,-0.016266227,0.0018016758,-0.002745925,0.00000
20030926,-0.008400,-0.00995654,0.0033008785,-0.003137534,0.00000
20030929,0.009900,0.0050556061,0.0053479023,-0.002304811,0.00000
20030930,-0.009600,-0.001317255,-0.006924469,-0.003961962,0.00000
20031001,0.021600,0.0035983381,0.0036383618,-0.001287351,0.00000
20031002,0.003100,0.0017155656,-0.003647148,0.0024052476,0.00000
20031003,0.010200,0.0090528743,0.0021031256,0.0093101588,0.00000
20031006,0.004900,0.0042838453,0.0016046063,0.0024629682,0.00000
20031007,0.005100,0.0034344011,0.0020032485,0.0018150374,0.00000
20031008,-0.004800,-0.003771843,0.0016854973,-0.001910995,0.00000
20031009,0.005500,0.0056660647,-0.003465173,0.002391512,0.00000
20031010,-0.000800,-0.000960526,0.0005770705,0.00236068,0.00000
20031013,0.008100,0.0090861362,0.0011134111,-0.000884503,0.00000
20031014,0.004400,0.0043860466,0.0015675551,-0.001647588,0.00000
20031015,-0.003500,-0.001955253,0.0000113251,0.0029695849,0.00000
20031016,0.003600,0.0012159495,0.0013031977,0.0036171321,0.00000
20031017,-0.011100,-0.005566975,0.0028821309,-0.004096504,0.00000
20031020,0.004100,-0.004239354,-0.002496509,0.0062890454,0.00000
20031021,0.002500,0.0065088773,-0.002160964,0.0000171334,0.00000
20031022,-0.015100,-0.005666348,-0.000765694,-0.004214292,0.00000
20031023,0.002200,-0.006653668,0.0005798425,-0.004685696,0.00000
20031024,-0.004500,-0.004679729,-0.002365181,-0.005683397,0.00000
20031027,0.004000,0.010625859,-0.002210959,0.0010630176,0.00000
20031028,0.015900,0.0025937613,-0.002152584,0.005450777,0.00000
20031029,0.002800,0.0047318924,0.0010351607,-0.0023282,0.00000
20031030,-0.001100,-0.000137797,0.0015916197,-0.003971735,0.00000
20031031,0.002800,-0.006209459,-0.001560353,0.0004659542,0.00000
20031103,0.009300,0.0089291288,0.0047210169,0.002078074,0.00000
20031104,-0.004500,0.0059986516,0.0047990865,0.0011851822,0.00000
20031105,-0.000400,0.0041674084,-0.000332753,0.0019498103,0.00000
20031106,0.005800,0.0023664066,0.0028969831,-0.00117452,0.00000
20031107,-0.003300,0.0024222271,-0.002007916,0.0003508084,0.00000
20031110,-0.007400,-0.010341924,0.0035874774,-0.003304219,0.00000
20031111,-0.002100,-0.006628275,-0.000522602,0.0010428896,0.00000
20031112,0.013300,0.007899547,-0.000885871,0.0033141789,0.00000
20031113,0.000300,-0.003481735,-0.006779116,-0.000161316,0.00000
20031114,-0.008300,-0.009428601,-0.001987842,-0.001579009,0.00000
20031117,-0.007200,-0.00561415,0.0001654948,-0.004235894,0.00000
20031118,-0.008700,-0.00138819,0.0009253462,-0.000723506,0.00000
20031119,0.007600,0.0013553152,0.0016281576,0.0007728477,0.00000
20031120,-0.007700,0.0031811849,-0.002283361,0.0020535658,0.00000
20031121,0.002100,0.0065059249,0.00663882,-0.000639636,0.00000
20031124,0.017100,0.0095062054,-0.003274535,0.0062167142,0.00000
20031125,0.003100,0.0029720548,-0.000460799,-0.002624745,0.00000
20031126,0.004000,-0.001018378,0.0029871136,-0.006631743,0.00000
20031128,0.001000,0.0017846133,-0.002775827,0.0046653709,0.00000
20031201,0.011100,0.0054617253,-0.00151544,0.0008513607,0.00000
20031202,-0.002700,-0.001145956,0.0024379661,-0.002833135,0.00000
20031203,-0.003400,-0.011060721,0.0023602451,-0.007825196,0.00000
20031204,0.002600,-0.002520626,-0.001899742,-0.003926037,0.00000
20031205,-0.007900,-0.002143555,-0.004571603,-0.003816797,0.00000
20031208,0.006500,0.001247105,0.0027522691,-0.004779996,0.00000
20031209,-0.009500,-0.007598013,-0.001337423,-0.004418906,0.00000
20031210,-0.002900,-0.007848964,0.0040188453,-0.002357709,0.00000
20031211,0.013400,0.0127329146,0.0004131176,0.0011869541,0.00000
20031212,0.003100,0.0055775635,-0.000343454,-0.00612865,0.00000
20031215,-0.007300,-0.009383199,-0.000347902,-0.002080107,0.00000
20031216,0.005000,-0.003743374,0.0031954404,-0.006942703,0.00000
20031217,0.001500,0.0006291872,-0.006011482,0.0036604859,0.00000
20031218,0.012400,0.0048781879,-0.002480782,0.001558468,0.00000
20031219,-0.000400,0.0001387965,-0.00010114,-0.002146492,0.00000
20031222,0.003600,0.0001303473,0.0007290368,-0.006647997,0.00000
20031223,0.003700,0.0065416167,-0.001125505,0.0006749025,0.00000
20031224,-0.001800,-0.00280368,-0.001678638,-0.001028887,0.00000
20031226,0.001900,0.0032323569,-0.000541182,0.0008495561,0.00000
20031229,0.012900,0.0041741332,-0.000456252,-0.001270127,0.00000
20031230,0.000500,0.0029407362,0.0000493107,-0.001757672,0.00000
20031231,0.000100,-0.015309464,0.0003893166,0.0005703993,0.00000
20040102,-0.001700,0.0094525856,0.0016819725,-0.003247813,0.00000
20040105,0.012000,0.0012082709,0.0012770587,0.0061030146,0.00000
20040106,0.002000,0.0008107719,0.0025717677,0.0033255236,0.00000
20040107,0.003400,0.0049580234,0.0006914682,-0.000247866,0.00000
20040108,0.004500,0.0049173454,0.0072119278,-0.004537398,0.00000
20040109,-0.007200,0.00028705,-0.004265972,-0.003680665,0.00000
20040112,0.005700,0.0080281264,0.003484914,0.0000202397,0.00000
20040113,-0.005100,0.0045280848,-0.003002717,0.0020845883,0.00000
20040114,0.008000,0.0014460339,0.0018114373,0.0029273209,0.00000
20040115,0.001500,-0.000657529,0.0080389547,-0.000595578,0.00000
20040116,0.007200,-0.001543275,-0.002524032,0.0003874125,0.00000
20040120,0.001500,0.0109231502,0.0022604132,-0.001120686,0.00000
20040121,0.006400,-0.007443364,-0.006576902,-0.007309304,0.00000
20040122,-0.003200,-0.005542504,-0.006194394,-0.000154083,0.00000
20040123,-0.001400,0.0083601897,0.000597545,-0.000120465,0.00000
20040126,0.011200,-0.002499449,0.0040831797,0.0017835685,0.00000
20040127,-0.009600,-0.001439392,-0.000540418,-0.004973165,0.00000
20040128,-0.014400,-0.003159921,0.0063762984,-0.002318434,0.00000
20040129,0.002500,-0.009619465,-0.000642175,-0.000322761,0.00000
20040130,-0.001500,0.0024190202,-0.001821273,-0.001144339,0.00000
20040202,0.002700,-0.006493755,-0.001256801,-0.005550397,0.00000
20040203,0.000000,-0.002978912,0.000954265,-0.000260355,0.00000
20040204,-0.009700,-0.019328845,-0.007253106,-0.001961619,0.00000
20040205,0.002300,0.0091113791,0.0031321641,0.0002008062,0.00000
20040206,0.013900,0.0100358451,0.0028379062,0.0035083399,0.00000
20040209,-0.001000,0.0055729395,-0.002951099,-0.000533763,0.00000
20040210,0.005600,0.0070517691,0.002686713,-0.004424415,0.00000
20040211,0.010400,-0.003296079,-0.003742801,0.0006822863,0.00000
20040212,-0.004600,-0.000878093,-0.001109137,-0.00087744,0.00000
20040213,-0.005700,-0.007314028,0.0001565393,-0.002522702,0.00000
20040217,0.009800,0.0068333609,-0.00265186,0.0004046883,0.00000
20040218,-0.004000,-0.000311047,-0.000286701,0.0002899087,0.00000
20040219,-0.005400,-0.011934197,-0.000988394,-0.004348746,0.00000
20040220,-0.003000,-0.001041313,-0.001961202,-0.001293404,0.00000
20040223,-0.005100,-0.011423006,-0.003061806,-0.005315563,0.00000
20040224,-0.001400,0.0037146372,0.0024532912,0.0023180111,0.00000
20040225,0.005400,0.0052888077,0.001885217,0.0042556242,0.00000
20040226,0.002900,0.0059676612,-0.002100501,0.0028350276,0.00000
20040227,0.001100,0.0041420454,0.002157353,-0.002391962,0.00000
20040301,0.010200,0.0038287979,-0.003045684,0.0042996014,0.00000
20040302,-0.005900,0.0003263582,0.0025077537,-0.003764519,0.00000
20040303,0.001400,-0.001645247,-0.001996197,-0.004750062,0.00000
20040304,0.004300,0.0073056623,0.0005206929,0.0007825851,0.00000
20040305,0.002400,-0.000297633,-0.002715724,-0.000710838,0.00000
20040308,-0.008400,-0.005022167,-0.001764182,-0.002178185,0.00000
20040309,-0.006600,-0.004480776,-0.000944383,0.0013039448,0.00000
20040310,-0.015000,-0.003365761,0.0002678509,0.0020288654,0.00000
20040311,-0.014200,0.0051274912,-0.001143685,-0.001642773,0.00000
20040312,0.013400,0.0094117662,0.0016589478,-0.002823912,0.00000
20040315,-0.015600,-0.013332075,-0.004460977,0.0021341169,0.00000
20040316,0.004300,-0.005415084,0.0011238033,-0.001628878,0.00000
20040317,0.012200,0.0098900683,0.0013985371,0.0011087193,0.00000
20040318,-0.002000,-0.005557039,-0.003291927,-0.004002819,0.00000
20040319,-0.010000,0.0042670719,-0.002045652,0.0017496319,0.00000
20040322,-0.014200,-0.006461657,0.0001966235,-0.001874955,0.00000
20040323,-0.000900,0.0022735189,0.0021914909,0.0011331633,0.00000
20040324,-0.002700,-0.000813207,-0.000047296,0.0064031733,0.00000
20040325,0.016800,0.0078807101,0.0030903057,0.0077226773,0.00000
20040326,0.000000,0.0031133764,-0.002935383,0.0009208165,0.00000
20040329,0.013400,0.0061589062,-0.00082268,-0.000538829,0.00000
20040330,0.004700,0.0047022537,-0.002437315,0.0013354892,0.00000
20040331,0.000000,0.0012718544,-0.00039911,-0.000668441,0.00000
20040401,0.006400,0.0029366992,0.0020165028,0.0000611751,0.00000
20040402,0.009100,0.0070547265,-0.001376322,0.0085248095,0.00000
20040405,0.007900,-0.000091415,-0.001014912,0.0049213652,0.00000
20040406,-0.002900,-0.006657995,-0.002376984,-0.002263565,0.00000
20040407,-0.005000,0.0077943709,-0.001654242,-0.00116458,0.00000
20040408,-0.001400,-0.002494352,-0.001351711,0.0000483674,0.00000
20040412,0.005000,0.001299277,-0.000080425,0.0015721019,0.00000
20040413,-0.014900,-0.00671798,-0.000966454,0.0026410202,0.00000
20040414,-0.002000,-0.005216291,-0.002161548,0.0023287436,0.00000
20040415,-0.000500,-0.006809026,-0.008846695,-0.000480119,0.00000
20040416,0.004500,-0.000725171,-0.002984684,-0.007134462,0.00000
20040419,0.002200,0.0052627359,-0.001457175,0.0047775459,0.00000
20040420,-0.014800,-0.001401079,0.0027494416,-0.000454804,0.00000
20040421,0.006000,0.0056810129,0.0002637964,0.0060554592,0.00000
20040422,0.014400,0.0028288335,-0.000981176,0.0034974545,0.00000
20040423,-0.000100,-0.005225263,0.0016316145,0.0035831506,0.00000
20040426,-0.003300,-0.000765108,-0.001211709,-0.014144319,0.00000
20040427,0.001300,-0.001022189,-0.002029056,-0.004719233,0.00000
20040428,-0.014600,-0.007689548,-0.002325501,-0.002919337,0.00000
20040429,-0.008600,-0.008846631,0.0006084592,-0.006621995,0.00000
20040430,-0.006600,-0.007470968,-0.000922448,-0.003902584,0.00000
20040503,0.008500,0.0005216264,-0.002828429,0.0030135157,0.00000
20040504,0.002100,0.0062119355,-0.001740018,0.0017214235,0.00000
20040505,0.002700,-0.000429026,-0.00157756,-0.00027006,0.00000
20040506,-0.008000,-0.002352669,0.0022106345,0.0023466928,0.00000
20040507,-0.014800,-0.006225788,0.0036537468,0.0046825894,0.00000
20040510,-0.012900,-0.006927394,0.0097009128,-0.003151916,0.00000
20040511,0.009500,0.0109314896,-0.002831037,0.003200549,0.00000
20040512,0.001200,-0.00304534,0.0013976382,-0.006876406,0.00000
20040513,-0.000800,-0.002179534,-0.000244125,-0.002142118,0.00000
20040514,-0.001700,-0.004518662,-0.002487206,0.0006727404,0.00000
20040517,-0.011300,-0.002703649,-0.000075933,0.0021965731,0.00000
20040518,0.007600,0.0044194018,0.0007601007,0.0003629166,0.00000
20040519,-0.001900,0.0007763928,0.0007671716,0.002507871,0.00000
20040520,0.000200,0.001274358,0.0029577753,-0.000719279,0.00000
20040521,0.004400,0.004175145,0.0005771501,-0.002957158,0.00000
20040524,0.002900,0.0073269811,0.000519178,0.0012068881,0.00000
20040525,0.016600,0.0065907533,-0.005527535,0.0084813529,0.00000
20040526,0.002800,0.0006337825,-0.001100452,-0.006918481,0.00000
20040527,0.005100,-0.001963223,0.000041077,0.0044712192,0.00000
20040528,0.000200,-0.000533791,-0.001968444,-0.000806307,0.00000
20040601,0.001400,0.0090451317,-0.003469225,0.00788984,0.00000
20040602,0.003100,-0.005733923,0.0005218215,0.0012792691,0.00000
20040603,-0.009000,-0.007503258,0.0021386434,0.0020344921,0.00000
20040604,0.005700,0.0027902012,0.0024848887,-0.003690631,0.00000
20040607,0.015700,0.0042192448,0.002286597,0.002972537,0.00000
20040608,0.000800,-0.002068285,0.0009551103,0.0039401246,0.00000
20040609,-0.010400,-0.003985317,0.0052498648,0.0009552159,0.00000
20040610,0.003600,-0.002019293,0.004492907,0.0017966067,0.00000
20040614,-0.010500,-0.006966367,-0.003514416,0.0046861743,0.00000
20040615,0.007100,0.0102635579,0.0005444833,0.0027969038,0.00000
20040616,0.001400,0.0018206388,-0.003073581,-0.000919878,0.00000
20040617,-0.001400,0.00085272,-0.003149858,-0.000873051,0.00000
20040618,0.001900,0.0003969347,0.0004361096,-0.001737125,0.00000
20040621,-0.004200,0.0020838421,0.0022146613,-0.002795712,0.00000
20040622,0.003800,0.0046382118,0.0030451527,-0.000116877,0.00000
20040623,0.009000,0.0052144491,-0.002513399,0.0017549126,0.00000
20040624,-0.002300,-0.001277325,-0.004298728,-0.003103988,0.00000
20040625,-0.002300,0.010044502,0.0011347033,-0.000436743,0.00000
20040628,-0.002500,-0.001311334,0.0021037679,-0.002588092,0.00000
20040629,0.003100,0.0052794114,0.003308181,0.002423356,0.00000
20040630,0.004700,0.001417848,-0.001499558,0.000673805,0.00000
20040701,-0.010600,-0.003639914,-0.001293528,0.0035690836,0.00000
20040702,-0.002900,0.0011652741,0.0004521266,-0.005607404,0.00000
20040706,-0.009300,-0.009984639,0.0005815735,0.0008160996,0.00000
20040707,0.001500,-0.002681979,0.0031974242,0.0010543479,0.00000
20040708,-0.009600,-0.008438491,0.0040341037,-0.001754536,0.00000
20040709,0.003100,0.0024704697,0.0007507079,0.0046805252,0.00000
20040712,0.000400,-0.00650512,0.0034365108,-0.004898266,0.00000
20040713,0.000900,0.0013264702,-0.000401719,-0.00208181,0.00000
20040714,-0.003300,-0.003405352,-0.002701486,-0.001435774,0.00000
20040715,-0.003200,0.0053667214,0.0002375083,0.0041467042,0.00000
20040716,-0.005700,-0.006902757,0.0036143708,-0.00221756,0.00000
20040719,-0.001200,-0.001507109,0.008745286,-0.005737603,0.00000
20040720,0.008300,0.0088862677,-0.001572586,0.001956089,0.00000
20040721,-0.015000,-0.010684288,0.0039763117,-0.002094636,0.00000
20040722,0.001500,-0.002210938,0.0001395253,-0.000722522,0.00000
20040723,-0.010300,-0.005183191,0.0027493675,-0.003453332,0.00000
20040726,-0.003900,-0.006137006,0.0078296717,-0.000773292,0.00000
20040727,0.011000,0.0081865666,-0.008149167,0.004425421,0.00000
20040728,-0.000900,-0.008005709,0.0030700343,-0.003078998,0.00000
20040729,0.006700,0.0117622149,-0.003031439,0.0005768979,0.00000
20040730,0.001400,0.0025909195,-0.002295079,0.0012174439,0.00000
20040802,0.003600,-0.004158564,0.0014625169,0.0027752373,0.00010
20040803,-0.007500,-0.007968214,0.0008336279,0.0002805977,0.00010
20040804,-0.002000,-0.001236947,0.0090048653,-0.005253877,0.00010
20040805,-0.016300,-0.001909649,0.0042174341,-0.003415728,0.00010
20040806,-0.015900,-0.00854569,0.0024435052,-0.008010998,0.00010
20040809,0.000200,-0.001357289,0.0004837128,0.0042350031,0.00010
20040810,0.013900,0.0084618783,-0.002111505,-0.002987532,0.00010
20040811,-0.002900,-0.005288347,-0.005918848,-0.006406769,0.00010
20040812,-0.011800,-0.007171192,0.0033027207,-0.005587042,0.00010
20040813,0.001000,-0.001501097,0.0023081751,0.0002359626,0.00010
20040816,0.014000,0.0036181656,-0.00193108,-0.005338981,0.00010
20040817,0.003000,0.0018551011,-0.000042418,-0.00259827,0.00010
20040818,0.013400,0.006785146,-0.003740288,-0.001150993,0.00010
20040819,-0.003800,-0.00411873,0.0000360446,0.0007212092,0.00010
20040820,0.007900,0.0097353901,-0.003256944,-0.004251371,0.00010
20040823,-0.003200,-0.002506658,-0.000086196,0.002956609,0.00010
20040824,0.000300,0.0013185094,0.001123331,-0.005162659,0.00010
20040825,0.008400,0.0013636085,-0.003172242,-0.004834837,0.00010
20040826,-0.000500,-0.004382993,-0.000542482,-0.001967624,0.00010
20040827,0.003300,0.0066487657,-0.002454582,0.0013147327,0.00010
20040830,-0.008600,-0.006096639,0.004377609,-0.000305333,0.00010
20040831,0.004800,0.0019978944,-0.00211563,-0.001769136,0.00010
20040901,0.003000,0.0072399026,-0.006426699,0.0067074859,0.00010
20040902,0.010900,0.0021579152,-0.001485438,0.0005954957,0.00010
20040903,-0.004500,-0.003597119,0.0008357514,-0.000296107,0.00010
20040907,0.007300,0.0031790952,0.00110298,-0.001716325,0.00010
20040908,-0.004800,-0.003262552,-0.001946352,0.0029967333,0.00010
20040909,0.003400,0.0130191499,0.0020719054,-0.001095991,0.00010
20040910,0.005300,0.0017570219,0.0010274012,-0.003470518,0.00010
20040913,0.003000,0.0054584259,-0.005142409,0.0024316618,0.00010
20040914,0.001900,-0.004316024,-0.002996358,0.0010780292,0.00010
20040915,-0.006700,-0.000259294,-0.000715295,0.0010519604,0.00010
20040916,0.003600,0.0041374864,0.000746707,-0.005451821,0.00010
20040917,0.003500,-0.005513917,-0.002806576,0.0051379041,0.00010
20040920,-0.005100,0.0004382154,0.0010591988,0.0073413586,0.00010
20040921,0.006600,0.006396764,-0.000708364,0.0008413117,0.00010
20040922,-0.013700,-0.003966972,0.0009232411,0.0071216355,0.00010
20040923,-0.003700,0.0035029249,-0.000593244,0.0025673788,0.00010
20040924,0.001400,-0.002304443,-0.001555212,0.0002799096,0.00010
20040927,-0.007100,-0.005595847,0.0012713321,0.0057499186,0.00010
20040928,0.006300,0.0072695284,-0.000912328,-0.001291334,0.00010
20040929,0.005000,0.0076173755,-0.001384515,0.0002109528,0.00010
20040930,0.000600,0.0020685154,-0.007647822,0.001256764,0.00010
20041001,0.014800,0.0085524733,0.0020081031,-0.001296614,0.00010
20041004,0.003900,0.0046183186,0.001120205,-0.00184955,0.00010
20041005,-0.001100,0.0000782228,0.0027772259,0.0050506183,0.00010
20041006,0.006900,0.0003700004,0.0008861402,0.0004126696,0.00010
20041007,-0.010500,-0.005572251,0.0065770702,-0.003348331,0.00010
20041008,-0.008000,-0.004197511,0.0007585061,-0.001654454,0.00010
20041011,0.002300,0.0005408662,-0.000299953,-0.002713191,0.00010
20041012,-0.002300,0.0003507039,0.0005800919,-0.002478153,0.00010
20041013,-0.007500,-0.005448221,0.0002198,-0.000399007,0.00010
20041014,-0.009200,0.0050054326,-0.00322973,0.0083638975,0.00010
20041015,0.004500,0.0053355825,0.005845944,-0.000115802,0.00010
20041018,0.005100,-0.000912981,-0.001384966,0.0000686651,0.00010
20041019,-0.009200,0.002432853,0.001516005,0.0041424159,0.00010
20041020,0.001100,0.0082169259,-0.001157988,0.006133487,0.00010
20041021,0.003700,0.0074657563,-0.003467035,0.0024246514,0.00010
20041022,-0.010000,-0.007045062,-0.000557386,-0.003020718,0.00010
20041025,-0.000300,0.0036909863,0.0028094613,-0.00096145,0.00010
20041026,0.013600,-0.008183871,0.000535656,-0.005865558,0.00010
20041027,0.013800,0.0024823108,-0.004303339,-0.003821355,0.00010
20041028,0.001300,-0.006589966,0.0036885014,-0.007975107,0.00010
20041029,0.001800,-0.005228077,-0.001581272,0.0006135877,0.00010
20041101,0.000600,0.0043080997,0.0001603561,-0.000343345,0.00010
20041102,-0.000100,-0.001281999,-0.00202666,-0.005622711,0.00010
20041103,0.011700,0.0032705819,-0.006592617,0.00809143,0.00010
20041104,0.015100,-0.007558749,0.0048152129,0.0023014612,0.00010
20041105,0.004400,0.002853054,0.0002548761,0.0022908029,0.00010
20041108,-0.001300,-0.004878378,0.0000175449,0.000560684,0.00010
20041109,0.000500,0.0051667523,0.0009689501,-0.002398142,0.00010
20041110,-0.000100,0.003952586,0.0013325381,0.001280894,0.00010
20041111,0.009000,0.0005183726,0.0003407904,-0.001753756,0.00010
20041112,0.008500,-0.000126391,0.0007590287,0.002975098,0.00010
20041115,0.000700,0.0020195108,-0.001546665,-0.005707601,0.00010
20041116,-0.006600,-0.002249528,0.0009135908,-0.001683183,0.00010
20041117,0.006300,0.0064263623,-0.001490148,-0.000766025,0.00010
20041118,0.000600,-0.002268792,-0.000922995,-0.001457374,0.00010
20041119,-0.011200,-0.000698761,0.0021792842,0.00308584,0.00010
20041122,0.006100,0.0067119446,0.0013849925,0.0020664498,0.00010
20041123,0.000600,0.0027186192,-0.002781869,0.0007990016,0.00010
20041124,0.004700,0.003996324,-0.00186909,0.0002861564,0.00010
20041126,0.001200,0.0015698889,-0.001876942,0.0013686306,0.00010
20041129,-0.002100,0.0096856081,-0.001050717,-0.001228263,0.00010
20041130,-0.003700,0.002245955,-0.004714025,-0.002948362,0.00010
20041201,0.014800,-0.000583966,0.0014197963,-0.005869504,0.00010
20041202,-0.000700,-0.000660753,-0.000257073,-0.004441834,0.00010
20041203,0.000400,0.0007042234,0.0014633494,0.0029776957,0.00010
20041206,-0.001300,-0.003426374,0.002715376,0.0013284124,0.00010
20041207,-0.011600,-0.008558745,0.001346421,-0.003304934,0.00010
20041208,0.004600,0.0041747224,-0.002393253,0.0029990633,0.00010
20041209,0.004400,-0.01061453,-0.00428506,-0.000857986,0.00010
20041210,-0.000100,0.0004600891,-0.001400409,-0.003232189,0.00010
20041213,0.008600,-0.001626765,-0.000069987,-0.000506911,0.00010
20041214,0.004500,0.0030510659,-0.002395449,-0.0011466,0.00010
20041215,0.003300,0.0056339421,-0.004802364,-0.003617034,0.00010
20041216,-0.002900,-0.004172543,0.0001186299,0.0021826861,0.00010
20041217,-0.005600,0.0055132837,0.0049239126,-0.000594937,0.00010
20041220,-0.001200,-0.007077451,0.0067868583,0.0012778847,0.00010
20041221,0.009200,0.0030360322,0.0019884482,-0.000713304,0.00010
20041222,0.003900,0.0014074992,-0.002896921,-0.00365018,0.00010
20041223,0.000900,0.0017246851,-0.000945274,0.0013115456,0.00010
20041227,-0.004500,-0.004953327,-0.000226299,-0.001936389,0.00010
20041228,0.008300,0.0069570706,-0.006376103,0.004401906,0.00010
20041229,0.000100,0.0002702792,-0.003557896,0.0014896278,0.00010
20041230,0.000400,-0.00050195,-0.000161223,-0.002552563,0.00010
20041231,-0.001400,0.0003459165,0.0004351532,-0.002290444,0.00010
20050103,-0.009700,-0.008757439,0.0048042521,-0.006745064,0.00010
20050104,-0.013000,-0.004219128,0.0023523268,-0.001485714,0.00010
20050105,-0.005100,-0.009559017,0.0020880443,-0.001326412,0.00010
20050106,0.003400,-0.001873022,-0.000648756,-0.001002728,0.00010
20050107,-0.002200,-0.008325364,-0.001069551,0.0023921505,0.00010
20050110,0.004200,0.0029639248,-0.004361416,0.0090246867,0.00010
20050111,-0.006800,-0.002402643,0.0043257329,0.00291086,0.00010
20050112,0.003800,-0.000518247,-0.001175505,0.0051852673,0.00010
20050113,-0.007700,0.0010679613,-0.003042005,0.0054561075,0.00010
20050114,0.006600,0.0050808118,-0.001077609,0.0039107053,0.00010
20050118,0.009700,0.0011911706,0.0005134805,-0.002555353,0.00010
20050119,-0.009700,-0.00114219,-0.000933002,0.0017536363,0.00010
20050120,-0.007700,-0.002696016,0.0066691666,-0.000609164,0.00010
20050121,-0.005600,0.004386341,0.0007178351,-0.000897276,0.00010
20050124,-0.004900,-0.006134703,0.0062318609,-0.003506381,0.00010
20050125,0.003400,0.0015368433,-0.000621954,0.0025192336,0.00010
20050126,0.006200,0.0126200878,-0.004606546,0.0036717922,0.00010
20050127,0.000800,0.0033150158,-0.00151091,0.0043472821,0.00010
20050128,-0.003000,-0.004718459,0.002464276,-0.000336947,0.00010
20050131,0.009700,0.0097092089,-0.001072277,0.0009755186,0.00010
20050201,0.006900,0.0006494331,0.0029652009,0.0014157066,0.00010
20050202,0.003600,0.00302893,-0.001359225,0.0035884001,0.00010
20050203,-0.002700,-0.002779265,0.0002374019,0.0030456626,0.00010
20050204,0.011200,0.0035340466,-0.002902899,0.0001175998,0.00010
20050207,-0.001100,0.0006355861,0.0014300227,-0.002144569,0.00010
20050208,0.000800,0.0021543775,-0.005698052,0.0061953232,0.00010
20050209,-0.010000,-0.008111604,0.0028550456,-0.003016788,0.00010
20050210,0.003500,-0.002828445,-0.001985293,-0.000349126,0.00010
20050211,0.007700,0.0078162757,0.0007990906,-0.001934354,0.00010
20050214,0.000900,0.0002715017,-0.001820593,0.0032238063,0.00010
20050215,0.002800,-0.003250552,0.0010252116,0.0013347706,0.00010
20050216,0.000700,0.0051672959,-0.004694347,0.0049769187,0.00010
20050217,-0.007900,-0.005347964,-0.003144865,0.000557215,0.00010
20050218,0.000100,0.0010779211,-0.004418045,0.0050875148,0.00010
20050222,-0.014700,-0.002347783,0.0014441119,-0.001983864,0.00010
20050223,0.005300,-0.000689852,-0.001008226,0.0008465664,0.00010
20050224,0.008300,0.0021129963,-0.00206033,0.0071561942,0.00010
20050225,0.009700,0.0061462803,-0.003919792,0.0015235213,0.00010
20050228,-0.006100,-0.000029749,0.0064575819,0.0065476337,0.00010
20050301,0.005800,0.0020724536,0.0049138499,-0.003851144,0.00010
20050302,-0.000100,-0.001968839,-0.00142069,0.0063801104,0.00010
20050303,-0.000100,0.0006888215,0.0005131997,0.0026128379,0.00010
20050304,0.008900,-0.00115181,-0.000202553,0.0043593026,0.00010
20050307,0.002700,-0.001660662,-0.000030489,0.0032601051,0.00010
20050308,-0.005400,-0.004600266,0.0029689857,-0.001904233,0.00010
20050309,-0.009600,0.0010972989,0.0063274312,-0.001267953,0.00010
20050310,0.000100,-0.007244898,0.0071439162,-0.00552142,0.00010
20050311,-0.005500,0.0063179182,-0.00134292,0.0042048024,0.00010
20050314,0.006100,-0.002538953,-0.002934435,-0.005266261,0.00010
20050315,-0.006700,0.0029574299,-0.000568287,0.0048448504,0.00010
20050316,-0.008400,0.0026276583,-0.001538636,0.0023593362,0.00010
20050317,0.001900,0.0004459492,0.0002080155,0.0078397992,0.00010
20050318,-0.001400,-0.004049279,-0.001135605,0.0012850504,0.00010
20050321,-0.003800,0.002759368,-0.003084296,0.0050640895,0.00010
20050322,-0.009200,0.0047898151,-0.001266624,0.0056303077,0.00010
20050323,-0.001200,-0.009477159,0.0008371865,-0.001962916,0.00010
20050324,0.000100,0.0043480484,-0.002806279,0.0029436136,0.00010
20050328,0.001600,-0.000822095,0.0019993463,0.0011041517,0.00010
20050329,-0.008600,-0.007555021,0.0058502451,-0.001747277,0.00010
20050330,0.013500,0.0012810446,-0.002238596,0.0022226547,0.00010
20050331,-0.000100,-0.000664175,-0.001877793,0.0029251881,0.00010
20050401,-0.006400,0.0031374345,-0.005648015,0.0132611826,0.00010
20050404,0.002900,0.000435106,0.0013929169,-0.000285912,0.00010
20050405,0.004000,-0.004683725,-0.003157434,0.0010563337,0.00010
20050406,0.002200,-0.00032646,-0.000267679,-0.004889525,0.00010
20050407,0.005700,-0.001301623,0.0009315024,-0.00037949,0.00010
20050408,-0.008800,-0.005405938,0.0003256714,-0.000562473,0.00010
20050411,-0.000900,-0.007671584,0.0001641916,0.0003524749,0.00010
20050412,0.005600,0.0024079979,0.0022008433,-0.005695274,0.00010
20050413,-0.012200,-0.005348402,0.0009608472,0.000035149,0.00010
20050414,-0.011000,-0.004377484,-0.001031687,0.0012274352,0.00010
20050415,-0.015900,-0.005598587,-0.004701533,-0.009304976,0.00010
20050418,0.002900,0.002405447,-0.000666418,-0.000837165,0.00010
20050419,0.007500,0.0116862759,-0.006437082,0.0087852827,0.00010
20050420,-0.013500,-0.001147083,-0.004481196,-0.000768173,0.00010
20050421,0.018700,0.0043027319,-0.001420826,0.0088865521,0.00010
20050422,-0.008300,-0.008167826,-0.000067835,-0.002434961,0.00010
20050425,0.009300,0.0014162269,-0.000768812,0.0013597242,0.00010
20050426,-0.008700,-0.003366039,-0.000735067,-0.000883264,0.00010
20050427,0.003000,-0.006394048,0.0064304931,-0.008828819,0.00010
20050428,-0.012000,-0.008616415,0.0065646747,-0.00126176,0.00010
20050429,0.010400,-0.005148299,0.0022874147,-0.001299643,0.00010
20050502,0.005200,0.0043532966,-0.000446297,0.0009228108,0.00010
20050503,-0.000400,-0.002651624,0.0028511507,-0.00094056,0.00010
20050504,0.012800,0.0011568964,0.0000515846,-0.009718477,0.00010
20050505,-0.001900,0.0037838486,-0.002617331,0.0031979552,0.00010
20050506,-0.000300,0.0016763069,0.0000664341,0.0047713547,0.00010
20050509,0.006100,0.0029121584,-0.002535938,-0.001423113,0.00010
20050510,-0.010300,-0.002564678,0.0040639415,-0.002057186,0.00010
20050511,0.003900,-0.004191231,-0.000695295,0.0022504262,0.00010
20050512,-0.010200,-0.001125506,0.0057571495,-0.001317969,0.00010
20050513,-0.005000,0.0010817044,0.0069992027,0.0026040922,0.00010
20050516,0.010300,0.0057179646,-0.000132888,-0.002751098,0.00010
20050517,0.006600,-0.001007779,-0.00244603,0.0031459133,0.00010
20050518,0.011500,0.0088219189,-0.004867626,0.0005509667,0.00010
20050519,0.004700,0.0007413434,-0.000373556,0.0039712764,0.00010
20050520,-0.001300,-0.000283716,0.0028876004,-0.003499496,0.00010
20050523,0.004300,0.0019997474,-0.003197203,0.0069734426,0.00010
20050524,0.000500,0.0011458246,0.0004495338,0.0037472987,0.00010
20050525,-0.004400,-0.005421489,0.0003104112,0.0015637116,0.00010
20050526,0.007400,0.0077205473,-0.001229858,0.000424023,0.00010
20050527,0.001800,8.3429902E-6,-0.000896146,0.0006737517,0.00010
20050531,-0.004900,0.0026997159,-0.001269591,0.0018387597,0.00010
20050601,0.009000,0.0010669761,-0.0027411,0.0010538205,0.00010
20050602,0.002400,0.0017295579,-0.001709101,0.0034914449,0.00010
20050603,-0.006700,-0.001188273,-0.001639978,0.001650362,0.00010
20050606,0.001400,0.0036619666,0.000353366,0.0041440808,0.00010
20050607,-0.000300,0.0030630344,-0.000127975,0.0009261354,0.00010
20050608,-0.002800,-0.0017903,0.0024482088,-0.005052356,0.00010
20050609,0.005900,0.0064648559,-0.002067083,0.0063908478,0.00010
20050610,-0.002100,0.0014001808,-0.000539016,-0.004197808,0.00010
20050613,0.002800,0.0003531731,0.000434866,-0.001311417,0.00010
20050614,0.003200,0.0036424099,0.0003390937,-0.003077965,0.00010
20050615,0.002200,0.0044280518,-0.000790322,0.0020408127,0.00010
20050616,0.004600,0.004116229,-0.001437074,-0.004785959,0.00010
20050617,0.003600,-0.004749747,-0.002951488,-0.001624482,0.00010
20050620,-0.000700,-0.00409486,0.0011276558,-0.002868866,0.00010
20050621,-0.001800,0.0008324228,0.0036280178,-0.00413629,0.00010
20050622,0.000500,0.0022983276,0.0016990806,0.0006780104,0.00010
20050623,-0.010700,-0.002510146,0.0034937411,0.0009364626,0.00010
20050624,-0.007200,-0.0024068,-0.003331487,-0.008074603,0.00010
20050627,-0.000700,0.0004276656,0.000861611,0.0048052343,0.00010
20050628,0.010500,0.0089606952,-0.001594138,-0.002673086,0.00010
20050629,-0.000700,0.0038739282,0.001437132,-0.006289194,0.00010
20050630,-0.006300,0.0009059651,0.0018959687,0.0002031759,0.00010
20050701,0.003200,0.0024713191,-0.000639565,-0.000524666,0.00010
20050705,0.009200,0.0074368563,-0.001680754,0.0043962313,0.00010
20050706,-0.007300,0.001711329,0.0019590879,-0.001744526,0.00010
20050707,0.002600,-0.001279688,-0.001627351,0.001653425,0.00010
20050708,0.012000,0.006051059,-0.001258939,-0.004139851,0.00010
20050711,0.006900,0.0072413648,-0.000721405,0.0005123601,0.00010
20050712,0.002000,-0.002804321,-0.00092203,-0.000147163,0.00010
20050713,0.000100,-0.003341727,0.0006346455,-0.003773335,0.00010
20050714,0.001500,-0.009296233,0.0019836312,-0.005327334,0.00010
20050715,0.001200,0.0002699489,-0.001242622,-0.000156672,0.00010
20050718,-0.005500,-0.002569247,0.0016220151,0.002973577,0.00010
20050719,0.007500,0.0097729201,-8.701953E-6,0.004399352,0.00010
20050720,0.005400,0.006679174,-0.003335549,-0.003229579,0.00010
20050721,-0.007400,-0.00876133,-0.001148841,-0.006251903,0.00010
20050722,0.005700,0.0112796388,-0.002988617,0.0007789095,0.00010
20050725,-0.004700,-0.006853536,0.0002766155,0.0025888199,0.00010
20050726,0.002100,0.0028116994,0.0012477648,-0.004011555,0.00010
20050727,0.004200,-0.002686439,0.000922513,0.0040683061,0.00010
20050728,0.006700,0.0036880693,-0.002550209,0.0041900923,0.00010
20050729,-0.006600,0.0032051766,-0.001546024,0.0029059794,0.00010
20050801,0.001500,0.0029404245,-0.000111004,0.0012615977,0.00010
20050802,0.007000,-0.000498347,-0.000374371,0.0008546938,0.00010
20050803,-0.000200,-0.006098566,0.0015303948,-0.001052409,0.00010
20050804,-0.008200,-0.007329736,-0.000890132,-0.000710694,0.00010
20050805,-0.008100,-0.002862782,0.0015882455,0.0011132266,0.00010
20050808,-0.003200,0.0003808702,0.0026131267,0.0024975139,0.00010
20050809,0.005500,-0.004616705,-0.000098119,-0.000629602,0.00010
20050810,-0.001300,0.0007678384,-0.001425922,0.0030276695,0.00010
20050811,0.007100,0.000171948,-0.000999371,0.0015073777,0.00010
20050812,-0.005600,-0.003022471,-0.00133027,0.0018868273,0.00010
20050815,0.003100,0.0028424393,0.0025925112,-0.001081196,0.00010
20050816,-0.012200,-0.00142251,0.0004550669,-0.007785955,0.00010
20050817,0.000500,0.0008107986,0.0043720096,0.000635711,0.00010
20050818,-0.001500,-0.005356772,0.0006478749,-0.001542725,0.00010
20050819,0.000700,0.0002483207,0.0002491625,-0.000073203,0.00010
20050822,0.001900,0.0045656128,0.0002585025,-0.000458341,0.00010
20050823,-0.003100,-0.000447288,-0.00059582,-0.000231755,0.00010
20050824,-0.005600,0.0059338603,-0.001204193,0.0026486719,0.00010
20050825,0.002100,0.0019505827,0.0008225379,0.0009817218,0.00010
20050826,-0.006600,-0.008468809,0.0015006187,0.001096763,0.00010
20050829,0.006500,0.0047731975,-0.001079908,0.0002713729,0.00010
20050830,-0.003100,0.0017105943,-0.00145439,0.0011335962,0.00010
20050831,0.011200,0.0076119794,-0.007066053,0.0044937276,0.00010
20050901,0.001300,0.0011342235,-0.003096991,-0.000198457,0.00010
20050902,-0.003600,-0.005705093,0.0032805317,-0.003353604,0.00010
20050906,0.012200,0.0019222008,-0.000257109,0.0029725079,0.00010
20050907,0.003000,0.0018986669,-0.001578457,0.002071831,0.00010
20050908,-0.004000,-0.000447329,0.0005516245,0.0023171671,0.00010
20050909,0.007300,-0.000401659,-0.002711882,0.0029357862,0.00010
20050912,0.000000,0.0018602576,0.0019936427,-0.001605405,0.00010
20050913,-0.007600,-0.00124856,0.0018959635,0.0009352869,0.00010
20050914,-0.004400,-0.004539108,-0.000570671,-0.001654162,0.00010
20050915,-0.000200,-0.002384082,0.0004983681,0.001278475,0.00010
20050916,0.007200,0.0017490777,3.6087424E-6,-0.004667141,0.00010
20050919,-0.005500,0.0012561689,-0.003535709,0.0064293537,0.00010
20050920,-0.007800,-0.003427389,0.0038517913,-0.00429874,0.00010
20050921,-0.010300,-0.005179451,-0.00140486,0.0050296929,0.00010
20050922,0.003000,-0.002330875,-0.000409236,0.0025571242,0.00010
20050923,0.001500,0.0030935482,0.0011291,-0.000730045,0.00010
20050926,0.001200,0.0050859705,-0.00406725,0.0045184147,0.00010
20050927,-0.000200,-0.004000763,-0.000842717,0.0005696878,0.00010
20050928,0.000600,-0.005923879,-0.000507064,0.0053024853,0.00010
20050929,0.009200,0.0029266068,-0.000326372,-0.005244061,0.00010
20050930,0.002000,0.0010744731,0.0008418694,0.0027592165,0.00010
20051003,0.000000,0.0040295148,-0.00122793,0.0014451923,0.00010
20051004,-0.009600,0.0008764063,0.0017928858,-0.001450389,0.00010
20051005,-0.016200,-0.011374389,0.0071410187,-0.004980655,0.00010
20051006,-0.005600,-0.004485577,0.007698262,-0.007063319,0.00010
20051007,0.004200,0.0018364769,-0.003476297,0.0059009015,0.00010
20051010,-0.007300,-0.001702534,0.0047871668,-0.002123366,0.00010
20051011,-0.003300,-0.007066185,-0.002858467,0.0089191896,0.00010
20051012,-0.007900,-0.005242866,0.0062856598,-0.00347016,0.00010
20051013,-0.000900,0.0046996172,0.0040035468,-0.007947424,0.00010
20051014,0.009100,0.0027789989,-0.007621388,-0.002794855,0.00010
20051017,0.003000,-0.003103643,-0.005241255,0.0039294677,0.00010
20051018,-0.010300,-0.000254865,0.0078632813,-0.003662136,0.00010
20051019,0.014500,0.0036787259,-0.001632472,0.0006331686,0.00010
20051020,-0.014500,-0.003850432,0.0033865982,-0.005188322,0.00010
20051021,0.003200,0.0054607385,-0.006983255,0.0012567862,0.00010
20051024,0.016900,0.0016442825,-0.005269326,0.0013664492,0.00010
20051025,-0.003100,-0.003528427,-0.004929029,0.0045906156,0.00010
20051026,-0.004600,-0.000260207,0.006910035,-0.005104619,0.00010
20051027,-0.012500,-0.009481101,0.0068388425,-0.00695447,0.00010
20051028,0.015500,-0.000621573,-0.00123559,0.000966933,0.00010
20051031,0.009700,0.0096809933,-0.00335107,0.0049101962,0.00010
20051101,-0.002700,-0.000966604,-0.004121083,0.0045573936,0.00010
20051102,0.011500,0.0081819692,-0.005538569,0.0038861087,0.00010
20051103,0.004300,0.0020031484,-0.001389552,0.0074485921,0.00010
20051104,0.000100,-0.000287935,0.0047713207,-0.009236849,0.00010
20051107,0.002500,0.0021907901,0.0035347586,-0.004054119,0.00010
20051108,-0.003700,-0.003758222,0.0014795839,0.005086322,0.00010
20051109,0.001500,0.0009567233,0.0010531671,-0.001755673,0.00010
20051110,0.008000,-0.003821265,0.0030368859,-0.00959389,0.00010
20051111,0.002700,-0.000107038,-0.003305753,-0.001532489,0.00010
20051114,-0.001000,-0.001934918,-0.000384674,0.0052876253,0.00010
20051115,-0.004900,-0.006387394,-0.001023456,0.0048691943,0.00010
20051116,0.001100,-0.003931583,-0.005528501,0.0106662718,0.00010
20051117,0.010600,0.0046747795,-0.001494054,-0.001809231,0.00010
20051118,0.004300,0.0012959238,0.0018884912,-0.006618707,0.00010
20051121,0.006000,0.0026201318,-0.005354158,0.0023229091,0.00010
20051122,0.004800,0.000338202,-0.00515894,0.0018460607,0.00010
20051123,0.003100,-0.001148917,0.0035197976,-0.004108553,0.00010
20051125,0.001800,-0.001426567,-0.001437063,0.0021945056,0.00010
20051128,-0.010100,-0.007870469,0.0081607067,-0.005593992,0.00010
20051129,0.000100,0.0047109874,-0.000658985,0.0034222979,0.00010
20051130,-0.004300,0.0104290626,-0.00100875,0.0078722495,0.00010
20051201,0.012700,0.0090417646,-0.004849034,0.0045526772,0.00020
20051202,0.000500,-0.001859487,-0.000630482,0.003551837,0.00020
20051205,-0.003000,-0.003643329,-0.002874302,0.0021662451,0.00020
20051206,0.001200,-0.000387504,-0.001442851,-0.000754012,0.00020
20051207,-0.004900,-0.000479136,0.0028814043,-0.001109916,0.00020
20051208,-0.000300,0.0021404417,-0.005524759,0.003133229,0.00020
20051209,0.002700,0.0008150239,0.0013029551,-0.009086532,0.00020
20051212,0.001000,-0.001480011,-0.002840569,0.0040768953,0.00020
20051213,0.004400,-0.007838941,-0.001626313,-0.001586089,0.00020
20051214,0.003400,-0.000196529,0.0007660423,-0.001992998,0.00020
20051215,-0.002300,-0.007199145,0.001611293,-0.003533609,0.00020
20051216,-0.002900,-0.00285024,0.0026817963,-0.004525447,0.00020
20051219,-0.007300,-0.00669842,0.0044473595,0.0016071041,0.00020
20051220,-0.000200,0.0006967894,-0.002661474,0.0038670265,0.00020
20051221,0.003400,0.0058516894,-0.005159767,-0.000503247,0.00020
20051222,0.004500,-0.000088056,0.0005561624,-0.002973733,0.00020
20051223,0.000800,0.0036638671,0.0001020229,-0.000803983,0.00020
20051227,-0.010000,-0.004048695,0.0030150594,-0.005693971,0.00020
20051228,0.001900,0.0053112434,-0.002771155,0.0047881119,0.00020
20051229,-0.002700,0.0011355169,0.0007253062,0.0002259503,0.00020
20051230,-0.005000,-0.002215031,-0.001394913,-0.00447421,0.00020
20060103,0.015000,0.0007793721,-0.003504059,0.0116946693,0.00020
20060104,0.004600,0.0050382788,-0.000343069,0.0017281074,0.00020
20060105,0.000300,0.003445989,0.002955841,-0.010873489,0.00020
20060106,0.009300,0.0023993835,-0.002126152,0.0039233089,0.00020
20060109,0.004500,0.0058623308,-0.002483256,-0.002350619,0.00020
20060110,0.000500,0.0065578455,-0.002838568,0.003173704,0.00020
20060111,0.002800,-0.002674823,-0.000259067,-0.00203765,0.00020
20060112,-0.006500,0.00226391,-0.000491846,0.0014809547,0.00020
20060113,0.001600,0.000874634,-0.002603299,0.0003001017,0.00020
20060117,-0.004000,-0.00266443,-0.006367879,0.0055113913,0.00020
20060118,-0.003500,0.0022471552,0.0003862288,-0.004009541,0.00020
20060119,0.006200,0.0067707557,-0.003438204,0.0060549762,0.00020
20060120,-0.018100,0.0066032284,-0.000287233,-0.003748671,0.00020
20060123,0.001800,0.0026067242,-0.000357167,-0.000802874,0.00020
20060124,0.004500,0.0088723555,-0.005271802,0.0017512045,0.00020
20060125,-0.002300,0.0019163457,0.0039652578,-0.002907984,0.00020
20060126,0.008000,0.0066417834,-0.002161388,-0.004395555,0.00020
20060127,0.006700,0.0009349403,-0.004510216,0.0035991442,0.00020
20060130,0.001100,-0.001115986,-0.005867309,0.0045018098,0.00020
20060131,-0.002100,0.0056732651,-0.002583381,-0.000777688,0.00020
20060201,0.001400,-0.000767871,0.0059716709,-0.001107807,0.00020
20060202,-0.008800,-0.002635504,0.000750125,0.0009350142,0.00020
20060203,-0.005100,0.0022389299,-0.00156746,0.0011828649,0.00020
20060206,0.001000,0.0023097277,-0.002761289,0.0012233746,0.00020
20060207,-0.009200,-0.003151809,0.0125262115,-0.004312881,0.00020
20060208,0.007700,-0.00074099,0.0064106688,0.0016070445,0.00020
20060209,-0.001900,-0.004600248,0.0053790905,-0.006984237,0.00020
20060210,0.001500,-0.003937003,0.0048443294,-0.005484429,0.00020
20060213,-0.004700,-0.004023197,0.0051252327,-0.002899523,0.00020
20060214,0.010100,0.0024304397,-0.001078186,-0.001312654,0.00020
20060215,0.004100,0.0020386847,-0.000306153,-0.000924415,0.00020
20060216,0.007500,-0.000028802,-0.004571222,0.0038246215,0.00020
20060217,-0.001600,-0.000630127,-0.002073014,0.002342304,0.00020
20060221,-0.003800,-0.002909205,-0.00670952,0.0043748078,0.00020
20060222,0.007300,-0.000310377,0.0042868641,-0.008285019,0.00020
20060223,-0.002900,0.0010969349,-0.000407604,-0.000405786,0.00020
20060224,0.001900,0.0039877789,-0.005442547,0.0012144379,0.00020
20060227,0.004000,0.0007723918,0.0064151913,-0.000810146,0.00020
20060228,-0.011000,-0.002462858,0.0011165637,0.0003159009,0.00020
20060301,0.009000,0.0054299043,-0.001095203,0.0087213063,0.00020
20060302,-0.001600,-0.001001186,-0.004305688,0.0063156507,0.00020
20060303,-0.001500,-0.00376779,0.0000259989,0.000563735,0.00020
20060306,-0.007500,-0.00290984,0.0044175156,-0.006529993,0.00020
20060307,-0.004000,-0.005653864,0.007815619,-0.007792818,0.00020
20060308,0.001400,0.0001970477,0.0034422727,-0.000462048,0.00020
20060309,-0.005000,-0.001398729,-0.000234997,0.0000777735,0.00020
20060310,0.006900,0.0026332935,-0.000600325,0.0004752261,0.00020
20060313,0.002300,-0.000014125,-0.005008188,0.0012926488,0.00020
20060314,0.010000,-0.000172994,-0.006262351,0.0046851947,0.00020
20060315,0.004800,0.0029579806,-0.002131387,0.0037318551,0.00020
20060316,0.001100,-0.003024191,-0.001110477,-0.003684695,0.00020
20060317,0.001800,0.0022304403,0.0010991446,0.001251374,0.00020
20060320,-0.000700,0.0013676794,0.0041804528,-0.000506804,0.00020
20060321,-0.006900,-0.005033372,-0.000828624,0.0026407924,0.00020
20060322,0.006300,0.002216916,-0.00337492,-0.000834715,0.00020
20060323,-0.001800,0.0040863504,-0.004874608,0.0026264962,0.00020
20060324,0.002200,0.0060458178,-0.002572943,0.003686869,0.00020
20060327,-0.000700,0.0012148976,-0.002015734,0.0022687454,0.00020
20060328,-0.006100,0.0019348472,-0.005275215,0.0000155023,0.00020
20060329,0.008700,0.0063252618,-0.000057734,0.007163311,0.00020
20060330,-0.001600,0.0007566146,-0.001377028,0.0014144462,0.00020
20060331,-0.002300,0.0066358573,0.0003925754,-0.000457958,0.00020
20060403,0.000800,-0.007002139,0.0021034766,0.0051330852,0.00020
20060404,0.005400,-0.003611745,-0.002997991,0.0007911983,0.00020
20060405,0.004200,0.0011267958,-0.001624728,0.0039475605,0.00020
20060406,-0.001400,0.0014363997,-0.002444999,0.0037387589,0.00020
20060407,-0.010200,-0.001154489,-0.001029634,0.0005291581,0.00020
20060410,-0.000200,-0.004663564,0.0007446889,0.0010708816,0.00020
20060411,-0.008300,-0.005786961,0.0008146337,0.0014618957,0.00020
20060412,0.001900,0.0032282943,-0.001272918,0.0004986095,0.00020
20060413,0.001200,0.0042426607,0.0001985058,-0.001702817,0.00020
20060417,-0.002800,-0.001392196,-0.006734565,0.0014570998,0.00020
20060418,0.017200,0.0055675808,-0.004001324,0.0040855556,0.00020
20060419,0.003200,0.0054708568,-0.006583308,0.0024085945,0.00020
20060420,0.000100,-0.002808928,0.0065366829,0.00073619,0.00020
20060421,-0.001000,-0.004463993,-0.002148926,0.0001709254,0.00020
20060424,-0.003000,-0.006311531,0.0022521554,0.0000992184,0.00020
20060425,-0.004400,0.0057786414,0.0023340746,0.0009089865,0.00020
20060426,0.002000,-0.000401609,0.0070649513,-0.005225384,0.00020
20060427,0.002400,-0.008341264,0.0080462876,-0.01004368,0.00020
20060428,0.000500,-0.001061703,-0.008277928,-0.003272784,0.00020
20060501,-0.004100,-0.001908232,-0.002160201,0.0088403739,0.00020
20060502,0.005400,0.0009129708,0.0010943756,0.000124938,0.00020
20060503,-0.003100,0.005983762,0.0014755638,-0.001613052,0.00020
20060504,0.003700,0.003703016,0.0008917609,0.0030838706,0.00020
20060505,0.010400,-0.003543585,0.0026452947,-0.002155511,0.00020
20060508,-0.000500,0.0011604158,0.0001818547,-0.003858526,0.00020
20060509,-0.000200,-0.0032886,-0.002826604,-0.001174953,0.00020
20060510,-0.002000,-0.005206312,-0.002552386,-0.005189953,0.00020
20060511,-0.013600,-0.009605438,0.0002683321,-0.006377669,0.00020
20060512,-0.012500,-0.002463636,0.0085326247,-0.007244161,0.00020
20060515,0.000400,-0.004771941,0.0101646842,-0.008366548,0.00020
20060516,-0.001300,-0.003146312,0.0007169301,0.0033218466,0.00020
20060517,-0.016600,0.0034706762,0.0025309442,-0.003199898,0.00020
20060518,-0.006900,-0.00132264,0.0032129646,-0.002478375,0.00020
20060519,0.003800,0.0019374368,0.0026294667,-0.002380726,0.00020
20060522,-0.005500,-0.004015993,0.008254684,-0.009471348,0.00020
20060523,-0.004400,-0.001044528,-0.004411608,0.0035100101,0.00020
20060524,0.000400,0.0013962524,0.0073050827,-0.001171208,0.00020
20060525,0.012200,0.0038754663,-0.00783511,0.0053181494,0.00020
20060526,0.006000,-0.002843195,-0.004217069,-0.001508048,0.00020
20060530,-0.016500,-0.006925006,0.0021537046,-0.007146354,0.00020
20060531,0.009400,0.0014146168,-0.003048156,0.0027640362,0.00020
20060601,0.012900,0.0072287387,-0.000411542,0.0014737246,0.00020
20060602,0.001600,-0.001048368,-0.002608546,-0.000217976,0.00020
20060605,-0.019400,-0.008198895,0.0034895364,-0.003241756,0.00020
20060606,-0.002800,0.0004410502,0.0036968805,0.0015629794,0.00020
20060607,-0.005700,0.0006013002,0.0065769665,-0.011017195,0.00020
20060608,0.000100,-0.000610401,0.0044815327,-0.006298216,0.00020
20060609,-0.004400,-0.004438033,-0.000292103,0.0004917144,0.00020
20060612,-0.014800,-0.011073881,0.0081891612,-0.009111136,0.00020
20060613,-0.011500,-0.004133492,0.0045499973,-0.000403768,0.00020
20060614,0.004600,0.0000875219,-0.004340813,0.0140971826,0.00020
20060615,0.023300,0.0082975637,-0.010489387,0.0100234169,0.00020
20060616,-0.004300,-0.00879617,-0.001079393,0.0017548642,0.00020
20060619,-0.010100,-0.006243838,0.0075998676,-0.002481431,0.00020
20060620,-0.000600,-0.004368309,0.0019686826,0.0004933455,0.00020
20060621,0.011100,0.0037323906,-0.007213503,0.0093829025,0.00020
20060622,-0.005200,0.001886128,-0.001955993,0.0005094266,0.00020
20060623,0.000300,-0.000549257,-0.009442883,0.004990141,0.00020
20060626,0.005000,0.0054792532,0.0020290262,-0.002928391,0.00020
20060627,-0.009900,-0.007261685,-0.000927817,-0.000897482,0.00020
20060628,0.004700,-0.001970738,-0.001678863,0.0007028654,0.00020
20060629,0.023000,0.009811052,-0.003746069,0.0056144253,0.00020
20060630,-0.000200,0.002416726,-0.006373104,-0.004338462,0.00020
20060703,0.007200,-0.000891714,-0.000745146,0.0027083259,0.00020
20060705,-0.008800,-0.004798233,0.0009546421,-0.004170205,0.00020
20060706,0.002300,0.002014577,0.0047223718,0.001735992,0.00020
20060707,-0.008000,-0.008257435,0.0057004902,-0.005915563,0.00020
20060710,0.000400,-0.002693842,0.0023835439,-0.007313846,0.00020
20060711,0.003700,0.0041967131,-0.001902814,0.0037471695,0.00020
20060712,-0.012100,-0.006985655,-0.002259387,-0.003693866,0.00020
20060713,-0.014300,-0.002981379,0.0028870071,-0.000936597,0.00020
20060714,-0.006000,-0.000930227,0.002291885,0.0025131964,0.00020
20060717,-0.002200,-0.003024651,0.0062681141,-0.005077219,0.00020
20060718,0.001700,0.0009743057,0.0037993836,-0.002633731,0.00020
20060719,0.019800,0.0047504051,0.0006498167,0.0029304904,0.00020
20060720,-0.011100,-0.012096274,0.0066451278,-0.008199745,0.00020
20060721,-0.008900,-0.005735559,0.0057219477,-0.004298739,0.00020
20060724,0.017500,0.0093970213,-0.003829748,0.0082322233,0.00020
20060725,0.006900,0.0041988605,-0.004644496,-0.000327302,0.00020
20060726,-0.001300,0.003223471,0.0010634848,-0.004074647,0.00020
20060727,-0.005800,-0.007576623,0.0032292071,-0.000630762,0.00020
20060728,0.013100,0.0076452884,0.0013284165,0.0039726198,0.00020
20060731,-0.000900,0.0009452592,-0.002462673,0.0090753359,0.00020
20060801,-0.006000,-0.007314642,0.0018921868,-0.002822671,0.00020
20060802,0.006400,0.0008745164,-0.002480017,0.0037999993,0.00020
20060803,0.002700,0.0047623731,0.0045621448,0.0040922861,0.00020
20060804,-0.001300,-0.002958194,0.0008672657,-0.006923212,0.00020
20060807,-0.003500,-0.00125072,-0.00106732,0.0015461048,0.00020
20060808,-0.004200,-0.007379669,-0.002215718,-0.000119384,0.00020
20060809,-0.005200,-0.00050133,0.0046536977,0.0074972427,0.00020
20060810,0.004900,0.0014407885,0.0035663745,-0.004445244,0.00020
20060811,-0.004900,-0.005412844,0.0004635023,-0.005123226,0.00020
20060814,0.001200,0.0042187179,0.0072460958,-0.000517952,0.00020
20060815,0.014600,0.0088320888,-0.001425011,0.0022922797,0.00020
20060816,0.009100,0.0058331698,-0.00335416,0.0010226737,0.00020
20060817,0.001800,0.0030047998,-0.00140603,-0.005048059,0.00020
20060818,0.003000,-0.001767168,-0.002605271,0.0033342151,0.00020
20060821,-0.004800,-0.005092001,0.0009671451,0.0002429434,0.00020
20060822,0.000700,0.0002980144,-0.000724045,0.0003186087,0.00020
20060823,-0.005500,-0.005894119,0.0041119249,-0.005442026,0.00020
20060824,0.001600,-0.000595544,-0.002692438,-0.004599447,0.00020
20060825,-0.000700,0.0014355797,-0.000784813,0.0000772864,0.00020
20060828,0.005800,0.003962742,0.0004837618,-0.000447053,0.00020
20060829,0.003200,0.0097417318,0.0010989319,-0.001891378,0.00020
20060830,0.001300,0.0055339661,0.0018557042,-0.001372014,0.00020
20060831,0.000300,-0.001465618,-0.000445932,-0.004681169,0.00020
20060901,0.004900,-0.002260134,-0.001500625,0.0049976364,0.00020
20060905,0.002100,0.0045170853,-0.004583224,0.0017995896,0.00020
20060906,-0.011300,-0.00967053,0.0078611251,-0.006990542,0.00020
20060907,-0.005000,-0.001613064,-0.000081192,0.000137441,0.00020
20060908,0.003300,-0.000375763,0.0057039888,-0.002661333,0.00020
20060911,-0.000300,0.0014834158,0.0074794147,-0.001619489,0.00020
20060912,0.011800,0.0116898594,-0.000837478,-0.002283554,0.00020
20060913,0.004400,0.004555267,-0.00603688,0.0035106947,0.00020
20060914,-0.001600,-0.002124413,0.0031888538,-0.001298426,0.00020
20060915,0.002000,0.0004782149,-0.001887828,-0.000303775,0.00020
20060918,0.000400,0.0000115661,-0.004953572,0.0086305781,0.00020
20060919,-0.002900,-0.002949883,0.0070107352,-0.001663786,0.00020
20060920,0.006000,0.0057388178,0.0056144855,-0.001226165,0.00020
20060921,-0.006000,-0.005016202,-0.004000657,0.0019987693,0.00020
20060922,-0.004100,-0.006667948,0.0026020454,-0.001322503,0.00020
20060925,0.008600,0.0008209897,0.0028798784,-0.001353499,0.00020
20060926,0.007100,-0.003138228,-0.002606245,0.0018678194,0.00020
20060927,0.000700,0.0019736665,-0.000521337,0.0044038719,0.00020
20060928,0.001400,0.0005004895,-0.000367752,-0.002504224,0.00020
20060929,-0.003300,-0.006696269,-0.002944783,-0.002621879,0.00020
20061002,-0.004300,-0.006362191,0.0046515288,-0.002443899,0.00020
20061003,0.001200,-0.002139835,0.0079784806,0.0007415014,0.00020
20061004,0.012800,0.0086346019,-0.002551548,0.0031882278,0.00020
20061005,0.004300,0.0058042109,-0.005112958,-0.000496285,0.00020
20061006,-0.003100,0.0003899128,-0.001272832,-0.00118916,0.00020
20061009,0.002000,0.0048272765,0.0006055442,-0.001769232,0.00020
20061010,0.002100,-0.000989845,-0.004138919,0.0013250431,0.00020
20061011,-0.003000,-0.00039658,0.0024364984,-0.000471654,0.00020
20061012,0.010700,0.0105861838,-0.004707058,0.0020557508,0.00020
20061013,0.002200,0.0050226537,-0.001198999,-0.0007594,0.00020
20061016,0.003500,0.0045886585,-0.003231701,0.0043710085,0.00020
20061017,-0.004500,-0.002718066,0.0037200912,-0.0045928,0.00020
20061018,0.000800,-0.003881327,0.0028542604,-0.004555737,0.00020
20061019,0.001000,0.0057997207,-0.008090493,0.0015421405,0.00020
20061020,-0.000200,-0.003948219,0.0007418808,0.0029109845,0.00020
20061023,0.005600,-0.003781774,-0.000133831,0.0029555583,0.00020
20061024,0.000100,-0.003254952,-0.006762022,-0.000066189,0.00020
20061025,0.003100,0.0032760183,-0.002730842,-0.000632312,0.00020
20061026,0.006200,0.0014176582,-0.001855277,0.0014843378,0.00020
20061027,-0.008800,-0.004331757,0.0019104881,-0.004834596,0.00020
20061030,0.000700,0.0042613185,0.0052821828,-0.001262589,0.00020
20061031,-0.000700,-0.003942118,-0.001640137,0.0008165612,0.00020
20061101,-0.008800,-0.008978535,0.0032432365,-0.005321899,0.00020
20061102,-0.000500,-0.000019667,-0.001956218,-0.002763037,0.00020
20061103,-0.001100,0.0051343705,-0.001279891,-0.00031875,0.00020
20061106,0.011600,0.0030783031,0.0013342931,0.0034710974,0.00020
20061107,0.002300,0.0007044187,0.0004261672,0.0007331691,0.00020
20061108,0.002900,0.0037582459,-0.000476312,-0.001580382,0.00020
20061109,-0.005800,-0.005383162,0.0012466241,-0.002572125,0.00020
20061110,0.002700,0.0065031182,0.0019361646,-0.004240493,0.00020
20061113,0.002700,0.0010097477,0.0006700525,-0.004545208,0.00020
20061114,0.007100,0.0089349359,-0.000891345,0.0028386308,0.00020
20061115,0.003600,0.0039240075,-0.002146754,-0.003696035,0.00020
20061116,0.001600,-0.003218627,0.0062797148,-0.004660959,0.00020
20061117,0.000300,-0.00283254,-0.00254855,0.0020686935,0.00020
20061120,-0.000600,0.0017500545,-0.000725602,0.0030439146,0.00020
20061121,0.001400,-0.003519402,-0.005428892,0.0044704828,0.00020
20061122,0.002700,-0.001599549,-0.000619727,0.0032236138,0.00020
20061124,-0.003200,0.00113304,-0.000860902,-0.001492407,0.00020
20061127,-0.015300,-0.008688795,-0.000375142,-0.001226224,0.00020
20061128,0.003000,-0.001100488,-0.002049949,0.0033860204,0.00020
20061129,0.009500,0.0016333924,-0.004039954,0.0012878909,0.00020
20061130,0.001000,0.0021887198,-0.004712141,-0.002464715,0.00020
20061201,-0.003000,-0.002687483,-0.000875211,0.000900607,0.00020
20061204,0.009800,0.0066910031,-0.000324863,0.0031240737,0.00020
20061205,0.004000,-0.002121347,-0.000939165,-0.000837498,0.00020
20061206,-0.001000,-0.001587188,-0.004723515,-0.000749624,0.00020
20061207,-0.004100,0.0001752664,-0.000034742,-0.000764336,0.00020
20061208,0.001400,-0.000607866,0.0017237825,0.0019315546,0.00020
20061211,0.001800,-0.000907275,0.0010854124,-0.000504601,0.00020
20061212,-0.002000,-0.002505521,0.0049672228,-0.002895381,0.00020
20061213,0.000900,0.0010913893,0.0021307494,0.0010174364,0.00020
20061214,0.008000,0.0011128751,0.0017957992,0.0014072519,0.00020
20061215,0.000700,-0.001314856,0.0015668237,-0.002903479,0.00020
20061218,-0.004600,-0.010166448,0.0063711131,-0.003991631,0.00020
20061219,0.001600,-0.001922025,-0.000859599,0.0013622526,0.00020
20061220,-0.001200,0.0071014644,0.0027575902,-0.001831441,0.00020
20061221,-0.003800,-0.000788031,0.0026892349,-0.003421184,0.00020
20061222,-0.004800,0.0018676837,0.0015143593,-0.002417658,0.00020
20061226,0.004400,0.0042097747,0.004015827,-0.000493323,0.00020
20061227,0.007400,0.0061754658,-0.001673004,0.003056039,0.00020
20061228,-0.001800,-0.002012161,-0.000912664,0.0019665875,0.00020
20061229,-0.005100,-0.003643535,-0.001130855,-0.000319275,0.00020
20070103,-0.000500,-0.001683212,0.0100185748,-0.004270066,0.00020
20070104,0.001600,0.0020264567,-0.000353548,0.0026593355,0.00020
20070105,-0.007300,-0.009343523,-0.002636445,0.0019016047,0.00020
20070108,0.002400,-0.001156505,-0.000319452,0.0015392349,0.00020
20070109,0.000000,0.0032569961,0.0033013602,0.0023139633,0.00020
20070110,0.002300,-0.003599879,-0.002482553,0.0004876144,0.00020
20070111,0.007400,0.0035747104,-0.000157676,0.0017688825,0.00020
20070112,0.005100,0.0029855823,-0.002594147,0.0000896934,0.00020
20070116,0.000000,-0.005608003,0.0032101721,-0.000271671,0.00020
20070117,-0.001400,-0.002080301,-0.002695176,0.0046065359,0.00020
20070118,-0.004800,-0.008426816,0.0052874332,-0.005402566,0.00020
20070119,0.003300,0.0035439995,-0.004267849,-0.00038546,0.00020
20070122,-0.005600,-0.003790368,-0.000113452,-0.003650534,0.00020
20070123,0.003700,0.0061509212,-0.004796152,0.0047059074,0.00020
20070124,0.008200,0.002900866,-0.005044193,0.0020765239,0.00020
20070125,-0.011500,-0.000558938,-0.001638576,-0.000655612,0.00020
20070126,-0.000600,0.0065176247,0.0003073444,-0.003426085,0.00020
20070129,0.000200,0.0066661637,0.0026766121,-0.002456135,0.00020
20070130,0.005100,-0.000016889,-0.002663258,-0.002127211,0.00020
20070131,0.006400,-0.004095686,-0.003931161,0.0017228363,0.00020
20070201,0.005900,0.0023705752,-0.002156786,0.0026305707,0.00020
20070202,0.001400,-0.000014193,-0.000827498,-0.005258671,0.00020
20070205,-0.001200,-0.002231484,0.0014907351,0.0010265551,0.00020
20070206,0.001000,0.0008358492,0.0012033203,-0.003019357,0.00020
20070207,0.002100,0.00483333,0.001105263,-0.003393491,0.00020
20070208,-0.001000,0.0013099689,-0.001569959,0.0067274983,0.00020
20070209,-0.007500,-0.003074097,0.0038174636,-0.002403083,0.00020
20070212,-0.003500,0.0031881705,0.0020207941,-0.002130634,0.00020
20070213,0.007200,-0.002273085,-0.001490242,0.0023155546,0.00020
20070214,0.007200,-0.00439507,-0.001742568,0.0017856403,0.00020
20070215,0.001100,0.0012102554,-0.003102209,0.0002415021,0.00020
20070216,0.000000,0.0027708319,-0.003002108,-0.001988707,0.00020
20070220,0.004200,0.0040972719,0.000154577,-0.000406164,0.00020
20070221,-0.000900,0.0035195566,-0.004134653,0.0012709383,0.00020
20070222,-0.000600,0.0032609155,-0.001733328,-0.00038901,0.00020
20070223,-0.003100,-0.000350163,-0.002317641,0.0058715182,0.00020
20070226,-0.001900,-0.002713365,-0.000507917,0.0011305014,0.00020
20070227,-0.034200,-0.000218794,0.0047112054,-0.004366538,0.00020
20070228,0.004700,-0.004423606,-0.004222936,0.0021782544,0.00020
20070301,-0.002500,-0.000522287,0.0013538491,0.0008703419,0.00020
20070302,-0.012300,-0.007027454,0.0024256125,-0.001742023,0.00020
20070305,-0.011000,-0.005594158,0.0057676718,0.008773373,0.00020
20070306,0.015800,0.0053881985,-0.00170552,0.0014181739,0.00020
20070307,-0.002100,-0.000281883,-0.002719451,0.0042005417,0.00020
20070308,0.006800,-0.002024623,-0.00205034,0.0026341514,0.00020
20070309,0.000900,0.0030636043,0.000706758,0.0016007367,0.00020
20070312,0.002800,0.0010604766,0.0015507587,0.0071111224,0.00020
20070313,-0.020300,-0.000995212,-0.000518971,0.0068404447,0.00020
20070314,0.005700,0.0016033037,-0.002063547,0.0006129322,0.00020
20070315,0.004500,0.0038609128,-0.00060814,-0.003585302,0.00020
20070316,-0.004200,-0.001853355,-0.001871953,0.0015931953,0.00020
20070319,0.010800,-0.000675563,-0.000476873,0.0044110448,0.00020
20070320,0.006600,0.0009847172,0.0001702684,-0.002266118,0.00020
20070321,0.016400,-0.000149578,-0.000580358,-0.005532833,0.00020
20070322,-0.000200,0.0033003748,-0.005979995,0.005179282,0.00020
20070323,0.000900,0.0008862923,-0.002045347,0.0011281451,0.00020
20070326,0.000600,0.0003393954,-0.001490254,0.0053783723,0.00020
20070327,-0.006200,-0.000697466,-0.002652297,-0.000080295,0.00020
20070328,-0.007400,0.002174102,-0.001026509,0.002582063,0.00020
20070329,0.002900,-0.000092251,-0.000200399,0.0015295336,0.00020
20070330,-0.000700,0.0035732221,-0.000321554,0.0018906523,0.00020
20070402,0.002200,0.0028399236,-0.001652936,0.0061279674,0.00020
20070403,0.009400,0.0008239557,-0.000626502,-0.0009838,0.00020
20070404,0.001000,-0.000852127,0.0005710589,0.0059026797,0.00020
20070405,0.003100,-0.00084939,-0.000712322,0.0009780879,0.00020
20070409,0.000400,-0.004265821,-0.000974604,0.0007979546,0.00020
20070410,0.002300,0.0033478862,-0.000132482,0.0012268896,0.00020
20070411,-0.006400,0.0009149874,-0.001517806,0.0020766343,0.00020
20070412,0.006100,0.0028479219,-0.002972003,0.0032362811,0.00020
20070413,0.003300,0.0022602633,0.0020804267,-0.007207272,0.00020
20070416,0.010600,0.0012120301,0.001436809,-0.011726304,0.00020
20070417,0.000900,-0.00432355,0.0003092986,0.0059242457,0.00020
20070418,0.000000,-0.006888819,0.0006148472,-0.007353876,0.00020
20070419,-0.002300,-0.004184186,0.0037908037,0.0030675571,0.00020
20070420,0.008800,0.0020976526,-0.000725046,0.0039240261,0.00020
20070423,-0.002300,-0.002350689,-0.005911012,0.0035561576,0.00020
20070424,-0.000900,0.0022779267,-0.001744835,0.0019066339,0.00020
20070425,0.009100,-0.001316388,0.0014666962,-0.003763298,0.00020
20070426,-0.000200,0.0053862761,-0.002579449,-0.001559115,0.00020
20070427,-0.001300,-0.002824904,0.0036016045,0.0012151511,0.00020
20070430,-0.009300,-0.009120929,0.0013657125,0.0022908427,0.00020
20070501,0.002200,0.0012540529,0.0060793016,-0.003639698,0.00020
20070502,0.007900,0.0043711756,-0.001000245,0.000994009,0.00020
20070503,0.003700,-0.001837791,0.0007331793,-0.000864555,0.00020
20070504,0.002500,-0.000683966,-0.000972655,0.0013539224,0.00020
20070507,0.001800,-0.004645597,0.0025672908,0.0001067501,0.00020
20070508,-0.001300,0.001489811,0.002164873,-0.001420639,0.00020
20070509,0.003500,0.0002925547,-0.00186202,0.004479477,0.00020
20070510,-0.014200,-0.004350275,0.002574196,-0.001071344,0.00020
20070511,0.009500,0.0030302528,-0.000622135,0.0001255658,0.00020
20070514,-0.002800,-0.004712083,-0.000756203,0.0028863888,0.00020
20070515,-0.002700,-0.005835647,0.0007864778,-0.000220702,0.00020
20070516,0.008200,-0.00179177,-0.000419224,-0.001027926,0.00020
20070517,-0.001000,-0.00192715,-0.002089737,-0.000641035,0.00020
20070518,0.006600,0.0023319075,-0.002336965,0.0040015547,0.00020
20070521,0.003000,0.0086437519,-0.000379196,0.0006820761,0.00020
20070522,0.000700,0.0055655784,-0.001012346,-0.005724461,0.00020
20070523,-0.001800,-0.002891166,0.0001118763,-0.001527457,0.00020
20070524,-0.010700,-0.002149047,0.0031832649,-0.002026731,0.00020
20070525,0.005500,0.003400761,-0.000829476,0.0058467385,0.00020
20070529,0.002300,0.0053708265,0.0000125164,0.0010262958,0.00020
20070530,0.007700,-0.003168649,-0.003473036,0.0029231667,0.00020
20070531,0.001300,0.0043996247,-0.00320726,0.0048747838,0.00020
20070601,0.004400,0.0039988503,0.000701313,0.0006617348,0.00020
20070604,0.001800,0.0003427271,-0.003492864,0.0039819511,0.00020
20070605,-0.005500,-0.00110723,-0.003173782,0.0014508665,0.00020
20070606,-0.009300,-0.001006821,-0.000630061,-0.002661318,0.00020
20070607,-0.017500,-0.000515403,0.0017739499,-0.004070355,0.00020
20070608,0.010700,-0.001298554,0.0002545845,-0.000600461,0.00020
20070611,0.000800,-0.002810295,-0.000071999,0.0004601515,0.00020
20070612,-0.010600,-0.001390992,0.0012073795,0.0014721632,0.00020
20070613,0.013700,-0.003137206,-0.001001577,0.0038846021,0.00020
20070614,0.005000,0.0033864491,-0.003091824,0.005260954,0.00020
20070615,0.006900,0.0056105153,-0.000792859,0.0012741186,0.00020
20070618,-0.001200,-0.000179513,-0.001380487,0.0001679866,0.00020
20070619,0.001400,-0.001947419,0.0005462453,0.0008521793,0.00020
20070620,-0.012900,-0.001476571,-0.001616379,-0.001163974,0.00020
20070621,0.005600,0.0006674762,-0.000331445,0.0063856714,0.00020
20070622,-0.012500,0.0053789363,-0.00215203,-0.005940562,0.00020
20070625,-0.003800,-0.003255523,0.0012188616,0.0008641275,0.00020
20070626,-0.003500,0.002312304,0.0035522191,0.0036016092,0.00020
20070627,0.009200,0.0047913404,-0.001998703,0.0032707117,0.00020
20070628,0.000300,0.0028134106,-0.001206761,-0.002079733,0.00020
20070629,-0.001900,-0.00347838,-0.004240976,0.0051790816,0.00020
20070702,0.010600,0.0016267668,-0.002226945,0.0014654652,0.00020
20070703,0.003600,-0.000802189,-0.000205054,0.0012080045,0.00020
20070705,0.000700,0.0032735711,-0.002019292,0.0065338929,0.00020
20070706,0.004000,-0.000287421,-0.000523015,0.0010584665,0.00020
20070709,0.001000,0.0007402591,-0.00412599,0.0042961195,0.00020
20070710,-0.014300,-0.000930129,-0.003643647,0.0070206885,0.00020
20070711,0.005500,-0.00122892,-0.000082955,0.0100573372,0.00020
20070712,0.017700,0.0004415916,-0.000945234,0.0025717388,0.00020
20070713,0.002700,-0.004278465,0.0002418995,0.0003881083,0.00020
20070716,-0.003100,-0.005959716,-0.000141729,0.0011174251,0.00020
20070717,0.000300,-0.000294132,0.0025510552,0.0039547152,0.00020
20070718,-0.002400,1.0930966E-7,-0.000888206,0.0085149519,0.00020
20070719,0.004400,0.0019905247,-0.000539926,0.0062013036,0.00020
20070720,-0.012500,-0.002501111,0.0018327765,0.0033754797,0.00020
20070723,0.003600,-0.004293963,0.000662998,0.0062238491,0.00020
20070724,-0.020300,-0.006422153,-0.000764778,0.0041977238,0.00020
20070725,0.003000,-0.002331013,0.0007827986,-0.00165223,0.00020
20070726,-0.023600,-0.001025825,-0.004942937,0.0023876211,0.00020
20070727,-0.015100,-0.003538604,-0.005340503,-0.00621508,0.00020
20070730,0.009300,-0.001212625,-0.004606259,0.0037468405,0.00020
20070731,-0.011900,0.0009367364,-0.000576471,0.0049364233,0.00020
20070801,0.005200,-0.004216999,0.002518782,0.0102901959,0.00020
20070802,0.005500,0.0018401657,-0.00316069,0.007753353,0.00020
20070803,-0.026600,-0.008429459,-0.005779016,0.011724832,0.00020
20070806,0.020700,-0.012578722,0.0053411024,-0.019097245,0.00020
20070807,0.006500,-0.002499365,-0.01082252,-0.004658845,0.00020
20070808,0.014700,0.0087335422,-0.012642273,-0.023338591,0.00020
20070809,-0.027400,0.0114135377,-0.021502851,-0.003897972,0.00020
20070810,0.000400,0.0139899553,0.0206687912,0.0068797415,0.00020
20070813,-0.000600,-0.009399871,0.0069884893,0.0194171157,0.00020
20070814,-0.018200,0.0009645538,0.0031171934,0.0037481095,0.00020
20070815,-0.014600,-0.000510722,0.0058156033,-0.004843914,0.00020
20070816,0.003200,0.0118640998,0.0100573141,-0.039652131,0.00020
20070817,0.023600,-0.007705471,0.0000632915,-0.012302242,0.00020
20070820,0.000000,0.0022762634,-0.002118842,0.0091709684,0.00020
20070821,0.001500,-0.001534219,0.0002627041,-0.007670612,0.00020
20070822,0.012000,0.0027718148,-0.001805123,0.0083999003,0.00020
20070823,-0.002400,-0.007618056,0.0006082885,0.0042325282,0.00020
20070824,0.012100,0.0040782824,0.0020373552,0.00998244,0.00020
20070827,-0.008500,-0.000712911,-0.001831024,0.004887715,0.00020
20070828,-0.023400,-0.001069406,-0.001888925,0.0022476869,0.00020
20070829,0.021300,0.003371518,-0.001295908,0.0045249268,0.00020
20070830,-0.004300,0.0000564344,-0.002897632,0.0088645387,0.00020
20070831,0.011200,0.0012355433,-0.001492059,-0.001611988,0.00020
20070904,0.010300,-0.002282999,-0.005555257,-0.002183202,0.00020
20070905,-0.010400,0.0003460391,-0.004561659,0.0105629826,0.00020
20070906,0.004200,-0.002393223,-0.001045573,0.0013963708,0.00020
20070907,-0.017000,-0.005439155,-0.000617146,-0.002990453,0.00020
20070910,-0.002700,-0.008459789,-0.001527669,0.0051692062,0.00020
20070911,0.013500,0.0022041626,-0.003644625,0.0016190757,0.00020
20070912,-0.000300,-0.006557051,-0.002630226,0.0027129622,0.00020
20070913,0.006900,-0.006386812,0.0006146475,-0.005987823,0.00020
20070914,0.001000,0.0030175701,-0.001303876,-0.003497849,0.00020
20070917,-0.006000,-0.004392462,0.0003434492,-0.001243754,0.00020
20070918,0.028800,0.0058169766,0.0023433448,-0.009709134,0.00020
20070919,0.005900,0.0074106755,-0.000107319,-0.002587325,0.00020
20070920,-0.006500,0.0004355706,-0.006834448,0.0132135043,0.00020
20070921,0.004300,-0.002754663,-0.002750765,0.0058979956,0.00020
20070924,-0.005600,-0.001637216,-0.006207587,0.0117690178,0.00020
20070925,-0.000300,-0.00261225,-0.00259662,0.0076413474,0.00020
20070926,0.006000,0.0018977691,0.0011231874,-0.001014661,0.00020
20070927,0.004300,0.0026417454,-0.000622121,-0.000999893,0.00020
20070928,-0.003700,-0.005883582,-0.000866624,0.0036463263,0.00020
20071001,0.013700,0.0075728883,0.0026439239,-0.004972629,0.00010
20071002,0.001100,0.00656874,-0.000478707,-0.010812863,0.00010
20071003,-0.004800,-0.002993608,0.0028994429,-0.004393813,0.00010
20071004,0.001800,-0.000759811,-0.000378246,0.0033492681,0.00010
20071005,0.011000,0.0079889454,-0.000849692,-0.00049808,0.00010
20071008,-0.002700,-0.003093464,-0.000536524,0.0068291899,0.00010
20071009,0.007800,-0.003727532,-0.001546327,0.0014571869,0.00010
20071010,-0.001300,0.0023201989,-0.003649888,0.0086613024,0.00010
20071011,-0.005700,-0.008682223,0.0009648592,-0.007442629,0.00010
20071012,0.005100,0.0045139419,-0.002743061,0.0091723751,0.00010
20071015,-0.008900,-0.001534596,0.0003524419,0.0149824616,0.00010
20071016,-0.006700,0.0016826672,-0.002033154,0.0142838101,0.00010
20071017,0.002200,0.0001059906,-0.003719819,0.0124293226,0.00010
20071018,-0.001000,0.0027974928,-0.002763581,0.0175238558,0.00010
20071019,-0.024500,-0.004288371,-0.001363885,0.0036525288,0.00010
20071022,0.004700,0.008735428,0.0042621325,-0.005302021,0.00010
20071023,0.008500,0.0015484048,-0.005305817,0.0116950088,0.00010
20071024,-0.003300,-0.005008575,0.0018569129,0.008788618,0.00010
20071025,-0.001900,-0.003648397,0.0035992518,0.0036766303,0.00010
20071026,0.013700,-0.000075277,0.0014871254,-0.018200679,0.00010
20071029,0.004000,-0.00229534,-0.004023254,0.0027512966,0.00010
20071030,-0.006300,-0.000248176,0.0049253468,-0.001482215,0.00010
20071031,0.012300,0.0006671809,-0.001243241,0.009843524,0.00010
20071101,-0.026600,-0.006723989,-0.002993981,0.0260005995,0.00020
20071102,0.000800,0.0033259402,-0.003958812,0.0227493374,0.00020
20071105,-0.005900,-0.002858133,0.0017456429,0.0133901079,0.00020
20071106,0.011800,-0.001796943,-0.000922098,0.0056426237,0.00020
20071107,-0.027600,-0.003254258,-0.002849311,0.0265115864,0.00020
20071108,-0.000500,0.0053975744,0.0072977457,-0.008346567,0.00020
20071109,-0.014600,-0.000487433,0.005839237,-0.028850707,0.00020
20071112,-0.010800,0.0043732754,0.0153612291,-0.015444588,0.00020
20071113,0.028100,-0.004501026,0.0008783898,-0.021184169,0.00020
20071114,-0.006300,-0.002012296,-0.003220188,0.0036270976,0.00020
20071115,-0.012600,0.0000100284,-0.000081297,0.016760576,0.00020
20071116,0.003900,-0.00533969,-0.002389358,0.0184080973,0.00020
20071119,-0.018100,-0.005074227,0.0056424732,0.0182081939,0.00020
20071120,0.003200,-0.001244984,-0.003044649,0.0239762918,0.00020
20071121,-0.015400,0.0047377722,-0.000879478,0.000738421,0.00020
20071123,0.016000,0.0010681322,-0.000297413,-0.015211428,0.00020
20071126,-0.021000,-0.004080742,-0.008354647,0.0245202359,0.00020
20071127,0.013100,-0.006786634,0.0033669482,-0.001225194,0.00020
20071128,0.029000,0.0012201807,0.0018659616,-0.022700035,0.00020
20071129,0.000200,-0.002434159,-0.003807661,0.0057681097,0.00020
20071130,0.007000,-0.006778503,0.0053113035,-0.030266828,0.00020
20071203,-0.005900,-0.005354462,-0.000307689,0.008906769,0.00010
20071204,-0.006100,-0.00219662,0.0006668879,0.014090474,0.00010
20071205,0.014700,0.002530321,0.0032595562,-0.005415033,0.00010
20071206,0.015500,0.0126200579,-0.000045677,-0.02088092,0.00010
20071207,-0.000700,0.0008571149,-0.001424457,0.0040942159,0.00010
20071210,0.007100,-0.001734543,0.0017264216,-0.009311272,0.00010
20071211,-0.025000,-0.000099656,-0.007171568,0.0262380446,0.00010
20071212,0.004800,0.0033757368,-0.006560009,0.0268523206,0.00010
20071213,0.000600,-0.004245187,0.0062425994,0.0043568598,0.00010
20071214,-0.013700,-0.005011096,-0.001143147,0.0074089502,0.00010
20071217,-0.015900,-0.001759316,0.010727156,-0.00940979,0.00010
20071218,0.006600,0.0113219499,-0.000416755,-0.004919522,0.00010
20071219,-0.001000,0.001256301,-0.00418056,0.009669177,0.00010
20071220,0.006400,0.0066652183,-0.005573667,0.0156573008,0.00010
20071221,0.016400,0.0033035255,-0.002298387,-0.004183223,0.00010
20071224,0.008000,0.0032406087,-0.000336636,-0.006286987,0.00010
20071226,0.001000,0.0010889034,-0.006123705,0.0040557184,0.00010
20071227,-0.014900,-0.01028997,-0.001616953,0.0081663725,0.00010
20071228,0.001200,-0.003297029,-0.004790545,0.0123129424,0.00010
20071231,-0.006600,-0.000591486,0.0045605106,-0.013457822,0.00010
20080102,-0.014600,-0.004825766,-0.004799028,0.0098684527,0.00010
20080103,-0.001400,-0.014195073,-0.004838717,0.0129757879,0.00010
20080104,-0.025500,-0.006607239,0.0019371217,0.004488344,0.00010
20080107,0.001600,0.0013507759,0.0093735941,-0.006797792,0.00010
20080108,-0.018100,-0.007504817,0.0001270796,0.0152708953,0.00010
20080109,0.011000,0.0011956198,0.002430947,0.0009023125,0.00010
20080110,0.008900,-0.001159202,0.0014274167,-0.020516867,0.00010
20080111,-0.014300,-0.008666796,0.0004243844,-0.016598955,0.00010
20080114,0.010200,0.0030235268,-0.001862431,0.0023822963,0.00010
20080115,-0.023900,0.0009163926,0.0041265574,0.0077058853,0.00010
20080116,-0.005000,0.0064282826,0.011216719,-0.023263201,0.00010
20080117,-0.027900,0.0052527741,0.0039085032,0.0194407004,0.00010
20080118,-0.005700,-0.006225469,0.0010639346,0.0139009825,0.00010
20080122,-0.009800,0.0018383884,0.0087093331,-0.032528454,0.00010
20080123,0.020300,0.0087501459,0.0163461992,-0.055748317,0.00010
20080124,0.010200,-0.006176157,-0.002428028,0.0026272822,0.00010
20080125,-0.013900,0.0055328822,-0.005659005,0.0072344377,0.00010
20080128,0.017200,0.0022765975,0.0041012037,-0.021079246,0.00010
20080129,0.006900,0.0007921934,-0.000689233,-0.015474156,0.00010
20080130,-0.005900,-0.004682278,0.0028248075,0.009166676,0.00010
20080131,0.016600,0.0076349067,-0.000602038,-0.016982188,0.00010
20080201,0.014800,0.0023699424,-0.003584799,-0.012600744,0.00010
20080204,-0.009900,0.0002640996,-0.003517816,0.0186332226,0.00010
20080205,-0.030100,0.0026290479,-0.000708014,0.0104047954,0.00010
20080206,-0.008500,-0.004428307,0.003054261,-0.001141202,0.00010
20080207,0.008100,0.0059281521,-0.005392238,-0.004842858,0.00010
20080208,-0.002900,0.0004363029,-0.005813425,0.0216890132,0.00010
20080211,0.005900,0.0010174642,-0.010089782,0.0191589361,0.00010
20080212,0.006100,-0.001759779,0.0043034965,-0.000830773,0.00010
20080213,0.014600,0.0109131755,-0.006838246,0.0068133278,0.00010
20080214,-0.013500,-0.009949141,0.0017534899,0.0048802099,0.00010
20080215,-0.000300,-0.008329489,0.0043072392,-0.003989785,0.00010
20080219,-0.000600,0.0043019336,-0.002427098,0.010288132,0.00010
20080220,0.008300,0.0030404963,0.0100207183,-0.003658265,0.00010
20080221,-0.012800,-0.003877326,0.0026295803,0.0085098938,0.00010
20080222,0.006100,-0.007798891,0.0002972929,-0.005790147,0.00010
20080225,0.014600,0.0061902933,-0.002425258,0.0005168311,0.00010
20080226,0.007200,0.0057324237,0.00641881,0.0024930786,0.00010
20080227,-0.001100,0.0009947145,0.0026706635,0.0001243622,0.00010
20080228,-0.009300,-0.003818514,-0.00997685,0.0230699169,0.00010
20080229,-0.026400,0.0013899959,-0.001052237,0.0150405133,0.00010
20080303,-0.000400,-0.002405638,-0.000635325,0.0180232048,0.00010
20080304,-0.003600,-0.000230372,0.0065173172,0.0078085716,0.00010
20080305,0.005500,-0.003954027,-0.00604471,0.0169623473,0.00010
20080306,-0.022600,-0.006184835,0.0011650908,0.0224750229,0.00010
20080307,-0.008800,0.0046050656,0.0052494163,-0.008704623,0.00010
20080310,-0.017200,-0.002807632,0.0122790387,0.0138439758,0.00010
20080311,0.035600,-0.001124663,0.0012445288,-0.032044622,0.00010
20080312,-0.007700,-0.001898696,-0.003107058,0.0153887262,0.00010
20080313,0.006500,0.0128001089,-0.004172144,0.0027776718,0.00010
20080314,-0.020700,-0.002420094,-0.000303593,0.0174995807,0.00010
20080317,-0.012000,-0.004834462,0.0169285601,0.0243630876,0.00010
20080318,0.040900,-0.006271481,-0.002864868,-0.035818193,0.00010
20080319,-0.023700,0.0027319171,0.0070959374,-0.015260898,0.00010
20080320,0.022900,-0.001538305,0.0086215831,-0.046079908,0.00010
20080324,0.017200,0.0165410959,-0.014801464,-0.011488149,0.00010
20080325,0.003700,0.004031531,-0.006819941,0.0056573349,0.00010
20080326,-0.008300,0.0071204505,-0.013074363,0.0265931622,0.00010
20080327,-0.011300,-0.002823425,0.0011199084,0.0050100467,0.00010
20080328,-0.008200,-0.005394051,-0.003918999,0.0188061243,0.00010
20080331,0.005700,0.0047268089,-0.004715327,-0.007631569,0.00010
20080401,0.033700,-0.000648862,0.0050664278,-0.033222978,0.00010
20080402,-0.000900,0.0044425469,-0.001912755,0.0041180523,0.00010
20080403,0.001500,-0.002077829,-0.001234437,0.0007302987,0.00010
20080404,0.001600,0.000179068,-0.007703588,0.0158781695,0.00010
20080407,0.001400,-0.000983248,0.0011384487,-0.010693933,0.00010
20080408,-0.003400,0.0005401207,-0.00592853,0.0157212652,0.00010
20080409,-0.009600,-0.007023345,-0.001090631,0.0169132109,0.00010
20080410,0.005300,0.0083494901,-0.001388557,0.0076687295,0.00010
20080411,-0.020300,0.0005664462,0.0044583471,0.000220703,0.00010
20080414,-0.003800,0.0010685795,-0.005170165,0.023550902,0.00010
20080415,0.004700,0.0033809554,0.0067972302,-0.003261957,0.00010
20080416,0.022800,0.0047354008,0.0023739305,-0.004832053,0.00010
20080417,-0.001000,-0.008033715,0.0057153234,-0.015097992,0.00010
20080418,0.016800,0.0021223299,-0.005921124,-0.004961097,0.00010
20080421,-0.001700,-0.001993617,-0.006724731,0.0204715603,0.00010
20080422,-0.009700,-0.009748066,-0.006988577,0.002487982,0.00010
20080423,0.002600,0.0015347337,-0.000898329,0.0204394335,0.00010
20080424,0.006600,0.006494315,0.0149609767,-0.035766271,0.00010
20080425,0.006800,-0.002947312,-0.00483421,-0.007813206,0.00010
20080428,-0.000300,0.0041853401,-0.004810173,-0.005365149,0.00010
20080429,-0.003600,-0.000944994,0.0031373018,-0.001341682,0.00010
20080430,-0.003000,-0.000696761,-0.005888857,0.0095419633,0.00010
20080501,0.016600,0.001917525,0.0162836354,-0.02443574,0.00010
20080502,0.002000,-0.007829291,-0.005922036,-0.003784661,0.00010
20080505,-0.004100,0.0012936653,-0.010940063,0.0120678558,0.00010
20080506,0.007500,0.000513234,-0.003600089,-0.002729836,0.00010
20080507,-0.016600,0.0005351083,-0.008026275,0.0212081787,0.00010
20080508,0.003700,0.0003521653,-0.008817732,0.0166553083,0.00010
20080509,-0.005400,0.0063467309,-0.00042924,0.0109502566,0.00010
20080512,0.011000,0.0062345465,0.0042033024,-0.000056816,0.00010
20080513,0.000800,0.0039446953,-0.007575235,0.0115799282,0.00010
20080514,0.003800,-0.000154251,0.0049891073,-0.006090462,0.00010
20080515,0.010200,0.0032695385,-0.0035803,-0.001448057,0.00010
20080516,0.001100,-0.003829369,-0.010963969,0.0137925058,0.00010
20080519,-0.000200,-0.005721153,-0.00275325,0.0012234036,0.00010
20080520,-0.008000,0.0034879434,-0.012086821,0.0126283148,0.00010
20080521,-0.015600,0.0020609887,0.0022582394,0.0157281379,0.00010
20080522,0.003800,0.0051701778,0.00554439,-0.00512424,0.00010
20080523,-0.012400,-0.000167992,-0.003076155,0.0098796877,0.00010
20080527,0.007200,0.0053886703,0.0038234689,-0.000943711,0.00010
20080528,0.004900,-0.001431052,-0.009287127,0.0133288828,0.00010
20080529,0.006100,0.004718861,0.0085604469,-0.01199178,0.00010
20080530,0.002900,0.0010756538,-0.011133867,0.0074407941,0.00010
20080602,-0.009800,-0.000548463,-0.004408133,0.0059215148,0.00010
20080603,-0.004600,0.0031355401,0.0003221912,0.0002018306,0.00010
20080604,0.000200,0.0068365963,0.004435539,0.0108608615,0.00010
20080605,0.019500,0.0029088761,-0.009750592,0.0058483265,0.00010
20080606,-0.029000,0.0008484909,-0.009271222,0.0212655904,0.00010
20080609,-0.000300,-0.009494804,-0.008763342,0.0249844095,0.00010
20080610,-0.003100,0.0020890306,0.0113048947,-0.006075619,0.00010
20080611,-0.016500,-0.004269802,-0.012345212,0.0225497878,0.00010
20080612,0.003100,0.004060298,0.0081177164,-0.009093479,0.00010
20080613,0.015600,0.0014598435,-0.004655473,0.0005847141,0.00010
20080616,0.001600,0.0050987867,-0.00283073,-0.007147519,0.00010
20080617,-0.005500,0.0004365158,-0.013618366,0.0232451284,0.00010
20080618,-0.009600,-0.001164356,-0.004743675,0.0104270637,0.00010
20080619,0.003400,0.0031064984,0.0036810139,-0.000746116,0.00010
20080620,-0.018000,0.0031669155,-0.00273283,0.0110321923,0.00010
20080623,-0.001600,-0.011452549,-0.017796725,0.0365794454,0.00010
20080624,-0.005500,-0.010406149,0.0116186174,-0.017293157,0.00010
20080625,0.006400,0.0078826724,0.0049927222,-0.000331142,0.00010
20080626,-0.028300,0.0034417809,0.0006842944,0.0177823236,0.00010
20080627,-0.003600,-0.002899954,-0.006908996,0.0076639716,0.00010
20080630,-0.000600,-0.018477281,-0.007707735,0.0220324209,0.00010
20080701,0.002900,0.00025736,0.0021426076,0.0005187623,0.00010
20080702,-0.020000,-0.007546713,0.0108571417,0.0046411477,0.00010
20080703,-0.001500,-0.006411104,0.0031741766,0.0088512841,0.00010
20080707,-0.008100,-0.001613677,0.0034595967,0.0230898477,0.00010
20080708,0.018400,0.010868986,0.0151846319,-0.049123968,0.00010
20080709,-0.020500,-0.003359936,-0.008205404,0.0304200998,0.00010
20080710,0.006500,-0.002559477,-0.008902632,0.0291226557,0.00010
20080711,-0.008800,0.0151027543,-0.007983108,0.0210536046,0.00010
20080714,-0.009300,-0.005519356,-0.013517675,0.0411337856,0.00010
20080715,-0.009700,0.0091404642,0.0029389801,0.0240507225,0.00010
20080716,0.025200,-4.835692E-6,0.02433079,-0.091107675,0.00010
20080717,0.011200,0.0042867664,0.0257311827,-0.073971435,0.00010
20080718,-0.000800,-0.005549893,0.0038235301,-0.01173383,0.00010
20080721,0.001600,0.0024807566,-0.013696949,0.0013042085,0.00010
20080722,0.013700,0.013383977,0.0164295496,-0.06074443,0.00010
20080723,0.003200,-0.002255736,0.0211856936,-0.032934416,0.00010
20080724,-0.023100,0.0048619227,-0.006952044,0.0536121268,0.00010
20080725,0.004600,0.0058104259,-0.008533488,0.0149521431,0.00010
20080728,-0.017600,-0.001051349,-0.005190318,0.0346132505,0.00010
20080729,0.022600,0.0009196096,0.0175645216,-0.05517648,0.00010
20080730,0.015900,-0.011226697,-0.010383986,0.0009397355,0.00010
20080731,-0.011700,0.0096074674,0.0087618043,-0.012285895,0.00010
20080801,-0.004700,0.0105401877,0.0076617014,-0.015036315,0.00010
20080804,-0.010900,-0.002033837,0.0238077973,-0.002401878,0.00010
20080805,0.026500,-0.004251249,0.0136629389,-0.028537405,0.00010
20080806,0.005000,0.0035829962,-0.017867549,0.011624803,0.00010
20080807,-0.017300,0.0005821817,-0.002036107,0.034394832,0.00010
20080808,0.022900,0.0058419199,0.0171374516,-0.021128804,0.00010
20080811,0.008300,0.0130098338,0.0091088895,-0.017662439,0.00010
20080812,-0.010500,0.0094040856,-0.006810992,0.0303056395,0.00010
20080813,-0.001500,0.0062270394,-0.021055309,0.0337142609,0.00010
20080814,0.006300,0.0012496592,0.0045153716,-0.023389192,0.00010
20080815,0.003800,-0.003467564,0.0114556487,-0.01397704,0.00010
20080818,-0.014500,0.000930581,-0.000695497,0.0266603746,0.00010
20080819,-0.010000,-0.004447784,-0.011133394,0.0270161862,0.00010
20080820,0.005400,-0.003620932,-0.014931783,0.0002525839,0.00010
20080821,0.001200,-0.007369701,-0.004591118,0.008963641,0.00010
20080822,0.011400,0.0019666565,0.0138949463,-0.018290579,0.00010
20080825,-0.019200,-0.001947738,-0.001618359,0.0093111962,0.00010
20080826,0.003400,-0.000626151,-0.004698508,-0.003179421,0.00010
20080827,0.008800,0.0037878931,-0.001105258,-0.010057312,0.00010
20080828,0.015100,-0.001862901,0.009735416,-0.033731779,0.00010
20080829,-0.012500,0.0023605909,0.0013618438,-0.009716484,0.00010
20080902,-0.004500,0.0022976617,0.0241948812,-0.028398749,0.00010
20080903,-0.002300,0.0071160463,0.0121063795,-0.024272471,0.00010
20080904,-0.029100,0.0010070482,-0.000748191,0.0170307678,0.00010
20080905,0.004200,-0.006190286,0.007716149,-0.025193848,0.00010
20080908,0.017600,-0.004563122,0.0249010446,-0.029314226,0.00010
20080909,-0.034100,0.0087481206,0.0127696325,0.0238352343,0.00010
20080910,0.007000,0.0047340029,-0.011981626,0.0228871393,0.00010
20080911,0.012200,-0.012537343,-0.001808321,0.0037624678,0.00010
20080912,0.002900,-0.00242714,-0.016175047,0.0117109409,0.00010
20080915,-0.044500,0.0063748093,0.005012769,0.0608110391,0.00010
20080916,0.016600,0.0059882849,-0.008870621,-0.017076921,0.00010
20080917,-0.046000,0.003176807,-0.013117344,0.0566769625,0.00010
20080918,0.044000,0.0146355111,0.0213045949,-0.106553537,0.00010
20080919,0.042700,-0.0055348,-0.005662892,-0.081107668,0.00010
20080922,-0.039300,0.0062742085,-0.010463252,0.0367126334,0.00010
20080923,-0.015500,0.0021262824,0.0083733124,-0.00352844,0.00010
20080924,-0.003200,-0.014713386,-0.004953787,0.0210799879,0.00010
20080925,0.017000,-0.00673482,-0.000071467,0.0001499417,0.00010
20080926,0.001100,-0.007261158,0.011894441,-0.003412539,0.00010
20080929,-0.082600,0.0164406015,0.0102969122,0.0726532155,0.00010
20080930,0.048800,-0.018095975,-0.003790012,-0.070317107,0.00010
20081001,-0.004700,0.0003655868,0.0112887824,-0.032531639,0.00000
20081002,-0.042000,-0.001226719,0.0289941135,0.0027969251,0.00000
20081003,-0.014700,-0.015746916,0.0120528292,0.0298531678,0.00000
20081006,-0.039500,0.0000638221,0.024507574,0.0169993213,0.00000
20081007,-0.057600,-0.004663632,0.0000378052,0.0598789074,0.00000
20081008,-0.012800,-0.01471514,-0.015794359,0.0274484043,0.00000
20081009,-0.073600,-0.008723568,-0.005327801,0.0583744712,0.00000
20081010,-0.009600,0.0327052585,0.0249364198,-0.0573932,0.00000
20081013,0.113600,-0.013458273,-0.02667127,-0.015300979,0.00000
20081014,-0.008600,-0.016746598,0.0150741001,-0.074645125,0.00000
20081015,-0.087900,-0.002798749,0.0252008405,0.0075554813,0.00000
20081016,0.043200,0.0134138348,-0.013387063,0.0239778834,0.00000
20081017,-0.004200,-0.011566037,-0.012082316,0.0013789212,0.00000
20081020,0.045600,-0.013215841,-0.019775982,0.009550168,0.00000
20081021,-0.029500,0.0031313599,-0.002704921,-0.005774949,0.00000
20081022,-0.057600,0.0099763712,0.0133701826,0.01343003,0.00000
20081023,0.003000,-0.026929894,0.0175042833,0.0306081311,0.00000
20081024,-0.032800,-0.003256061,0.0135118309,0.0142506559,0.00000
20081027,-0.033700,-0.007938454,0.0159230754,0.0179416142,0.00000
20081028,0.097800,-0.031504866,0.0077733749,-0.004337858,0.00000
20081029,-0.004700,0.0259533497,-0.037689873,-0.006103794,0.00000
20081030,0.029700,0.0161075776,-0.037963638,0.0024085281,0.00000
20081031,0.018800,0.0257472898,-0.002690417,-0.034203016,0.00000
20081103,-0.000500,0.0066942544,0.0053201176,-0.015071257,0.00000
20081104,0.035700,-0.033840896,-0.016349475,-0.024398387,0.00000
20081105,-0.050500,0.0007953723,-0.002341545,0.030432237,0.00000
20081106,-0.048300,0.0166753969,0.0109163116,0.0299667456,0.00000
20081107,0.026100,-0.008597771,0.0000244012,0.0040081138,0.00000
20081110,-0.013100,-0.006872611,-0.00497522,0.03493892,0.00000
20081111,-0.022500,0.0011766504,0.0130990395,0.0210768668,0.00000
20081112,-0.051400,-0.001761173,0.0102401975,0.0408556445,0.00000
20081113,0.068000,0.0134768337,-0.008917053,-0.013066304,0.00000
20081114,-0.042700,-0.018367529,0.0007492353,0.0100613978,0.00000
20081117,-0.024300,0.0122816706,-0.004559531,0.0319538526,0.00000
20081118,0.007100,-0.009327295,0.00312076,0.020033322,0.00000
20081119,-0.063000,-0.00391567,0.0022418762,0.0622923957,0.00000
20081120,-0.066100,0.0097301324,0.0295248024,0.0633910584,0.00000
20081121,0.061200,-0.021993446,-0.010104937,0.023328554,0.00000
20081124,0.062700,-0.000708763,-0.00239228,-0.134808046,0.00000
20081125,0.009400,-0.003869702,-0.002922245,-0.032920152,0.00000
20081126,0.038800,0.0223269078,-0.013629128,-0.038077664,0.00000
20081128,0.010600,-0.002894401,0.0026797982,-0.034657862,0.00000
20081201,-0.089600,-0.011723995,0.0068052311,0.0670417175,0.00000
20081202,0.039700,0.0092013859,0.0065967646,-0.045312248,0.00000
20081203,0.026300,-0.001292438,0.0153065544,-0.020903363,0.00000
20081204,-0.029100,-0.000527567,0.0186771625,-0.001745675,0.00000
20081205,0.037600,0.0017772217,0.0099143725,-0.026845502,0.00000
20081208,0.038000,0.0004974083,-0.024935325,-0.033943332,0.00000
20081209,-0.022300,0.0002156635,-0.011846721,0.0094099858,0.00000
20081210,0.012000,0.0114114145,-0.021961571,-0.000091019,0.00000
20081211,-0.029300,-0.011598886,-0.003797981,0.0276914239,0.00000
20081212,0.009600,0.0209120767,0.0049974129,-0.002477303,0.00000
20081215,-0.015400,-0.013582854,-0.00237026,0.0162676806,0.00000
20081216,0.051500,-0.002293382,0.004788973,-0.040561982,0.00000
20081217,-0.006300,0.0152775878,-0.005947219,-0.002165599,0.00000
20081218,-0.018400,0.0032137822,0.0084680262,0.012566552,0.00000
20081219,0.003500,0.0094705269,0.0026467607,-0.006898486,0.00000
20081222,-0.018700,-0.005183348,0.0099396816,0.0224192771,0.00000
20081223,-0.008800,-0.001691164,-0.005609495,0.0049140774,0.00000
20081224,0.005100,-0.00134318,0.0005035662,-0.007367689,0.00000
20081226,0.006300,0.0063812208,-0.001724183,0.0014898931,0.00000
20081229,-0.005600,-0.011219511,-0.005319754,0.0113632275,0.00000
20081230,0.024700,0.0106995978,0.0007843678,-0.010954228,0.00000
20081231,0.017000,0.0088298866,-0.00400892,-0.014341369,0.00000
20090102,0.031200,-0.013292562,-0.014173129,-0.019124565,0.00000
20090105,-0.002600,0.0016924521,-0.018255524,-0.007175375,0.00000
20090106,0.008700,0.0105940445,0.0013462829,-0.031410578,0.00000
20090107,-0.029700,0.0019672475,-0.004127118,0.024038457,0.00000
20090108,0.004700,0.0009977064,0.0009337317,-0.010395146,0.00000
20090109,-0.022100,-0.014371079,0.0012865473,0.015535525,0.00000
20090112,-0.022600,-0.002079801,0.0075331462,0.0352827268,0.00000
20090113,0.002900,0.0100815022,-0.004875295,0.0018345484,0.00000
20090114,-0.033800,-0.007841602,0.0043172028,0.0244360186,0.00000
20090115,0.004300,0.0187043134,-0.00699456,0.0337896069,0.00000
20090116,0.007700,0.0020757507,0.0001068205,0.0137311658,0.00000
20090120,-0.052900,-0.005530159,0.0046294648,0.0810404832,0.00000
20090121,0.041700,0.0057849646,-0.013059946,-0.06622852,0.00000
20090122,-0.016100,-0.015382198,-0.014207096,0.0227585638,0.00000
20090123,0.004300,-0.000655655,-0.00181662,-0.011832264,0.00000
20090126,0.005500,0.0098663163,-0.012906013,0.0068398685,0.00000
20090127,0.010700,0.0027263926,0.0035710476,-0.016942925,0.00000
20090128,0.032900,-0.010444303,0.0036688686,-0.054260855,0.00000
20090129,-0.032200,-0.002597358,-0.014395889,0.0406791327,0.00000
20090130,-0.021600,-0.00291053,-0.004358425,0.0165111353,0.00000
20090202,0.000600,0.0114147531,0.0099815401,0.0087290339,0.00000
20090203,0.014600,-0.013455921,-0.00035495,0.0279747631,0.00000
20090204,-0.006000,-0.002756201,-0.01312761,-0.002001883,0.00000
20090205,0.016100,0.0024193678,-0.009272861,0.0006626546,0.00000
20090206,0.027900,0.0073211399,0.000414686,-0.042486098,0.00000
20090209,0.000300,-0.001874844,-0.00163811,-0.021899109,0.00000
20090210,-0.046300,0.0003513965,-0.008314429,0.0516974249,0.00000
20090211,0.007500,-0.001076962,0.0091897331,-0.025351931,0.00000
20090212,0.003000,0.0029483257,-0.007848321,0.0147544506,0.00000
20090213,-0.008500,0.0025261007,-0.011396258,0.017598869,0.00000
20090217,-0.043600,0.0006515149,0.0059463255,0.0478072209,0.00000
20090218,-0.003300,-0.005448423,0.0002562962,0.0139924904,0.00000
20090219,-0.011500,-0.004046445,-0.015252413,0.0366313187,0.00000
20090220,-0.011700,-0.00582918,0.0066815219,0.0171006022,0.00000
20090223,-0.034300,-0.002516988,0.0080440648,0.0055530576,0.00000
20090224,0.040100,0.0025321858,0.0029191452,-0.057655138,0.00000
20090225,-0.011500,-0.007584016,-0.000283947,0.0010940889,0.00000
20090226,-0.015400,0.0029135357,0.0085303078,-0.028233123,0.00000
20090227,-0.020100,0.0050980915,-0.003219548,0.0431873589,0.00000
20090302,-0.047600,-0.001948703,0.0185524736,0.0395322832,0.00000
20090303,-0.007200,-0.011840411,-0.015187826,0.019901153,0.00000
20090304,0.024200,-0.00120108,-0.008957443,0.0061977421,0.00000
20090305,-0.042100,-0.0109922,0.0008276881,0.0513281793,0.00000
20090306,0.002000,-0.003237881,0.0005185334,0.0094068222,0.00000
20090309,-0.011000,-0.005086511,-0.006798085,-0.014845072,0.00000
20090310,0.063600,0.0078783784,0.0105949428,-0.081253011,0.00000
20090311,0.003000,0.0028552056,0.0001535978,-0.014223361,0.00000
20090312,0.041600,0.0229270551,0.0107164216,-0.055228486,0.00000
20090313,0.007400,0.0062847802,0.0028804298,-0.001768609,0.00000
20090316,-0.005500,-0.010787147,-0.006911962,0.0012169024,0.00000
20090317,0.032000,0.0105317289,0.0107269019,-0.021923187,0.00000
20090318,0.021700,0.0198594644,0.0144976,-0.046580191,0.00000
20090319,-0.010300,-0.002928388,-0.020957066,0.0164718546,0.00000
20090320,-0.019500,-0.011410352,0.0047125811,0.0268673984,0.00000
20090323,0.069000,0.0111458978,0.0016396923,-0.07920969,0.00000
20090324,-0.019300,-0.016447034,-0.0090379,0.017893188,0.00000
20090325,0.009400,0.0158639112,0.0029989741,-0.016215159,0.00000
20090326,0.026800,0.0101541294,-0.00208199,-0.007493374,0.00000
20090327,-0.020300,-0.015693095,0.0006669439,0.0151839812,0.00000
20090330,-0.034900,0.0034952466,0.0021094877,0.0561423808,0.00000
20090331,0.013000,0.0020857455,0.0061403629,-0.019834158,0.00000
20090401,0.016500,-0.000090176,0.003732754,-0.021086127,0.00000
20090402,0.030700,0.0152058766,-0.009950977,-0.026716725,0.00000
20090403,0.010100,0.0016988978,-0.0019865,-0.025717905,0.00000
20090406,-0.009200,-0.006281513,0.0013526244,0.0102208082,0.00000
20090407,-0.024300,-0.00666781,0.0036847389,0.0124587292,0.00000
20090408,0.012800,0.0080777113,-0.004277522,0.0009604908,0.00000
20090409,0.039200,0.0241572308,0.0037147313,-0.093863326,0.00000
20090413,0.002600,-0.001952932,0.0054277532,-0.032851626,0.00000
20090414,-0.020200,-0.012445931,-0.012999705,0.0369600811,0.00000
20090415,0.011200,0.0005119771,0.0117972095,-0.032678862,0.00000
20090416,0.016900,0.0120738693,0.001545078,-0.006056878,0.00000
20090417,0.005500,0.0107366311,-0.002292472,-0.017509288,0.00000
20090420,-0.043200,-0.014040747,0.0005737482,0.0690132853,0.00000
20090421,0.021900,0.0190724071,0.0088133922,-0.045799884,0.00000
20090422,-0.006000,0.008564588,-0.005990621,0.0091418059,0.00000
20090423,0.006600,-0.015837402,-0.001843197,-0.017086089,0.00000
20090424,0.017700,0.0105369862,-0.005400824,-0.023470777,0.00000
20090427,-0.009500,-0.007851586,-0.00012791,0.0234653835,0.00000
20090428,-0.002000,0.0089763997,0.0009407479,0.0084296416,0.00000
20090429,0.024100,0.008591367,-0.002976556,-0.027624795,0.00000
20090430,-0.000500,-0.004265565,-0.003700651,-0.002336504,0.00000
20090501,0.004500,-0.007119732,-0.004625036,-0.00469999,0.00000
20090504,0.033600,0.0043949447,-0.024615057,-0.063561966,0.00000
20090505,-0.002800,-0.004275461,0.0030929829,0.0034401138,0.00000
20090506,0.014600,-0.006127392,-0.018259214,-0.047929062,0.00000
20090507,-0.014200,-0.002897809,0.0022397462,0.0152354272,0.00000
20090508,0.024800,0.0095535521,-0.016521753,-0.061322292,0.00000
20090511,-0.020100,0.0021544379,0.0074237876,0.035850532,0.00000
20090512,-0.003200,-0.008811376,0.0044907638,0.0273719508,0.00000
20090513,-0.029100,-0.014142227,0.0083998577,0.0409087777,0.00000
20090514,0.011100,0.0078280052,0.0007809915,-0.019542566,0.00000
20090515,-0.010200,0.0018998701,0.0074931346,0.015543628,0.00000
20090518,0.031300,0.0107424246,-0.006169242,-0.041511285,0.00000
20090519,-0.000400,-0.002360935,0.0018040523,0.0086538203,0.00000
20090520,-0.004800,-0.002672212,-0.003377866,0.0105234821,0.00000
20090521,-0.016800,-0.00086559,0.002368728,0.0031974367,0.00000
20090522,-0.001500,-0.005882969,0.0037130017,0.0062444976,0.00000
20090526,0.027900,0.0146232085,-0.002129543,-0.010116923,0.00000
20090527,-0.018000,-0.001432014,-0.001884579,0.0138948831,0.00000
20090528,0.013400,-0.010251625,-0.009324248,-0.014883496,0.00000
20090529,0.013800,0.0042991363,-0.004488043,-0.005837595,0.00000
20090601,0.027300,0.0090434142,0.004785365,-0.003063255,0.00000
20090602,0.002900,0.0074738713,0.0030026038,0.0078193947,0.00000
20090603,-0.013900,0.0106586582,0.0043066759,0.0230074033,0.00000
20090604,0.011800,0.0028463868,-0.00925206,-0.027293711,0.00000
20090605,-0.001900,0.0000529714,0.0049012403,0.0052506734,0.00000
20090608,-0.002000,-0.007534552,0.000549707,-0.000569249,0.00000
20090609,0.004900,0.0002407031,0.001467646,-0.002358264,0.00000
20090610,-0.003500,-0.004162333,0.0004705387,0.0011951435,0.00000
20090611,0.006300,0.0005050006,-0.007328649,-0.012513125,0.00000
20090612,0.000300,-0.002375455,-0.004274074,0.002470607,0.00000
20090615,-0.023800,-0.002473053,0.0060985148,0.0151258761,0.00000
20090616,-0.013300,-0.003444152,0.0015630484,0.0066297952,0.00000
20090617,-0.000800,0.0089522273,0.0072456499,0.025539592,0.00000
20090618,0.007400,-0.001423376,-0.006854204,-0.001662085,0.00000
20090619,0.003500,0.0043312032,-0.004169176,-0.003921525,0.00000
20090622,-0.030700,-0.00699697,0.0139961261,0.036730509,0.00000
20090623,0.000800,-0.007502136,-0.001392751,-0.010760717,0.00000
20090624,0.007800,0.0029647753,-0.001666195,-0.008295468,0.00000
20090625,0.021900,0.0043441564,0.0005123818,-0.006001861,0.00000
20090626,0.000300,0.0186933288,-0.005448215,-0.006476737,0.00000
20090629,0.008200,-0.010929683,0.0042989843,-0.001923388,0.00000
20090630,-0.007400,0.0020810724,0.0001650043,0.004708744,0.00000
20090701,0.005500,0.0122880839,0.0083788842,2.6689659E-6,0.00000
20090702,-0.029000,-0.00552247,0.0011912294,0.0128005839,0.00000
20090706,-0.000300,-0.007989871,0.0076467856,0.0137380384,0.00000
20090707,-0.019200,0.0059912015,0.0001716952,0.0060256643,0.00000
20090708,-0.001900,-0.003998824,0.0009859313,0.0159590603,0.00000
20090709,0.003500,-0.006240585,-0.006100617,-0.016843515,0.00000
20090710,-0.003400,0.006783349,0.0036379301,0.0047427392,0.00000
20090713,0.024300,-0.00024711,-0.006127316,-0.01982907,0.00000
20090714,0.005900,-0.002581186,-0.001755927,-0.003731172,0.00000
20090715,0.029800,0.00388424,-0.000302531,-0.017004864,0.00000
20090716,0.009400,0.0017648394,-0.000274511,-0.002651374,0.00000
20090717,-0.000500,0.0015965091,0.0040374546,0.0055177918,0.00000
20090720,0.011900,-0.003769476,0.0020978702,-0.008013702,0.00000
20090721,0.003100,-0.001654364,0.0002794339,0.0089708983,0.00000
20090722,0.000800,0.0057873605,0.0073985014,-0.007089016,0.00000
20090723,0.023700,0.007434626,-0.002471473,-0.022883453,0.00000
20090724,0.003800,0.0010697421,-0.001002488,-0.010119868,0.00000
20090727,0.002900,-0.001657494,0.0004828162,-0.019026124,0.00000
20090728,-0.002000,0.0049603225,0.0023289739,0.0045628508,0.00000
20090729,-0.004600,-0.000683112,0.0038380503,0.0119880247,0.00000
20090730,0.012400,-0.002601828,-0.005314243,-0.021279427,0.00000
20090731,0.000500,-0.002913931,-0.004700466,-0.018064694,0.00000
20090803,0.016300,0.0012331199,-0.006679279,-0.0195435,0.00000
20090804,0.003200,0.0041527563,0.0024398812,-0.018009933,0.00000
20090805,-0.003100,-0.006988386,-0.007035489,-0.023688784,0.00000
20090806,-0.006200,-0.012331394,0.0004205823,-0.001430338,0.00000
20090807,0.014400,0.0070444016,0.0032843827,-0.016348427,0.00000
20090810,-0.003200,0.0058991724,-0.00228714,-0.001109301,0.00000
20090811,-0.012500,-0.003073132,0.0066463956,0.0211495741,0.00000
20090812,0.012100,0.0020744957,0.0028409997,-0.010052898,0.00000
20090813,0.007300,-0.000594598,-0.008019845,-0.014526182,0.00000
20090814,-0.009700,-0.009322485,-0.000309738,0.0039658873,0.00000
20090817,-0.024600,0.00077079,0.0073469168,0.0236430903,0.00000
20090818,0.011100,0.0016021154,-0.001898759,-0.011081503,0.00000
20090819,0.007200,0.0058978003,0.0025396911,0.0018475462,0.00000
20090820,0.010000,0.0023006315,-0.006209482,-0.00946924,0.00000
20090821,0.018300,0.0013462067,-0.000230592,-0.012672562,0.00000
20090824,-0.000900,-0.000174927,0.0001692819,0.0053869617,0.00000
20090825,0.002700,0.0015371933,0.0054313051,-0.005492615,0.00000
20090826,-0.000100,0.00230119,0.001287102,0.0012947074,0.00000
20090827,0.002100,0.0002175432,0.0004135891,-0.00423967,0.00000
20090828,-0.001900,-0.004173132,0.0016387253,-0.007106471,0.00000
20090831,-0.008600,-0.003573389,-0.000635446,0.0078885115,0.00000
20090901,-0.021500,-0.001965044,0.0018070187,0.0268694667,0.00000
20090902,-0.002800,0.0011904199,0.0011822044,0.0073664507,0.00000
20090903,0.009300,-0.001546096,-0.005374311,-0.011874785,0.00000
20090904,0.013100,0.0007685198,0.0012316367,-0.005695577,0.00000
20090908,0.008900,-0.000164734,-0.00441857,-0.006468481,0.00000
20090909,0.009000,0.0051952444,-0.001143433,-0.00851722,0.00000
20090910,0.010800,0.0009791144,-0.000583015,-0.010358185,0.00000
20090911,-0.001000,-0.000531643,-0.001931965,-0.001403197,0.00000
20090914,0.006500,0.0037243214,-0.00001838,-0.011957448,0.00000
20090915,0.004400,0.0031804568,-0.003965846,-0.016453512,0.00000
20090916,0.015400,0.0023323715,-0.002887044,-0.023138064,0.00000
20090917,-0.003000,0.0013837476,-0.001714826,0.0081323259,0.00000
20090918,0.002300,0.0024671695,0.0020398162,0.0038216655,0.00000
20090921,-0.002700,0.0007861285,-0.000312769,0.0079884938,0.00000
20090922,0.006600,-0.001946231,-0.005374112,-0.013284891,0.00000
20090923,-0.010000,0.0003861099,0.003695072,0.0093802475,0.00000
20090924,-0.010600,-0.005225605,0.0034720723,0.0190575224,0.00000
20090925,-0.006400,0.0044121926,0.0022502051,0.0037978444,0.00000
20090928,0.017800,0.0033451557,0.0002397268,-0.012387853,0.00000
20090929,-0.001200,-0.002822095,-0.00214398,-0.000282853,0.00000
20090930,-0.004000,-0.004051024,0.0007429415,0.0072517502,0.00000
20091001,-0.025800,-0.006138179,0.0071327405,0.0210284946,0.00000
20091002,-0.005200,0.0028391209,-0.000766318,0.0002456474,0.00000
20091005,0.014900,0.0001195074,-0.003720615,-0.016832111,0.00000
20091006,0.014000,0.0058163339,0.0004504094,0.0009614278,0.00000
20091007,0.002600,-0.000778513,-0.005528647,-0.00238084,0.00000
20091008,0.008400,-0.000230076,-0.00087079,-0.002777854,0.00000
20091009,0.005800,0.0066572416,-0.000400399,0.0006506804,0.00000
20091012,0.003600,-0.000818745,-0.001693643,-0.005753745,0.00000
20091013,-0.002100,-0.001455884,-0.001391552,0.0046906168,0.00000
20091014,0.017000,0.0028182584,-0.002775725,-0.012278063,0.00000
20091015,0.003500,-0.003478509,-0.001467277,0.001872958,0.00000
20091016,-0.008000,-0.00554905,0.0009755892,0.0159242342,0.00000
20091019,0.009400,-0.001194075,0.0025441576,0.005067712,0.00000
20091020,-0.007100,-0.006665999,0.0008944536,0.006590779,0.00000
20091021,-0.008700,-0.003187343,0.0021256289,0.0105107346,0.00000
20091022,0.010300,0.0046388682,0.0041554526,-0.014727212,0.00000
20091023,-0.012300,-0.005155944,-0.001998334,0.0146193647,0.00000
20091026,-0.011800,9.7938594E-6,0.0078758702,0.0202432555,0.00000
20091027,-0.005200,-0.004047196,0.0015112726,-0.002741668,0.00000
20091028,-0.021500,-0.01346911,0.0084783882,0.0143185771,0.00000
20091029,0.021700,-0.003603439,-0.005245172,-0.02155445,0.00000
20091030,-0.027500,-0.002147482,0.0053564338,0.0247752255,0.00000
20091102,0.005200,-0.008782891,-0.00239982,0.0032046248,0.00000
20091103,0.004600,0.0083454701,-0.004405179,-0.003812251,0.00000
20091104,0.000700,-0.013913189,0.0036117405,0.0129451709,0.00000
20091105,0.020400,0.009635,0.001176589,-0.005757984,0.00000
20091106,0.002600,-0.006790129,0.0027849029,0.0047690523,0.00000
20091109,0.021700,-0.002932668,-0.003636206,-0.012695485,0.00000
20091110,-0.000400,-0.004076315,0.0008183562,0.0064244021,0.00000
20091111,0.005300,0.0042666439,0.0000220984,-0.010781821,0.00000
20091112,-0.011000,-0.010525026,0.0042077455,0.0088057621,0.00000
20091113,0.006300,0.0032541437,0.0019575352,0.0089633322,0.00000
20091116,0.015600,0.0110404792,0.0018676441,-0.000192383,0.00000
20091117,0.001400,-0.002309969,-0.00036209,-0.002795403,0.00000
20091118,-0.001400,-0.000842102,-0.000048218,-0.006411523,0.00000
20091119,-0.013800,-0.010196162,0.0006074778,0.0043179909,0.00000
20091120,-0.003300,0.0011771621,0.0002555536,0.0017074941,0.00000
20091123,0.013000,0.0034509287,-0.000771032,-0.001309457,0.00000
20091124,-0.000700,-0.003578604,-0.000913555,0.0005642521,0.00000
20091125,0.004800,-0.005312813,-0.001431198,0.0008925433,0.00000
20091127,-0.017400,-0.007667105,0.0017813504,0.0060568053,0.00000
20091130,0.002500,-0.000745714,-0.005684901,-0.016669486,0.00000
20091201,0.013000,0.0024838321,-0.00081146,0.0068769195,0.00000
20091202,0.002000,0.0094581405,0.0006626412,0.001612136,0.00000
20091203,-0.008600,-0.002891385,0.0025611758,0.011157011,0.00000
20091204,0.007000,0.017911274,0.0022106735,-0.008362455,0.00000
20091207,-0.001400,0.0019497758,0.0023922771,0.0063832905,0.00000
20091208,-0.009800,0.0019837554,0.0030583591,-0.000391835,0.00000
20091209,0.003300,-0.001085405,-0.000328404,0.0028330345,0.00000
20091210,0.005000,-0.009961628,-0.000986265,0.0081165079,0.00000
20091211,0.004400,0.0014955691,0.0002848801,-0.006196805,0.00000
20091214,0.007800,0.0063152575,-0.009362239,0.0000844335,0.00000
20091215,-0.004600,0.0000462046,-0.002992746,0.0061467651,0.00000
20091216,0.001800,0.0072217236,-0.001376892,-0.001645384,0.00000
20091217,-0.011600,0.0005164766,-0.000024717,-0.00084353,0.00000
20091218,0.006700,0.0051260406,-0.004002393,-0.009609512,0.00000
20091221,0.010200,0.0060368084,-0.001026724,-0.00212366,0.00000
20091222,0.004300,0.0051478947,0.0013936153,-0.000239097,0.00000
20091223,0.003800,0.0077921107,-0.00094239,0.0070347634,0.00000
20091224,0.005000,0.0004424953,-0.000357313,-0.002170153,0.00000
20091228,0.000900,-0.001935547,0.0002575895,0.0064794476,0.00000
20091229,-0.000900,0.0000172844,0.0020936716,0.0020016423,0.00000
20091230,-0.000100,0.0002780243,0.001808395,0.0005431505,0.00000
20091231,-0.010100,-0.001483642,-0.001951013,-0.00401346,0.00000
20100104,0.016900,0.00760407,-0.00454121,-0.008361908,0.00000
20100105,0.003100,-0.003456424,-0.008006222,-0.008165258,0.00000
20100106,0.001300,0.0000205617,-0.001766104,-0.00269157,0.00000
20100107,0.004000,0.0003048294,-0.003836216,-0.024882353,0.00000
20100108,0.003300,0.0007701726,-0.001195071,0.0015822417,0.00000
20100111,0.001300,-0.003376718,0.0032983781,-0.000659001,0.00000
20100112,-0.010000,-0.004176574,0.0052201431,0.0046402155,0.00000
20100113,0.008500,0.0047600226,-0.001231564,-0.003528909,0.00000
20100114,0.002400,0.0055465649,-0.000164851,-0.009829968,0.00000
20100115,-0.011100,-0.003349917,0.0032284373,0.0085830874,0.00000
20100119,0.012600,0.0033978126,0.0029495614,-0.00042337,0.00000
20100120,-0.009800,-0.004762719,-0.001105601,-0.011490529,0.00000
20100121,-0.017400,0.0008602041,0.0040063376,-0.003292339,0.00000
20100122,-0.021300,0.0010922319,0.0027665596,0.0008929726,0.00000
20100125,0.003700,-0.00417741,-0.000182332,-0.002956064,0.00000
20100126,-0.004500,-0.004068293,0.0055189675,0.0078136482,0.00000
20100127,0.005300,0.0058668497,-0.001590517,-0.014010705,0.00000
20100128,-0.011800,-0.007565381,0.0007840261,-0.007428556,0.00000
20100129,-0.009700,-0.000250546,0.0023273461,-0.00380998,0.00000
20100201,0.013900,-0.002747114,-0.00044658,-0.001945879,0.00000
20100202,0.012100,-0.004638015,0.0080730148,-0.000689784,0.00000
20100203,-0.004900,0.0012413902,0.0015292235,0.0111636194,0.00000
20100204,-0.031400,-0.000604573,0.0080564301,0.0042120801,0.00000
20100205,0.002900,0.0024254352,-0.000663778,-0.003010319,0.00000
20100208,-0.007900,-0.001523424,0.0019975545,0.0056180617,0.00000
20100209,0.013300,0.0008897237,0.0010354229,-0.002602458,0.00000
20100210,-0.001700,0.0005251959,-0.001734491,-0.004170952,0.00000
20100211,0.011300,0.0056211431,-0.004512125,0.0006458015,0.00000
20100212,-0.000700,0.0114026935,0.0011996126,-0.000812198,0.00000
20100216,0.017500,-0.004070734,-0.004496284,-0.002716751,0.00000
20100217,0.004900,0.0011228543,-0.000594317,0.0046026916,0.00000
20100218,0.006200,0.0030750462,0.001473972,0.0067311432,0.00000
20100219,0.002800,0.0007432965,-0.000355385,-0.005691609,0.00000
20100222,-0.000500,0.0005842748,-0.001574742,-0.006604578,0.00000
20100223,-0.012400,0.0014241461,0.0034419783,0.0044819107,0.00000
20100224,0.009400,0.0006854038,0.0009684805,-0.002115615,0.00000
20100225,-0.001300,0.0008316212,-0.002317494,-0.000233984,0.00000
20100226,0.001200,-0.005568514,-0.000826665,0.00102696,0.00000
20100301,0.012000,0.0101522878,0.0016317218,0.0070776152,0.00000
20100302,0.003200,0.0046842121,-0.002525719,-0.004968357,0.00000
20100303,0.000900,-0.000185246,-0.000652465,-0.000254181,0.00000
20100304,0.003700,0.0015522062,0.0014669544,0.00274363,0.00000
20100305,0.014300,0.0039868449,-0.003612638,-0.002233234,0.00000
20100308,0.000200,0.0031789644,0.0009178514,0.0005021206,0.00000
20100309,0.002100,0.0027306531,0.0004326064,-0.000542192,0.00000
20100310,0.005400,0.0029058292,-0.003872248,-0.013083776,0.00000
20100311,0.004300,-0.001094496,-0.001620649,-0.004496672,0.00000
20100312,-0.000200,-0.002562167,0.0001901844,0.0042742209,0.00000
20100315,-0.000200,-0.001620537,0.0020199172,0.0064297537,0.00000
20100316,0.007800,-0.002065945,-0.001781844,-0.004154469,0.00000
20100317,0.005700,0.0031419589,-0.001215996,-0.003638798,0.00000
20100318,-0.001000,-0.002462116,0.0048275184,0.0053458577,0.00000
20100319,-0.006100,-0.006000849,0.0011849628,-0.0029006,0.00000
20100322,0.006700,0.0085678273,0.0005685831,0.0042287777,0.00000
20100323,0.008000,0.0042372969,-0.000385157,0.0022002922,0.00000
20100324,-0.006000,-0.006083538,-0.004495822,-0.007118591,0.00000
20100325,-0.002600,-0.003916703,0.0018089253,0.0057745104,0.00000
20100326,0.000600,-0.000997588,0.0005275267,0.0011621977,0.00000
20100329,0.005900,-0.002785193,-0.003189257,-0.00167019,0.00000
20100330,0.000400,0.0036502592,0.0011101129,0.0047930638,0.00000
20100331,-0.003600,-0.004360063,-0.002933955,-0.006361808,0.00000
20100401,0.007500,0.0006455881,-0.003322177,-0.001751506,0.00000
20100405,0.009500,0.0106004018,0.0021160597,-0.002650244,0.00000
20100406,0.001900,0.0028822276,-0.005142143,-0.00694624,0.00000
20100407,-0.004800,0.0029352965,0.0024897522,-0.001076389,0.00000
20100408,0.003100,-0.002881048,0.0005119197,-0.007279424,0.00000
20100409,0.006600,-0.001474335,0.0017364236,0.0030993015,0.00000
20100412,0.002300,0.002554973,0.0001314818,-0.002776839,0.00000
20100413,0.000700,0.0010062331,0.0028597856,0.0078142285,0.00000
20100414,0.012400,0.0149975353,-0.000431461,-0.006224651,0.00000
20100415,0.001100,0.0024965095,-0.002341358,0.0024988971,0.00000
20100416,-0.015300,0.0006034358,0.0085208617,0.0068686595,0.00000
20100419,0.002800,-0.006441607,0.0041254215,-0.003465018,0.00000
20100420,0.008800,0.0063220306,-0.003668235,-0.007187089,0.00000
20100421,-0.000600,0.0057252009,0.0022109898,-0.004028831,0.00000
20100422,0.003700,0.0094279465,-0.001557723,-0.005359852,0.00000
20100423,0.007000,0.0025712115,-0.001587592,-0.001899922,0.00000
20100426,-0.004300,-0.000420646,0.0087217117,0.0075431338,0.00000
20100427,-0.023400,0.0012102711,-0.000353609,0.0061036538,0.00000
20100428,0.005600,-0.004468397,-0.001423593,-0.006182307,0.00000
20100429,0.013400,0.0059782618,-0.001144536,-0.006509528,0.00000
20100430,-0.017200,-0.012209784,-0.003958496,-0.005468053,0.00000
20100503,0.013600,0.0073770425,0.0013613291,0.001833856,0.00000
20100504,-0.025000,-0.004420748,-0.003512433,0.0056559136,0.00000
20100505,-0.007500,-0.006692057,0.0012598661,0.0028416584,0.00000
20100506,-0.032700,0.0013124197,0.0025327287,0.0073855377,0.00000
20100507,-0.017500,-0.013579627,0.0045972318,0.0044217017,0.00000
20100510,0.044700,0.0084555723,0.0002831187,-0.004525197,0.00000
20100511,-0.001700,0.0108502646,-0.00028431,0.0003808039,0.00000
20100512,0.016300,0.0126074439,0.0039592836,0.001495528,0.00000
20100513,-0.011200,0.0039834131,-0.002148605,-0.002934019,0.00000
20100514,-0.019100,-0.002225369,0.0013439797,0.003633043,0.00000
20100517,0.001100,0.0012078685,0.0060328564,0.0010330186,0.00000
20100518,-0.014100,-0.001108434,-0.00109312,0.0044456141,0.00000
20100519,-0.006300,-0.006153542,0.0007911792,-0.000336533,0.00000
20100520,-0.039900,-0.010094718,0.0020419011,0.0123679868,0.00000
20100521,0.014300,-0.005042532,-0.003465935,-0.006565149,0.00000
20100524,-0.011900,0.0045191033,-0.000912333,0.0160417653,0.00000
20100525,-0.000300,-0.00403485,-0.001883907,-0.00654462,0.00000
20100526,-0.003500,0.0072123036,-0.004596252,-0.003818948,0.00000
20100527,0.034400,0.00719643,0.0012887529,-0.006383012,0.00000
20100528,-0.011800,0.0019914639,-0.000569104,0.0024404123,0.00000
20100601,-0.018900,-0.011896637,0.0017546763,0.0136350493,0.00000
20100602,0.026300,0.0006189106,-0.004325671,-0.00836682,0.00000
20100603,0.005400,0.007869449,0.0002437131,0.0073335893,0.00000
20100604,-0.036200,-0.011394566,-0.004026286,0.0044973998,0.00000
20100607,-0.015200,-0.011447199,0.0005905252,0.0032103811,0.00000
20100608,0.009100,-0.015164969,0.0016816446,-0.004761973,0.00000
20100609,-0.004600,0.0048269896,0.0033682694,0.0081351069,0.00000
20100610,0.029500,0.0025547295,-0.001351921,-0.002233187,0.00000
20100611,0.006100,0.0105839654,-0.004675078,0.0033084111,0.00000
20100614,-0.000600,0.0056313038,0.0027357186,0.0074497648,0.00000
20100615,0.023600,0.0027264184,0.0002779707,-0.003459275,0.00000
20100616,-0.001100,-0.00295044,-0.004441073,0.0008415928,0.00000
20100617,0.000800,-0.003956072,0.0004401174,0.0044148073,0.00000
20100618,0.001300,0.0006914852,-0.003357723,-0.003309593,0.00000
20100621,-0.004700,-0.006916726,0.0008070089,0.0017560739,0.00000
20100622,-0.016300,-0.002887,-0.001407381,0.0027753685,0.00000
20100623,-0.002900,0.0018988612,0.0032064372,-0.003178142,0.00000
20100624,-0.016500,-0.000963363,-0.002286687,-0.001707045,0.00000
20100625,0.004800,0.0159242311,-0.007792845,-0.01729104,0.00000
20100628,-0.002300,-0.000048942,0.0042448492,0.011237636,0.00000
20100629,-0.032300,-0.009282945,0.0024247965,0.0052109603,0.00000
20100630,-0.009800,-0.001306526,-0.000937431,0.0036392827,0.00000
20100701,-0.004000,-0.004060355,0.0034000268,0.0082582439,0.00000
20100702,-0.004900,-0.006604966,0.0007745769,0.004429624,0.00000
20100706,0.003400,-0.01782804,-0.00113203,-0.00189651,0.00000
20100707,0.031700,0.0054128211,0.0011647768,-0.010600248,0.00000
20100708,0.010000,0.0054593454,0.0016792331,-0.000233313,0.00000
20100709,0.008100,0.0054418267,-0.000840941,-0.009341283,0.00000
20100712,-0.001100,-0.010052602,0.0009745826,0.0030203366,0.00000
20100713,0.017700,0.0183917584,0.0078712908,-0.013284666,0.00000
20100714,-0.000400,-0.001940223,0.0005998967,0.0103619122,0.00000
20100715,0.000200,-0.006852087,0.0010966497,-0.00005178,0.00000
20100716,-0.029400,-0.010612412,0.0026473426,0.0125243363,0.00000
20100719,0.005400,-0.003133072,0.0084663582,0.0065214903,0.00000
20100720,0.012300,0.0058900217,-0.003091027,-0.00168421,0.00000
20100721,-0.013000,-0.004051365,-0.001883978,0.0062847935,0.00000
20100722,0.023700,0.0140064286,-0.000246694,-0.008102197,0.00000
20100723,0.010500,0.0115323242,-0.000041985,-0.003858144,0.00000
20100726,0.012300,0.0073507459,-0.003683937,-0.007012098,0.00000
20100727,-0.002300,-0.001277793,-0.001969664,-0.005265139,0.00000
20100728,-0.008300,-0.013343789,0.0003230624,0.0030422617,0.00000
20100729,-0.003600,0.0047340328,0.0010533653,-0.001919832,0.00000
20100730,0.000600,-0.000569986,-0.000781034,-0.000260956,0.00000
20100802,0.020900,-0.003129833,-0.00002576,-0.006933014,0.00000
20100803,-0.005500,-0.002939774,-0.007863893,0.004412404,0.00000
20100804,0.007400,0.0058760309,-0.001872096,0.0004164585,0.00000
20100805,-0.002200,-0.007912406,0.0017627975,0.0013339942,0.00000
20100806,-0.003600,0.0003547353,-0.000871441,0.0031647697,0.00000
20100809,0.006200,0.0049627085,-0.003955469,-0.000610609,0.00000
20100810,-0.007800,-0.012641693,-0.001111963,0.0042204606,0.00000
20100811,-0.029100,-0.011698657,0.0039349951,0.0110431398,0.00000
20100812,-0.005000,-0.001010575,-0.003539221,0.0001945621,0.00000
20100813,-0.004600,-0.007028679,-0.001218102,-0.001056382,0.00000
20100816,0.001000,0.0059484178,-0.000600465,0.0009357932,0.00000
20100817,0.013100,0.0034617631,-0.001701204,0.0033680804,0.00000
20100818,0.002100,0.0028392767,0.0036495105,0.0022216902,0.00000
20100819,-0.017400,-0.009691466,-0.000985052,0.0076978739,0.00000
20100820,-0.002800,0.0033286391,-0.000983098,0.0003835234,0.00000
20100823,-0.005000,-0.010293931,-0.003964959,0.0050741106,0.00000
20100824,-0.014800,0.0009334645,0.0031333912,0.0010875927,0.00000
20100825,0.004500,0.0104077008,0.0004424823,0.0018141227,0.00000
20100826,-0.007600,-0.002750177,-0.001520469,0.0052046413,0.00000
20100827,0.018200,0.0079633099,-0.002432586,-0.005024595,0.00000
20100830,-0.015400,-0.007294189,0.0007321919,0.0073614119,0.00000
20100831,0.000100,-0.001540931,-0.001809569,-0.00705233,0.00000
20100901,0.030500,0.0100101168,-0.002311682,-0.009971754,0.00000
20100902,0.009700,0.0050244231,-0.001323017,0.0000235725,0.00000
20100903,0.013500,0.006955761,-0.001711481,-0.009123086,0.00000
20100907,-0.012300,-0.00952893,-0.000901932,0.0133089351,0.00000
20100908,0.006500,0.0005566335,-0.003662839,-0.007349294,0.00000
20100909,0.004400,-0.003499463,0.0001564368,-0.008165437,0.00000
20100910,0.004500,0.0002168404,-0.001449555,0.0003276677,0.00000
20100913,0.013000,0.0161452147,0.0028277982,-0.005679941,0.00000
20100914,-0.000600,-0.002307633,0.0013933378,0.0130538641,0.00000
20100915,0.003600,0.0018828876,0.0003816302,0.0017206569,0.00000
20100916,-0.000700,-0.0049037,0.0008660111,0.0077290132,0.00000
20100917,0.001500,0.0045675913,0.001859389,0.007587396,0.00000
20100920,0.016000,0.0089075605,-0.001647033,-0.004376383,0.00000
20100921,-0.003100,-0.005123671,-0.000936786,0.0043182468,0.00000
20100922,-0.005200,-0.00744473,-0.001213935,0.01178528,0.00000
20100923,-0.007800,-0.002846172,-0.000023122,0.0099419102,0.00000
20100924,0.021900,0.011562418,-0.000490411,-0.007382815,0.00000
20100927,-0.004600,0.0000774017,-0.001014986,0.0065425537,0.00000
20100928,0.005700,0.0050605161,0.0023133496,0.0024594376,0.00000
20100929,-0.001700,0.0061877258,0.00066855,0.001409939,0.00000
20100930,-0.002600,-0.000927141,0.0013917259,-0.004606283,0.00000
20101001,0.004300,0.0005651019,-0.001064841,-0.003887396,0.00000
20101004,-0.008800,-0.007882412,0.0015829712,0.001684479,0.00000
20101005,0.021100,0.0077881347,-0.000868695,-0.004372973,0.00000
20101006,-0.001100,-0.005611229,0.0004411926,-0.005379288,0.00000
20101007,-0.001600,0.0006414366,0.0021112581,0.0037743644,0.00000
20101008,0.007400,0.0064165924,0.0010064768,0.0000471382,0.00000
20101011,0.000400,-0.000407751,0.0008601949,0.0032613965,0.00000
20101012,0.003900,0.0016531792,-0.002842623,-0.003611314,0.00000
20101013,0.007800,0.0051041215,-0.001942541,0.0034359618,0.00000
20101014,-0.003800,0.0013907817,0.0017414554,0.0148117476,0.00000
20101015,0.001800,-0.000753213,-0.00121448,0.0195177636,0.00000
20101018,0.006900,0.001296676,-0.000039538,-0.015283206,0.00000
20101019,-0.016700,-0.008368893,0.0025810856,-0.001132074,0.00000
20101020,0.010600,-0.000761139,0.0022509363,-0.000854836,0.00000
20101021,0.001100,-0.002357426,0.0029259673,0.0054976438,0.00000
20101022,0.002900,0.0077408048,-0.000892892,0.0023790464,0.00000
20101025,0.003100,0.0042397825,0.000857451,0.011298569,0.00000
20101026,0.000200,-0.002097826,-0.003912234,-0.000153046,0.00000
20101027,-0.002400,-0.00222998,-0.002971881,-0.001781886,0.00000
20101028,0.000800,-0.005899863,-0.003465989,0.0011735925,0.00000
20101029,0.000700,0.0012450559,0.0022778263,-0.000567237,0.00000
20101101,-0.000100,-0.005059489,0.0016060592,0.0051968133,0.00000
20101102,0.009000,0.0123459533,0.0016790754,0.0040149648,0.00000
20101103,0.003800,-0.00059479,0.0015362149,-0.005681037,0.00000
20101104,0.019400,0.0040843987,0.004101433,-0.016097016,0.00000
20101105,0.004100,0.000764181,0.0003426805,-0.014113886,0.00000
20101108,-0.001200,0.0012958531,-0.003630686,0.0065273393,0.00000
20101109,-0.007800,-0.005478165,0.0032363317,0.0082604271,0.00000
20101110,0.005300,0.0059472458,-0.001308149,-0.007872187,0.00000
20101111,-0.003500,-0.003542561,-0.003577925,-0.001094201,0.00000
20101112,-0.012900,-0.004421838,0.0039362937,0.003551311,0.00000
20101115,-0.000900,0.0018018703,0.0039984351,-0.005711588,0.00000
20101116,-0.015700,-0.002258828,0.0019671324,0.0020192193,0.00000
20101117,0.000700,0.0020661908,0.0019843791,0.0085189453,0.00000
20101118,0.015800,0.0015189224,-0.003115094,0.0036136698,0.00000
20101119,0.003100,0.0013369001,-0.000202397,0.003537978,0.00000
20101122,-0.000200,0.0055669998,-0.00238804,0.0169447907,0.00000
20101123,-0.013800,0.0032459729,0.0014871882,0.0041012223,0.00000
20101124,0.016000,0.0073108101,-0.002087501,0.0017465844,0.00000
20101126,-0.006700,0.0025172966,-0.000974902,0.006764748,0.00000
20101129,-0.001300,-0.000974833,-0.001461594,-0.00925866,0.00000
20101130,-0.006000,-0.003309479,-0.000345208,0.0033156566,0.00000
20101201,0.021200,-0.000191969,0.0015178989,-0.000984372,0.00000
20101202,0.012300,0.0019645935,0.0018911641,-0.013388153,0.00000
20101203,0.003500,0.0045793837,-0.002808703,-0.001158326,0.00000
20101206,-0.000300,0.006087704,-0.002225703,-0.000818392,0.00000
20101207,0.001000,0.0027705094,0.0009722837,0.0040370699,0.00000
20101208,0.003200,0.0036616926,0.0026393929,-0.014964044,0.00000
20101209,0.004200,-0.000507055,-0.002408524,-0.012913508,0.00000
20101210,0.006700,0.0053651748,-0.00004379,-0.003133956,0.00000
20101213,-0.000800,-0.006449465,-0.00256992,0.0010835085,0.00000
20101214,0.000900,-0.001028673,0.0035247173,0.0024113718,0.00000
20101215,-0.004900,0.0008700174,0.0014207032,0.0020683437,0.00000
20101216,0.007000,0.003610792,0.0003647538,0.0012116306,0.00000
20101217,0.001500,0.001886402,-0.000990003,-0.001748356,0.00000
20101220,0.002300,0.0000398694,-0.003325899,-0.00661489,0.00000
20101221,0.006800,0.0033255156,-0.002114547,-0.011476475,0.00000
20101222,0.002900,-0.002765989,-0.000785003,-0.016649139,0.00000
20101223,-0.001600,-0.002021463,-0.001017326,0.0062721226,0.00000
20101227,0.000800,0.0021888517,0.0014919128,-0.007973906,0.00000
20101228,0.000000,-0.005689083,-0.001292262,-0.002595519,0.00000
20101229,0.001700,-0.000713703,-0.001092346,0.0025638701,0.00000
20101230,-0.001100,0.0000643237,0.0018291999,0.0019619513,0.00000
20101231,-0.001000,-0.006914166,0.0009408687,-0.00365891,0.00000
20110103,0.011800,0.0076122757,-0.003661755,-0.011366025,0.00000
20110104,-0.002600,-0.01255255,-0.00430802,-0.004131948,0.00000
20110105,0.006000,0.0052531423,-0.002746817,-0.006819863,0.00000
20110106,-0.001500,0.0001118049,0.0006247417,0.0029068698,0.00000
20110107,-0.002100,-0.004007377,-0.002500859,0.0054444991,0.00000
20110110,-0.000200,0.0057375781,-0.002785176,0.0043608027,0.00000
20110111,0.003900,0.0002267617,-0.000692109,-0.002771055,0.00000
20110112,0.008700,0.00206437,0.0009453221,-0.005538558,0.00000
20110113,-0.001800,0.000358194,0.0029476324,0.0036529454,0.00000
20110114,0.006900,0.0035430504,0.0005623895,-0.009560289,0.00000
20110118,0.001800,-0.001196805,0.0015423999,0.0031980306,0.00000
20110119,-0.012400,-0.010904093,0.0041747792,0.0147377795,0.00000
20110120,-0.002900,-0.006791486,0.005920022,-0.007216925,0.00000
20110121,0.001100,-0.011206461,0.0027653709,-0.006856149,0.00000
20110124,0.006600,0.0025153278,0.0018152209,0.0029990289,0.00000
20110125,0.000200,-0.001446119,0.0037643713,0.0004698664,0.00000
20110126,0.006000,0.0120730436,-0.002791997,0.0059632226,0.00000
20110127,0.002700,0.0003143626,-0.000561776,0.0005129001,0.00000
20110128,-0.018800,-0.00744062,-0.003413626,-0.000163882,0.00000
20110131,0.007200,0.0012030925,-0.003826303,-0.000953354,0.00000
20110201,0.017500,0.0065708098,-0.003223103,-0.002456046,0.00000
20110202,-0.002600,-0.001663521,-0.000654187,0.0057356672,0.00000
20110203,0.002600,-0.000512364,0.003307194,-0.000247362,0.00000
20110204,0.002900,0.0028959289,0.0019488534,0.0067256351,0.00000
20110207,0.007000,0.0048109749,0.0007162926,-0.006117139,0.00000
20110208,0.004800,0.0024896157,-0.000585123,-0.001596168,0.00000
20110209,-0.003100,-0.001628662,0.0020217569,0.0058134772,0.00000
20110210,0.001200,0.0059000146,-0.00021422,0.0048116973,0.00000
20110211,0.006700,0.0052542798,0.0005261152,-0.008066204,0.00000
20110214,0.003000,0.0026629806,-0.005108142,0.0049336034,0.00000
20110215,-0.003800,-0.002851232,-0.000794651,-0.004711691,0.00000
20110216,0.006800,0.003880624,0.0015251777,-0.000577697,0.00000
20110217,0.003700,0.0009561247,0.0039855689,0.0035681086,0.00000
20110218,0.001200,0.0001071307,0.0069487974,-0.000017695,0.00000
20110222,-0.021900,-0.00590756,0.0026131164,0.0100934934,0.00000
20110223,-0.007800,-0.011017227,-0.00673775,-0.006457069,0.00000
20110224,0.000400,0.0071627724,-0.000682512,0.0054230039,0.00000
20110225,0.012200,0.0102588688,-0.002228495,-0.003682255,0.00000
20110228,0.004200,-0.003659494,-0.000876196,-0.000643427,0.00000
20110301,-0.015800,-0.003715697,0.0014613883,0.0051362526,0.00000
20110302,0.002800,0.003666592,-0.001665909,0.0091523694,0.00000
20110303,0.017600,0.005200678,0.0010973225,0.0027008224,0.00000
20110304,-0.006700,0.0003509953,-0.003414389,0.0051592727,0.00000
20110307,-0.009600,-0.008583484,-0.000734359,-0.00452139,0.00000
20110308,0.009700,0.0060594612,0.0033885483,-0.013203549,0.00000
20110309,-0.001800,-0.002435722,0.0036080901,-0.004709025,0.00000
20110310,-0.019300,-0.007361501,0.0001671715,0.0002083175,0.00000
20110311,0.006900,-0.00396334,-0.003292184,0.0003496617,0.00000
20110314,-0.005900,-0.000571958,-0.001310885,0.0050864312,0.00000
20110315,-0.010500,-0.000039193,-0.000785331,0.0008020919,0.00000
20110316,-0.017700,0.0060346452,0.0008025339,-0.001680998,0.00000
20110317,0.011200,-0.007427925,-0.001709771,-0.002603766,0.00000
20110318,0.004900,0.0063667351,-0.000020601,-0.007585305,0.00000
20110321,0.015800,0.0083616271,-0.000010693,0.0098996709,0.00000
20110322,-0.003400,-0.000905408,-0.00301734,0.0003243631,0.00000
20110323,0.003100,-0.000572034,0.001257569,0.0085625701,0.00000
20110324,0.009600,-0.001914756,-0.000149162,0.0079198126,0.00000
20110325,0.004100,0.0045629574,-0.000397719,0.0044108507,0.00000
20110328,-0.003500,0.0000928303,-0.002140187,-0.000966409,0.00000
20110329,0.007300,0.0023812278,0.0002662381,0.0032938688,0.00000
20110330,0.007900,0.0038684476,0.0006040657,0.0007729675,0.00000
20110331,-0.001100,0.0061100543,-0.000762826,0.0013749719,0.00000
20110401,0.005200,0.0002501057,0.0013707601,-0.003929863,0.00000
20110404,0.000900,0.0015509289,0.00031936,-0.000194027,0.00000
20110405,0.000800,0.0045291423,-0.000407177,0.0030199981,0.00000
20110406,0.002000,0.0005683503,0.0050306919,-0.010133083,0.00000
20110407,-0.002000,-0.002101429,0.0002951945,0.0042202575,0.00000
20110408,-0.004700,-0.004767595,0.0000116309,0.0047745839,0.00000
20110411,-0.003900,-0.004785579,0.0056453152,-0.000246366,0.00000
20110412,-0.008400,-0.009134526,0.0019158124,-0.006131357,0.00000
20110413,0.001100,-0.002761226,-0.002662304,0.012705601,0.00000
20110414,0.000000,0.0019350527,0.0013703892,0.0057185862,0.00000
20110415,0.004400,0.0031165784,0.0030061859,0.0017215569,0.00000
20110418,-0.011500,-0.003631534,0.000572593,0.0007553096,0.00000
20110419,0.005100,-0.00311935,-0.000359013,0.0054393621,0.00000
20110420,0.014600,0.0055229367,0.0011586661,0.0170047126,0.00000
20110421,0.005600,0.0038316511,0.0014008333,0.0034941512,0.00000
20110425,-0.001500,0.0001312468,0.0001148912,-0.000420897,0.00000
20110426,0.008900,0.0006376305,0.0028833304,-0.000221906,0.00000
20110427,0.006600,-0.00180555,-0.000539877,-0.000991784,0.00000
20110428,0.003200,0.0007364776,0.0041134112,-0.003292306,0.00000
20110429,0.002900,0.0020102337,-0.003658319,0.0055424738,0.00000
20110502,-0.002800,-0.009582649,0.0048570485,-0.002746323,0.00000
20110503,-0.005000,-0.007330163,0.0086758232,-0.008922971,0.00000
20110504,-0.007400,-0.00475972,0.0046616182,0.0032474174,0.00000
20110505,-0.008200,0.0026179077,0.0023691958,0.0038425894,0.00000
20110506,0.004500,-0.000433133,-0.002384079,0.0011003492,0.00000
20110509,0.005500,0.0046088286,-0.007589146,0.0097751718,0.00000
20110510,0.008600,0.0063197728,0.0026090366,-0.001816212,0.00000
20110511,-0.010900,-0.004925428,0.0056245325,-0.001400605,0.00000
20110512,0.005200,0.0052719476,0.0043872413,0.0050196851,0.00000
20110513,-0.008800,-0.006952269,0.0016411571,0.0047090062,0.00000
20110516,-0.007700,-0.007157407,0.0060515239,-0.007519978,0.00000
20110517,-0.001100,-0.003385848,0.0003246897,-0.008454812,0.00000
20110518,0.010200,0.0057452716,-0.008141635,0.0061032256,0.00000
20110519,0.002200,-0.000231875,0.0012025009,0.0012975782,0.00000
20110520,-0.007300,-0.000576427,-0.003420657,0.0023556838,0.00000
20110523,-0.012900,-0.006923769,0.003374067,-0.000208839,0.00000
20110524,-0.001500,-0.003295892,-0.003167513,0.0001901509,0.00000
20110525,0.004500,0.0100224558,-0.009518079,0.0050932963,0.00000
20110526,0.005200,0.0052978086,-0.002361408,0.0031362848,0.00000
20110527,0.004900,0.0020148473,-0.001053382,-0.004574928,0.00000
20110531,0.010400,0.0046546646,-0.001562489,0.0028495515,0.00000
20110601,-0.023300,-0.007345003,0.0025453797,0.0111825402,0.00000
20110602,-0.001000,0.0002895836,0.0006316635,-0.003345404,0.00000
20110603,-0.011000,-0.004954149,0.0004227443,-0.001303561,0.00000
20110606,-0.011800,-0.004938671,0.0051267636,0.0050493974,0.00000
20110607,-0.000500,0.004621182,-0.000261539,0.0052690806,0.00000
20110608,-0.005400,-0.003101484,0.0042751348,0.0011828337,0.00000
20110609,0.007500,0.0003153945,-0.001926533,-0.001356815,0.00000
20110610,-0.013700,-0.00032648,0.0015542011,-0.010151865,0.00000
20110613,0.000100,-0.002754949,0.0059538013,-0.007707509,0.00000
20110614,0.013600,0.0078710481,-0.004916636,0.0098778338,0.00000
20110615,-0.017100,-0.001571196,0.0033536992,0.0013833066,0.00000
20110616,0.001300,-0.00003703,0.0061722883,-0.007992825,0.00000
20110617,0.002500,-0.004856883,0.0055013716,-0.009163278,0.00000
20110620,0.005800,0.0022395673,0.0030042967,0.007827365,0.00000
20110621,0.015200,0.0071735836,-0.00998992,0.0039294538,0.00000
20110622,-0.006200,-0.000799679,-0.00316904,0.0016445234,0.00000
20110623,-0.001400,0.0050926117,-0.00230024,0.0095371893,0.00000
20110624,-0.011100,0.0026010529,0.0010277572,-0.004175146,0.00000
20110627,0.008900,0.0018467425,-0.00107538,0.0002988434,0.00000
20110628,0.013600,0.0038486646,-0.00693742,0.0108869322,0.00000
20110629,0.007700,-0.00347619,-0.002552698,-0.009937978,0.00000
20110630,0.009900,0.0007789121,-0.002477425,0.008546267,0.00000
20110701,0.014500,0.0014202327,0.0012750099,-0.001294392,0.00000
20110705,-0.000700,0.0015500405,-0.00552164,0.0143566867,0.00000
20110706,0.001700,0.0029801296,0.0028329239,0.005965368,0.00000
20110707,0.011000,0.0036141038,-0.003006935,-0.002230669,0.00000
20110708,-0.006700,0.0017429545,-0.000152192,0.0077284236,0.00000
20110711,-0.019000,-0.00147781,0.0031468201,0.0074624729,0.00000
20110712,-0.004500,-0.000589725,0.0006855,-0.005886614,0.00000
20110713,0.004500,0.0048583214,-0.003364742,0.0005140686,0.00000
20110714,-0.008100,-0.007470409,0.004139519,-0.00033586,0.00000
20110715,0.005700,-0.000289809,-0.008631174,0.0087022653,0.00000
20110718,-0.009400,-0.004947489,-0.002342209,0.008370755,0.00000
20110719,0.017100,0.0073310192,-0.001176508,0.0070223442,0.00000
20110720,-0.001000,-0.00104647,-0.00061241,-0.011290707,0.00000
20110721,0.012900,-0.001378263,0.0047145123,-0.013792498,0.00000
20110722,0.001000,0.0012738098,-0.004902097,0.0101797824,0.00000
20110725,-0.006800,-0.006162131,-0.001510195,0.0026237719,0.00000
20110726,-0.004700,-0.00428528,-0.000818954,-0.00013605,0.00000
20110727,-0.021500,-0.009398956,0.0041074367,-0.003901805,0.00000
20110728,-0.003100,0.0024817622,0.0026085929,-0.001865415,0.00000
20110729,-0.005700,0.0035104679,0.0013504613,-0.007324883,0.00000
20110801,-0.004000,-0.00279176,-0.002183969,0.0004826928,0.00000
20110802,-0.026800,-0.00599195,0.0028320327,0.0036398146,0.00000
20110803,0.005900,0.0051607396,0.0005673243,0.0017809077,0.00000
20110804,-0.050300,-0.004937265,0.0123997704,0.0061270332,0.00000
20110805,-0.003600,-0.013906462,0.0047740125,0.0121023706,0.00000
20110808,-0.069600,-0.021571543,0.0075622668,0.0312317387,0.00000
20110809,0.049700,0.0151371279,-0.006812783,-0.016068259,0.00000
20110810,-0.043000,-0.009838668,-0.004770468,0.03407731,0.00000
20110811,0.047200,0.0027525958,-0.006399453,-0.011186023,0.00000
20110812,0.005400,-0.002376041,-0.004249918,0.0189657277,0.00000
20110815,0.022500,0.0102014411,-0.003752301,-0.019674249,0.00000
20110816,-0.010700,-0.009498619,0.0069921274,0.0051814166,0.00000
20110817,-0.000100,-0.003090726,0.0031516902,-0.008482345,0.00000
20110818,-0.046400,-0.012723412,0.0125744378,0.0003650054,0.00000
20110819,-0.015400,-0.000439861,0.0037326766,0.0061680843,0.00000
20110822,-0.000300,-0.003530075,0.003867474,0.0170168656,0.00000
20110823,0.036000,0.0148438538,-0.01164598,0.0094434516,0.00000
20110824,0.013500,-0.001340963,0.0050981942,-0.01811258,0.00000
20110825,-0.016700,-0.008053672,0.0008405254,-0.012957274,0.00000
20110826,0.017400,0.0114662714,-0.007983235,0.0100951968,0.00000
20110829,0.031100,0.0199521059,-0.000124694,-0.01780708,0.00000
20110830,0.003200,0.0003979377,-0.003710391,0.0082834055,0.00000
20110831,0.004200,-0.0041148,0.0020488202,-0.005570885,0.00000
20110901,-0.013300,-0.011203465,-0.000801812,0.0141482847,0.00000
20110902,-0.026400,-0.012295334,0.0004084522,0.0141179799,0.00000
20110906,-0.007200,0.0004428551,-0.001583419,0.0111720788,0.00000
20110907,0.030600,0.013988003,-0.003102724,-0.018356255,0.00000
20110908,-0.011800,-0.009394458,-0.000097264,0.0145481494,0.00000
20110909,-0.026500,-0.002767528,0.0011336008,0.0044957982,0.00000
20110912,0.006800,0.0011469931,0.0013662408,-0.00277434,0.00000
20110913,0.011200,0.0071067115,-0.001315825,0.0001601637,0.00000
20110914,0.014500,0.0052325011,0.0003006718,0.0034862687,0.00000
20110915,0.016400,-0.001040522,0.0021906504,-0.009998604,0.00000
20110916,0.004700,-0.005532537,0.0009012217,0.0051845438,0.00000
20110919,-0.009900,-0.006617471,-0.000654627,0.021503472,0.00000
20110920,-0.004500,-0.015937562,0.0044283512,0.0001765346,0.00000
20110921,-0.029200,-0.008388683,-0.002046303,0.0204586889,0.00000
20110922,-0.032900,-0.001770522,0.0146821926,0.0009715185,0.00000
20110923,0.007400,0.0085515729,0.0046262237,-0.007003457,0.00000
20110926,0.022800,-0.000858222,0.0038694024,-0.017375739,0.00000
20110927,0.012200,0.0134612431,-0.004574282,0.0057107786,0.00000
20110928,-0.022900,-0.018957618,0.006402688,0.0091427276,0.00000
20110929,0.007700,0.0088393002,0.0096191147,-0.029318974,0.00000
20110930,-0.025000,-0.003374122,0.0056237404,0.0087737865,0.00000
20111003,-0.031800,-0.021107513,0.0082353719,0.0246555443,0.00000
20111004,0.026800,0.0359533144,-0.000223694,-0.016916579,0.00000
20111005,0.019200,-0.00310382,-0.007487011,-0.003346433,0.00000
20111006,0.019400,0.003483285,0.0008901498,-0.014896245,0.00000
20111007,-0.009700,-0.014435326,0.0027549108,0.0300558052,0.00000
20111010,0.034400,0.0066298677,-0.007434275,-0.014836239,0.00000
20111011,0.001500,0.0059909125,-0.005624027,-0.004872511,0.00000
20111012,0.010700,0.0067703979,0.0015531162,-0.017131584,0.00000
20111013,-0.002100,0.0034432088,-0.006892662,0.0199118881,0.00000
20111014,0.017200,0.0015036294,-0.007284944,0.0025100124,0.00000
20111017,-0.020600,-0.011617613,0.0000962982,0.009582693,0.00000
20111018,0.021100,0.006222702,0.0013299788,-0.033431425,0.00000
20111019,-0.013800,-0.006606208,0.0118001304,0.0032787513,0.00000
20111020,0.004200,-0.00402122,0.0022637956,-0.01205712,0.00000
20111021,0.019200,0.0024120586,0.0026855096,-0.001032034,0.00000
20111024,0.015800,0.0214779625,-0.008404874,-0.008485654,0.00000
20111025,-0.021300,-0.005609441,0.0033105823,0.0129632487,0.00000
20111026,0.011200,0.0134209844,-0.000256144,-0.011799793,0.00000
20111027,0.035400,0.0177949577,-0.000481886,-0.028118394,0.00000
20111028,-0.000200,-0.008610422,-0.004921448,0.0009547543,0.00000
20111031,-0.025000,-0.003790342,0.0031067196,0.0202073308,0.00000
20111101,-0.028600,-0.008717801,0.0014892835,0.0224341228,0.00000
20111102,0.017300,0.00990663,-0.003528121,-0.01690787,0.00000
20111103,0.019700,0.0057577784,0.001234861,-0.004412723,0.00000
20111104,-0.005300,0.0012257675,-0.001733367,0.008378417,0.00000
20111107,0.004800,-0.00490305,0.0070206428,-0.001680416,0.00000
20111108,0.012200,0.0012380732,-0.002531279,-0.004841555,0.00000
20111109,-0.037800,-0.008218439,0.0040359445,0.0228068318,0.00000
20111110,0.008300,-0.002139552,0.0073750045,-0.00321106,0.00000
20111111,0.019800,0.0034064213,-0.000705055,-0.002664099,0.00000
20111114,-0.009200,-0.006112685,-0.001455462,0.0111458019,0.00000
20111115,0.005600,0.0087938228,-0.003720528,0.0025313402,0.00000
20111116,-0.016400,-0.004053267,-0.002287184,0.0056502221,0.00000
20111117,-0.016500,0.0030837349,0.0086751119,0.006704733,0.00000
20111118,-0.000800,-0.000719049,0.0063586998,-0.00630838,0.00000
20111121,-0.018600,-0.005442245,0.001015422,0.0052583607,0.00000
20111122,-0.004200,-0.003758781,-0.003633231,0.0079386594,0.00000
20111123,-0.022700,-0.006605351,0.006664823,0.0134023677,0.00000
20111125,-0.003400,-0.009900393,0.0044663445,-0.005351764,0.00000
20111128,0.031100,0.013870821,-0.011470956,-0.0041221,0.00000
20111129,0.001800,-0.000757771,0.0032528955,0.002856932,0.00000
20111130,0.044400,0.0116656806,-0.002640494,-0.029051953,0.00000
20111201,-0.002200,-0.005343713,-0.003608017,0.0056173826,0.00000
20111202,0.000500,0.0067975701,0.0037834581,-0.015047413,0.00000
20111205,0.011000,0.0043765636,-0.003178383,-0.013802578,0.00000
20111206,0.000500,0.0005972223,0.0044729385,0.0019833964,0.00000
20111207,0.001600,-0.001926768,0.0060941151,-0.006546168,0.00000
20111208,-0.022300,-0.008039444,0.0001797306,0.0201956903,0.00000
20111209,0.018300,0.0141933682,-0.002408976,-0.007544423,0.00000
20111212,-0.014800,-0.001130463,0.0038879605,0.0099134904,0.00000
20111213,-0.010500,-0.006845366,0.0046241798,0.0072528918,0.00000
20111214,-0.012100,-0.004000644,0.0119294778,-0.005699495,0.00000
20111215,0.004000,0.0068218793,0.0023813758,0.0008969835,0.00000
20111216,0.004600,0.0040652086,-0.007048957,0.002253209,0.00000
20111219,-0.013000,-0.003334008,0.0018376788,0.016033256,0.00000
20111220,0.031000,0.0098678668,-0.008307924,-0.011248196,0.00000
20111221,0.002000,0.0030137046,0.0042970985,-0.011588646,0.00000
20111222,0.008300,-0.000941064,-0.002832134,-0.015465152,0.00000
20111223,0.008400,-0.004144395,0.0011386807,0.005207726,0.00000
20111227,0.000400,0.0025195394,-0.000583292,0.0097035803,0.00000
20111228,-0.013400,-0.007651089,0.004663592,0.0047383209,0.00000
20111229,0.011000,0.0027671978,0.0005626585,-0.007926811,0.00000
20111230,-0.004100,-0.001206585,-0.002569027,-0.004000504,0.00000
20120103,0.015000,0.0023525253,-0.005216834,-0.021075345,0.00000
20120104,0.000000,-0.005807054,-0.000969558,-0.000829993,0.00000
20120105,0.003900,0.001623536,-0.002741292,-0.010070904,0.00000
20120106,-0.001900,-0.00121046,-0.001486226,0.000398507,0.00000
20120109,0.002800,-0.000081024,0.001649036,-0.008033754,0.00000
20120110,0.009700,0.0023301885,-0.005003294,-0.011620744,0.00000
20120111,0.001300,0.0026681294,0.0009945495,-0.012738652,0.00000
20120112,0.003100,0.0003008452,0.0001840163,-0.002638241,0.00000
20120113,-0.005200,-0.002527943,0.0031682972,0.0084990954,0.00000
20120117,0.003600,-0.002241366,-0.003464368,0.0157150642,0.00000
20120118,0.012100,0.0067063679,-0.006737504,-0.010776358,0.00000
20120119,0.005100,-0.000860257,-0.003015925,-0.003618442,0.00000
20120120,0.000300,0.0042527378,0.0084191008,-0.007834514,0.00000
20120123,0.000200,-0.002432222,-0.005310413,-0.003172681,0.00000
20120124,0.000000,0.0069944671,-0.001863255,0.0000739923,0.00000
20120125,0.009100,-0.000222451,-0.013213459,0.0028260468,0.00000
20120126,-0.006000,0.0010891694,0.002438819,0.0079592329,0.00000
20120127,0.000100,0.0133505078,-0.004474596,-0.008091042,0.00000
20120130,-0.003100,-0.006169432,0.0006849355,0.0047243743,0.00000
20120131,-0.000500,-0.002683457,-0.003132589,0.0001183649,0.00000
20120201,0.011000,0.0127200433,0.0007544575,-0.009403243,0.00000
20120202,0.001700,0.0038004121,-0.00352108,-0.006419043,0.00000
20120203,0.015800,0.0072633508,-0.003625862,-0.013833781,0.00000
20120206,-0.000500,-0.002945001,-0.006550333,-0.000635127,0.00000
20120207,0.001600,-0.002552197,0.0007579296,0.0057258357,0.00000
20120208,0.002500,0.0003982837,-0.001293274,-0.005352839,0.00000
20120209,0.001500,-0.004318533,-0.002191377,0.002520166,0.00000
20120210,-0.007500,-0.006786411,0.0041330287,0.004817716,0.00000
20120213,0.007500,0.0054087365,-0.001377235,-0.00289513,0.00000
20120214,-0.000900,-0.002569527,-0.004043093,0.0096050444,0.00000
20120215,-0.005000,-0.003433888,0.0013792018,-0.000471696,0.00000
20120216,0.012700,0.007952644,-0.00313129,-0.006130602,0.00000
20120217,0.001600,-0.001595305,0.0032596511,-0.004280421,0.00000
20120221,-0.000500,-0.002169757,-0.004729243,0.002823697,0.00000
20120222,-0.003900,-0.005352983,-0.001791829,0.0113297952,0.00000
20120223,0.005600,0.0078917837,0.0018287983,-0.00676166,0.00000
20120224,0.001500,-0.003816639,-0.003006031,0.0059207087,0.00000
20120227,0.001400,-0.001350449,0.0014033011,-0.004997138,0.00000
20120228,0.002800,-0.003560834,-0.000016702,-0.000296747,0.00000
20120229,-0.005500,-0.007831811,0.0023656026,-0.001553641,0.00000
20120301,0.006400,-0.00058344,-0.001183258,-0.003917944,0.00000
20120302,-0.004600,-0.010770013,0.0024305198,0.0011104883,0.00000
20120305,-0.004000,0.0051738125,0.0115029779,0.0068454144,0.00000
20120306,-0.016200,-0.002054601,0.0021899117,0.012217224,0.00000
20120307,0.008000,0.0028757807,-0.000302626,-0.008358325,0.00000
20120308,0.010700,0.001173738,-0.00420944,-0.002902706,0.00000
20120309,0.004900,0.0099574353,-0.000151712,-0.00325072,0.00000
20120312,-0.000700,-0.00202395,0.0015859388,0.0070462913,0.00000
20120313,0.018600,0.0031981099,-0.002684849,-0.02180159,0.00000
20120314,-0.002300,-0.005263512,-0.001099518,0.0012199829,0.00000
20120315,0.006700,0.0016912918,0.0019301958,-0.01917603,0.00000
20120316,0.000600,-0.001351787,-0.002528188,-0.010188104,0.00000
20120319,0.004100,0.0055884572,-0.005579885,-0.000534468,0.00000
20120320,-0.003900,-0.00498037,0.0030899682,-0.002016668,0.00000
20120321,-0.001000,0.0012830555,0.0006933759,0.0038222541,0.00000
20120322,-0.007400,-0.000789535,0.0057178103,0.0132602832,0.00000
20120323,0.003900,0.0054675945,-0.002426531,-0.005811693,0.00000
20120326,0.014500,0.0054815942,-0.000200326,0.0007292411,0.00000
20120327,-0.003000,-0.003525746,-0.000968797,0.0073019494,0.00000
20120328,-0.005200,0.0008233267,0.0058050276,-0.003054649,0.00000
20120329,-0.001700,-0.001192465,0.0018539445,0.0072349653,0.00000
20120330,0.002800,-0.007727725,0.000955796,-0.000472613,0.00000
20120402,0.007800,0.0038518269,-0.006720135,0.0006037263,0.00000
20120403,-0.003400,-0.002656654,-0.002084765,0.0058449279,0.00000
20120404,-0.011100,-0.007696036,0.0050157547,0.0081953871,0.00000
20120405,-0.000300,-0.00125627,-0.001707225,0.0060346765,0.00000
20120409,-0.012100,-0.002540136,0.0025634634,0.0081647231,0.00000
20120410,-0.018500,-0.002768857,0.0025327256,0.0060098068,0.00000
20120411,0.008500,0.0064813529,0.0029873242,-0.007641982,0.00000
20120412,0.014300,-0.001248894,-0.001580434,-0.011111539,0.00000
20120413,-0.012500,-0.002216846,0.0033208129,0.0168843267,0.00000
20120416,-0.000900,0.0014836076,0.0105748259,-0.006569703,0.00000
20120417,0.015500,0.0030632585,-0.00874057,-0.001130553,0.00000
20120418,-0.004200,-0.005609988,-0.002720852,0.0080513231,0.00000
20120419,-0.005700,-0.001399788,0.0062398906,-0.00689458,0.00000
20120420,0.001100,0.0048132556,0.01115431,0.0082877966,0.00000
20120423,-0.009500,-0.006444151,-0.000212897,-0.003360177,0.00000
20120424,0.002900,-0.001480823,0.0042330203,-0.012077335,0.00000
20120425,0.014400,0.0037407348,-0.018577837,0.0056581037,0.00000
20120426,0.007500,-0.001099207,0.0011561937,0.0008374437,0.00000
20120427,0.003500,0.0045103908,0.0024254776,0.0035835179,0.00000
20120430,-0.004800,-0.00563116,0.0012015184,0.0011936134,0.00000
20120501,0.004800,-0.007501551,-0.001496703,-0.006321316,0.00000
20120502,-0.001500,0.0069819335,-0.000611231,0.0139248909,0.00000
20120503,-0.009200,-0.005158084,0.0068745451,0.0057146735,0.00000
20120504,-0.016200,-0.005346261,0.0077181674,0.0024404386,0.00000
20120507,0.000500,0.0012509479,-0.000675065,-0.009053034,0.00000
20120508,-0.004100,0.0019412944,0.0023258076,0.0013543259,0.00000
20120509,-0.006300,0.0012193989,-0.00255804,0.0063365709,0.00000
20120510,0.003000,-0.001609746,0.0016808216,-0.000675638,0.00000
20120511,-0.002900,-0.002417693,-0.002337389,0.0084070886,0.00000
20120514,-0.011400,-0.002028098,0.0047400642,0.0092214582,0.00000
20120515,-0.005200,0.0056789933,0.005484334,0.0102781209,0.00000
20120516,-0.004500,0.0002225563,0.0046912424,0.0123973713,0.00000
20120517,-0.016400,-0.003960618,0.0079992423,0.0029895803,0.00000
20120518,-0.008000,-0.001565886,-0.000401775,0.0034856508,0.00000
20120521,0.017100,0.0034440386,-0.023275926,0.0000989074,0.00000
20120522,0.000100,-0.006239863,0.0046114942,-0.003238604,0.00000
20120523,0.002600,0.0059880786,-0.008215416,-0.00274392,0.00000
20120524,0.001600,-0.000675119,0.0091741448,0.0010888737,0.00000
20120525,-0.001500,0.0017239775,0.001211486,-0.000168226,0.00000
20120529,0.011600,0.002860036,-0.007208554,-0.007998844,0.00000
20120530,-0.014600,-0.002023694,0.0022820081,0.0152439046,0.00000
20120531,-0.002300,0.0005476865,0.0059217517,-0.008656505,0.00000
20120601,-0.026000,-0.004662176,0.0068209609,0.0104859343,0.00000
20120604,-0.000500,0.00122642,0.0007624402,0.0125662509,0.00000
20120605,0.006800,0.0036312297,-0.002626157,-0.01191687,0.00000
20120606,0.023200,0.0049794327,-0.000542036,-0.012537467,0.00000
20120607,-0.000900,-0.007146647,0.0024894125,0.0017072412,0.00000
20120608,0.008500,0.0039262696,0.0008371281,-0.002733957,0.00000
20120611,-0.014100,-0.010149355,0.0064241744,0.0090463588,0.00000
20120612,0.011600,0.0009915074,-0.001937838,-0.00661429,0.00000
20120613,-0.007700,-0.004577752,0.0049700036,-0.00334445,0.00000
20120614,0.010400,0.0023861772,0.0046254793,-0.006270027,0.00000
20120615,0.010600,0.002868242,-0.002715359,-0.006384278,0.00000
20120618,0.002100,-0.000540168,-0.003356581,0.0102559643,0.00000
20120619,0.010900,0.009275602,-0.004437793,-0.011909848,0.00000
20120620,-0.001400,0.0017631923,0.0041248721,-0.005050834,0.00000
20120621,-0.022600,-0.003993241,0.0080320247,0.0031962052,0.00000
20120622,0.007900,0.0075791964,0.0009169011,-0.004931704,0.00000
20120625,-0.016300,-0.002484196,0.0044042639,0.0118624721,0.00000
20120626,0.005200,0.0002135905,0.0018658995,0.0018327094,0.00000
20120627,0.009300,0.0045733873,-0.001841619,-0.012001641,0.00000
20120628,-0.002400,-0.000382658,0.0006079908,-0.003238627,0.00000
20120629,0.025500,0.0058241953,-0.00892753,0.0005269265,0.00000
20120702,0.003300,0.0091939114,-0.001072372,-0.001211633,0.00000
20120703,0.007600,0.0044170892,-0.009860513,-0.003610798,0.00000
20120705,-0.003600,0.0057368824,-0.005065996,0.0131453577,0.00000
20120706,-0.009900,-0.00414491,0.0054938745,0.0006876048,0.00000
20120709,-0.002300,-0.000740549,-0.00100513,0.0060987712,0.00000
20120710,-0.008400,-0.000837181,0.0060424034,0.0054820287,0.00000
20120711,-0.000900,-0.000942256,0.0029603461,-0.009669356,0.00000
20120712,-0.005000,0.0018780484,-0.00122161,0.0068739685,0.00000
20120713,0.016200,-0.000266756,-0.001289503,-0.012796464,0.00000
20120716,-0.003100,-0.00458152,-0.001634622,0.0008519658,0.00000
20120717,0.006700,-0.002991156,-0.00195957,-0.0036249,0.00000
20120718,0.007100,-0.00048022,-0.002158362,0.0139029443,0.00000
20120719,0.002700,-0.007598081,-0.008116079,0.0113604061,0.00000
20120720,-0.010600,-0.003727784,0.0008483521,0.003040385,0.00000
20120723,-0.010100,-0.004166978,0.0034849793,0.0004996085,0.00000
20120724,-0.009900,-0.005074536,0.0031960779,0.0010173383,0.00000
20120725,-0.000100,-0.001205193,0.006604136,0.001413907,0.00000
20120726,0.015400,-0.008730963,-0.001022196,-0.000979284,0.00000
20120727,0.019600,0.0045254152,-0.00600007,-0.011289009,0.00000
20120730,-0.001200,-0.004658536,-0.000094535,-0.000812484,0.00000
20120731,-0.004700,-0.000835328,-0.005384368,-0.000633382,0.00000
20120801,-0.005100,-0.01443542,0.0051996666,0.00158495,0.00000
20120802,-0.006900,0.0065341243,-0.001978634,0.0095172842,0.00000
20120803,0.019900,0.0045018943,-0.00433613,-0.010644663,0.00000
20120806,0.003400,0.0072967246,-0.004366971,-0.00525974,0.00000
20120807,0.006400,0.002944857,-0.00226246,-0.008648615,0.00000
20120808,0.000900,-0.000769643,0.0060927771,-0.000542197,0.00000
20120809,0.001200,0.0016773776,-0.006854499,-0.00505539,0.00000
20120810,0.001700,-0.003634315,0.0010736348,-0.001894827,0.00000
20120813,-0.001400,-0.000476717,0.0001440618,0.0006520049,0.00000
20120814,-0.000300,-0.002899144,0.0005671682,-0.000055552,0.00000
20120815,0.002700,0.0067585106,-0.000385608,-0.001591061,0.00000
20120816,0.007400,0.0045933263,-0.003456066,0.0006922582,0.00000
20120817,0.002700,0.0055886866,-0.003958604,0.0005996773,0.00000
20120820,-0.000600,-0.00169719,-0.003866713,-0.005886569,0.00000
20120821,-0.003100,0.001203334,0.0002065941,-0.007107225,0.00000
20120822,0.000000,-0.004059159,-0.007071027,0.0001437548,0.00000
20120823,-0.007800,-0.000787482,0.0022769801,0.0062224417,0.00000
20120824,0.006100,-0.002762284,0.0027560523,-0.000279119,0.00000
20120827,-0.000600,0.0021546022,-0.003230458,0.0019719934,0.00000
20120828,0.000100,0.0056048537,0.0001823432,0.0007565879,0.00000
20120829,0.001500,0.0039418243,0.0019232512,-0.000816318,0.00000
20120830,-0.008000,-0.003160623,0.0052485833,0.0019135937,0.00000
20120831,0.005200,-0.000791563,-0.003513649,-0.001083607,0.00000
20120904,0.000800,0.0108962526,0.0018255267,0.0029742331,0.00000
20120905,-0.000500,0.0000487467,0.0019662491,-0.004041366,0.00000
20120906,0.020700,0.0017199031,0.0011922084,-0.007874306,0.00000
20120907,0.004500,0.0028495172,-0.007212735,-0.01485937,0.00000
20120910,-0.005700,0.0008090749,0.0073637569,0.0025564674,0.00000
20120911,0.002800,0.0018111984,-0.000207039,-0.011609989,0.00000
20120912,0.002700,0.001280572,-0.003260993,-0.004251118,0.00000
20120913,0.015600,-0.001221079,-0.003523197,-0.009482117,0.00000
20120914,0.005400,0.0040022896,-0.009424778,-0.008237653,0.00000
20120917,-0.004200,-0.003231555,0.0001621434,0.010189648,0.00000
20120918,-0.001500,-0.00147971,0.001852541,0.0032115893,0.00000
20120919,0.001800,-0.001981351,0.001734122,0.0011267898,0.00000
20120920,-0.001300,-0.00563953,0.0036827058,0.0053864382,0.00000
20120921,0.000400,0.0037064952,0.0004754319,0.0025399012,0.00000
20120924,-0.002600,-0.000415618,0.0058677039,-0.000784647,0.00000
20120925,-0.011100,-0.003298194,0.0069217705,0.0081013542,0.00000
20120926,-0.005700,-0.000448211,0.0025740287,-0.000452305,0.00000
20120927,0.009900,0.0047195199,-0.00569427,0.0010277707,0.00000
20120928,-0.004600,-0.003992166,0.0040575871,0.0014645939,0.00000
20121001,0.002500,0.0015308057,0.0029593523,-0.001180665,0.00000
20121002,0.001000,0.0002995753,0.0005927694,-0.001636954,0.00000
20121003,0.003600,-0.007551153,0.0021505126,0.0021966687,0.00000
20121004,0.007600,0.0000230441,0.0029495107,-0.007220455,0.00000
20121005,-0.000300,-0.000793279,0.0086805765,-0.002294809,0.00000
20121008,-0.003600,-0.001715087,0.0032282347,-0.004349876,0.00000
20121009,-0.010500,-0.002520464,-0.003078237,-0.006265501,0.00000
20121010,-0.005800,0.0031174659,-0.000787784,-0.003362465,0.00000
20121011,0.001100,0.0030986147,0.0022881669,-0.009891428,0.00000
20121012,-0.003500,-0.003637055,-0.000414599,0.0081274881,0.00000
20121015,0.007900,0.0003093409,0.0014001473,-0.003396437,0.00000
20121016,0.010000,0.0001623808,-0.006803272,0.0042475069,0.00000
20121017,0.004900,0.0032521851,-0.001199492,-0.009193388,0.00000
20121018,-0.003100,-0.007092288,0.0019490102,-0.003230356,0.00000
20121019,-0.016800,-0.004063604,0.0074131209,0.0022726688,0.00000
20121022,0.000000,0.0007858287,-0.006871661,0.0018992186,0.00000
20121023,-0.012900,0.0075738765,0.0054129481,0.0037951316,0.00000
20121024,-0.002800,-3.54589E-7,0.0017333328,-0.000959495,0.00000
20121025,0.002700,0.0027516459,0.0014683906,-0.001479017,0.00000
20121026,-0.000700,-0.00437067,0.0012339287,0.0035696549,0.00000
20121031,0.001300,0.0068415957,-0.000783744,-0.001489936,0.00000
20121101,0.011900,0.0064735785,0.0008494971,0.0002445928,0.00000
20121102,-0.010400,-0.005296911,0.0092235441,-0.000454351,0.00000
20121105,0.002800,0.0074468307,-0.004970255,0.0030571957,0.00000
20121106,0.008000,0.0042257668,0.0021770374,-0.00320953,0.00000
20121107,-0.023100,-0.003361793,0.0031759873,0.0166297968,0.00000
20121108,-0.012400,-0.001860992,0.0078723464,-0.002043679,0.00000
20121109,0.001500,0.0010477239,-0.003305101,0.0004251129,0.00000
20121112,0.000000,0.0017531841,-0.001950544,0.0007242603,0.00000
20121113,-0.003900,-0.001657317,-0.000195479,0.0055972569,0.00000
20121114,-0.014000,-0.00266705,0.0015092785,0.00510821,0.00000
20121115,-0.002400,-0.0027996,0.0058228735,-0.00383173,0.00000
20121116,0.005700,0.0003594958,-0.001928968,0.0046406289,0.00000
20121119,0.019800,0.0040301624,-0.012095633,0.0006784432,0.00000
20121120,0.001100,-0.001027734,0.0016512259,0.0042119572,0.00000
20121121,0.003100,0.0020721192,0.0010745612,0.0001829452,0.00000
20121123,0.012800,-0.000361711,-0.000651408,-0.000889741,0.00000
20121126,-0.001400,0.0037470133,-0.005215012,-0.000126672,0.00000
20121127,-0.004300,0.00279816,-0.001065471,0.0032440335,0.00000
20121128,0.008300,0.0002366453,0.0006094837,0.0035220008,0.00000
20121129,0.005400,0.0057742673,-0.00339092,-0.002503998,0.00000
20121130,0.000200,-0.002609128,0.0017406833,-0.000800867,0.00000
20121203,-0.004600,0.0040797745,0.0009293994,0.0014769789,0.00000
20121204,-0.001600,0.0035655012,0.0033531494,-0.000842954,0.00000
20121205,0.001700,-0.007574463,0.0109463253,-0.016218859,0.00000
20121206,0.003100,-0.001704737,-0.003356415,0.0029343604,0.00000
20121207,0.002800,-0.003386295,0.0067117226,-0.003707354,0.00000
20121210,0.001100,0.0046493403,-0.000719399,-0.005133508,0.00000
20121211,0.006800,0.0044024154,-0.004953856,-0.001408167,0.00000
20121212,-0.000200,-0.006722298,-0.001411306,-0.005469774,0.00000
20121213,-0.005700,-0.000282167,0.0048690528,-0.001346103,0.00000
20121214,-0.003400,0.0008000902,0.0039098394,-0.002231196,0.00000
20121217,0.011600,0.0013658408,-0.001165564,-0.001078115,0.00000
20121218,0.012100,0.0020248774,-0.00864116,-0.007147048,0.00000
20121219,-0.006000,0.0058952401,0.0002206746,0.0003164081,0.00000
20121220,0.005300,-0.002410798,0.0039707377,-0.002003613,0.00000
20121221,-0.008800,0.0044870111,-0.003245421,0.0033781842,0.00000
20121224,-0.002400,-0.002363346,0.0005155097,0.002832378,0.00000
20121226,-0.005400,-0.002614362,0.0016534569,-0.004478306,0.00000
20121227,-0.001100,0.000729047,-0.000965682,0.003843686,0.00000
20121228,-0.010000,0.0038278256,0.0006944775,0.0020213651,0.00000
20121231,0.017100,0.0046740942,-0.010416296,-0.000631405,0.00000
20130102,0.026200,0.002729075,-0.001019213,-0.006574972,0.00000
20130103,-0.001300,-0.00150562,-0.000934593,-0.005859855,0.00000
20130104,0.005500,-0.00101353,0.0049212844,-0.010361364,0.00000
20130107,-0.003100,-0.001819391,-0.001880932,0.0004326654,0.00000
20130108,-0.002600,0.000612324,-0.00006339,0.0044691642,0.00000
20130109,0.003500,0.0012202695,0.0021676345,0.0019594566,0.00000
20130110,0.006600,-0.006170438,0.0017200424,-0.004522564,0.00000
20130111,0.000100,0.0023000361,0.0023026597,0.0045623355,0.00000
20130114,-0.000700,-0.000741231,0.0078619816,-0.003288293,0.00000
20130115,0.001800,0.0024573183,0.0021572556,-0.00153447,0.00000
20130116,-0.000600,0.000443452,-0.00511087,-0.000101182,0.00000
20130117,0.006100,0.0055035038,0.002926872,0.0000555167,0.00000
20130118,0.002800,0.0005592271,0.0002265191,-0.003193755,0.00000
20130122,0.004900,0.0011840466,-0.000114162,-0.008334779,0.00000
20130123,0.000900,-0.001312142,-0.000767953,0.0058021176,0.00000
20130124,0.000900,0.0008763829,0.019492922,0.0009923812,0.00000
20130125,0.005800,-0.000736941,0.0009249031,-0.001489125,0.00000
20130128,-0.001400,0.0060626479,-0.00144923,-0.000045285,0.00000
20130129,0.003600,-0.002938197,-0.002015303,0.0006978682,0.00000
20130130,-0.003800,-0.009338356,0.0035122859,-0.001423059,0.00000
20130131,-0.000700,0.0074394817,-0.00094076,-0.002755908,0.00000
20130201,0.009900,0.0002185748,0.0008150036,-0.002981034,0.00000
20130204,-0.011900,-0.003275146,-0.000357752,0.0004336219,0.00000
20130205,0.010700,0.0004993417,-0.003102116,-0.002308655,0.00000
20130206,0.001500,0.0016425479,-0.002307394,-0.00308902,0.00000
20130207,-0.001600,0.0006657444,-0.003388039,0.0016709918,0.00000
20130208,0.005800,0.0022280305,-0.00426807,0.0013758357,0.00000
20130211,-0.000800,0.0003609189,0.0012168223,-0.001367478,0.00000
20130212,0.001600,0.0025726313,0.0046461375,-0.003431283,0.00000
20130213,0.001400,0.0017922457,0.0015097947,-0.001108711,0.00000
20130214,0.001100,0.0013594544,-0.000674873,0.000417869,0.00000
20130215,-0.001100,0.0007656143,0.0050161887,0.0021493727,0.00000
20130219,0.007400,0.0030843938,0.004365466,-0.001887343,0.00000
20130220,-0.013600,-0.006638012,0.0093086148,0.0055038946,0.00000
20130221,-0.006600,-0.001377776,0.0041260441,0.0008690173,0.00000
20130222,0.009400,0.0013003216,-0.001629932,-0.007481011,0.00000
20130225,-0.018200,-0.001064244,0.0004633714,0.0081459633,0.00000
20130226,0.005800,-0.000632325,-0.000792485,0.0003992258,0.00000
20130227,0.012900,-0.002151992,0.0018426733,-0.002107613,0.00000
20130228,-0.000600,-0.000956964,-0.000301619,0.0008660922,0.00000
20130301,0.002200,-0.000361752,0.0029419168,0.0048960673,0.00000
20130304,0.004700,-0.003864999,0.0065149589,-0.000665717,0.00000
20130305,0.010000,0.0031418038,-0.001038194,0.000957601,0.00000
20130306,0.001800,0.0000880321,0.0007359506,-0.006611208,0.00000
20130307,0.002700,0.0007000368,-0.001502723,-0.008582666,0.00000
20130308,0.005200,0.0016549235,-0.002043765,-0.00422779,0.00000
20130311,0.003000,-0.004190037,-0.001020943,-0.004669236,0.00000
20130312,-0.002200,0.0013640543,0.0033846866,-0.000581839,0.00000
20130313,0.002000,0.0026968914,0.0029728317,-0.001317985,0.00000
20130314,0.005800,0.0049057035,-0.000570509,-0.004054663,0.00000
20130315,-0.001900,-0.002158202,-0.00348401,-0.004669503,0.00000
20130318,-0.005000,0.0019694269,-0.00251972,0.0005465672,0.00000
20130319,-0.002300,0.0009866567,0.0050336691,0.0012174022,0.00000
20130320,0.007600,0.002888703,0.0002931827,0.0026020328,0.00000
20130321,-0.008500,0.0007580512,-0.001908353,0.0009994181,0.00000
20130322,0.006200,-0.002992844,-0.001851102,0.0008379921,0.00000
20130325,-0.002900,0.0026762716,0.0002829124,-0.001423542,0.00000
20130326,0.007600,-0.003406015,-0.000618228,0.0021317374,0.00000
20130327,-0.000200,0.0010222901,0.0003024435,0.001133936,0.00000
20130328,0.003900,-0.003676986,0.0049980296,0.0018619033,0.00000
20130401,-0.005700,-0.005855474,0.0086379838,0.0055001274,0.00000
20130402,0.003300,-0.005991239,0.0074379532,0.0040763585,0.00000
20130403,-0.011600,-0.003903735,0.0033981079,0.0035059635,0.00000
20130404,0.004200,0.0006458673,0.0007961938,-0.00198721,0.00000
20130405,-0.004100,-0.00077369,-0.002856738,-0.001745988,0.00000
20130408,0.007000,0.0002319907,-0.002156833,-0.002241039,0.00000
20130409,0.003100,-0.003753673,-0.00510603,-0.004398425,0.00000
20130410,0.012800,0.0090050561,0.0006379069,-0.000908616,0.00000
20130411,0.003500,-0.003252948,0.0028873671,0.0034940198,0.00000
20130412,-0.002800,-0.001130466,0.0030402907,0.003076494,0.00000
20130415,-0.024800,-0.011611223,0.009320449,0.0017262068,0.00000
20130416,0.014700,0.0009167741,-0.003071662,-0.00095758,0.00000
20130417,-0.014600,-0.003692958,0.0075887717,0.0018659602,0.00000
20130418,-0.007000,-0.000268258,0.0020894314,-0.000417551,0.00000
20130419,0.009700,-0.000995118,-0.001177841,0.0041041427,0.00000
20130422,0.004500,-0.001281774,-0.007242861,0.0025988169,0.00000
20130423,0.011100,0.0064394009,-0.0011322,-0.006779737,0.00000
20130424,0.000600,0.0030510186,-0.004153855,-0.010826914,0.00000
20130425,0.004900,0.0001549762,-0.002707964,-0.001351159,0.00000
20130426,-0.002000,-0.000947968,-0.000338568,-0.001121707,0.00000
20130429,0.006700,0.0016563083,-0.004605252,-0.000621789,0.00000
20130430,0.002900,0.0062251174,-0.003712141,9.9685692E-6,0.00000
20130501,-0.010800,-0.012038745,0.0006295771,0.0035798542,0.00000
20130502,0.010400,0.0067439953,-0.000842586,-0.002737682,0.00000
20130503,0.011200,0.0077112273,-0.001761454,-0.005007355,0.00000
20130506,0.002300,0.0011669256,-0.003609988,-0.006425835,0.00000
20130507,0.005400,-0.000548745,0.0019093685,0.0027539367,0.00000
20130508,0.004400,-0.000944909,-0.000216845,-0.001081678,0.00000
20130509,-0.003100,0.0014634165,0.0003671646,0.0007282958,0.00000
20130510,0.005400,0.0046504494,-0.002273434,-0.001437581,0.00000
20130513,-0.000200,-0.003526562,-0.000384655,-0.004010684,0.00000
20130514,0.011000,0.0000842477,0.0028446166,-0.003003119,0.00000
20130515,0.005100,-0.003919692,0.0048051303,0.0015175926,0.00000
20130516,-0.005100,0.0018489817,0.0014021938,0.001825306,0.00000
20130517,0.010400,-0.001323886,-0.0023585,-0.003460411,0.00000
20130520,-0.000600,0.0038100746,-0.001666228,-0.006261884,0.00000
20130521,0.001600,-0.000337618,0.0021942831,0.0005128156,0.00000
20130522,-0.009200,-0.004421503,0.0022464197,0.0035096169,0.00000
20130523,-0.001900,0.0047500531,0.0018622435,-0.002155586,0.00000
20130524,-0.000600,0.0019244445,0.0005235942,0.0016488499,0.00000
20130528,0.007700,0.0054216737,0.0009144421,-0.000770113,0.00000
20130529,-0.007000,-0.003381477,0.0010235628,-0.005672115,0.00000
20130530,0.005000,0.0006954191,-0.001123385,-0.0032306,0.00000
20130531,-0.013200,0.0050278902,-0.001378677,0.0053110041,0.00000
20130603,0.004900,0.0020305316,0.0037803662,-0.002271638,0.00000
20130604,-0.005500,-0.003054519,0.0021489421,0.0002398308,0.00000
20130605,-0.013800,0.0011714722,-0.000696474,0.0016205756,0.00000
20130606,0.008900,0.0010222,0.0018995965,-0.001620936,0.00000
20130607,0.013000,-0.006764512,0.0011652855,-0.002575149,0.00000
20130610,0.000700,0.0056143505,0.0004092634,-0.00161252,0.00000
20130611,-0.010400,-0.000232494,0.0015969936,0.003409148,0.00000
20130612,-0.008200,0.0013659243,0.002361523,0.0020004775,0.00000
20130613,0.014700,0.0034821406,0.0010933006,0.0006687035,0.00000
20130614,-0.005900,-0.001533737,-0.002338333,0.0047732358,0.00000
20130617,0.007300,-0.001073047,-0.00182364,0.00022673,0.00000
20130618,0.008000,0.0037635409,0.0001340487,0.000330825,0.00000
20130619,-0.012800,0.0000309758,0.000074019,-0.000890326,0.00000
20130620,-0.024500,0.0007620779,0.0051672462,-0.004831723,0.00000
20130621,0.001300,-0.000161558,0.0002281659,-0.006748824,0.00000
20130624,-0.011900,0.0026968573,-0.000489945,0.001279633,0.00000
20130625,0.009600,-0.00266784,0.0028544873,-0.005939482,0.00000
20130626,0.009200,-0.00768644,0.0000428186,-0.000105313,0.00000
20130627,0.007700,0.0076837152,0.0017744967,-0.002235041,0.00000
20130628,-0.003400,0.0013794029,-0.001914579,-0.002891826,0.00000
20130701,0.007100,0.0079206359,-0.001337229,0.0010219666,0.00000
20130702,-0.001000,0.0005097597,0.0007239737,-0.001909214,0.00000
20130703,0.001200,0.002464018,0.0009594311,0.0034310322,0.00000
20130705,0.011100,0.0059806234,0.0037331879,-0.001543723,0.00000
20130708,0.005300,-0.003958063,0.0013453219,-0.000773905,0.00000
20130709,0.007400,0.0022662219,-0.002080867,0.0011851294,0.00000
20130710,0.000600,0.0027000535,-0.002401389,-0.000279852,0.00000
20130711,0.013300,-0.000777082,-0.004989051,0.0044353821,0.00000
20130712,0.003400,0.0006131757,-0.000604313,-0.001727802,0.00000
20130715,0.002000,0.0046977829,0.000482928,-0.007520474,0.00000
20130716,-0.004100,0.0006599129,0.0007569575,-0.00127239,0.00000
20130717,0.003000,-0.000263714,-0.000721228,-0.003326706,0.00000
20130718,0.005500,-0.002425527,0.0022788495,-0.009721683,0.00000
20130719,0.000900,-0.000794711,0.0020210083,-0.007365673,0.00000
20130722,0.002300,0.0015620964,0.0009965555,-0.00024929,0.00000
20130723,-0.001500,-0.001514825,0.0040395155,-0.003970079,0.00000
20130724,-0.003900,-0.001260146,0.0026072003,0.0065016473,0.00000
20130725,0.004200,0.0067214737,-0.000542252,0.0012073177,0.00000
20130726,0.000200,-0.004618159,-0.000928871,-0.001762979,0.00000
20130729,-0.003700,-0.002100875,-0.001263512,0.002314655,0.00000
20130730,0.001100,0.0050245769,-0.002518673,0.0003990529,0.00000
20130731,0.001000,0.0012031768,0.000925569,0.0032294861,0.00000
20130801,0.014000,-0.001486447,0.000185708,0.0017504486,0.00000
20130802,0.002000,-0.003425761,-0.003255232,0.0023209614,0.00000
20130805,-0.000700,0.0051609396,-0.002361002,0.0003443346,0.00000
20130806,-0.006800,-0.004865991,0.0008637416,0.003093759,0.00000
20130807,-0.004200,-0.002152059,0.001792028,0.0033592757,0.00000
20130808,0.004700,0.0016000732,0.0016501908,-0.002775406,0.00000
20130809,-0.002900,-0.000127713,0.0004349854,-0.001938203,0.00000
20130812,-0.000200,0.0079244927,-0.002138108,0.0040530018,0.00000
20130813,0.002000,-0.00189219,-0.003598487,0.0039535963,0.00000
20130814,-0.005000,0.0005675406,-0.000569275,-0.006419695,0.00000
20130815,-0.014700,-0.003829517,-0.001648383,-0.006445236,0.00000
20130816,-0.002600,0.0006809643,0.000821061,0.0022867879,0.00000
20130819,-0.006200,-0.00090684,-0.002501553,0.0072713884,0.00000
20130820,0.005200,0.0086095026,-0.00045728,-0.004073603,0.00000
20130821,-0.005900,-0.000130229,-0.003495603,-9.711428E-6,0.00000
20130822,0.009200,0.004370764,-0.002773163,-0.00431308,0.00000
20130823,0.003700,-0.003174887,-0.002024274,0.0000546512,0.00000
20130826,-0.002900,0.0042204906,-0.004809626,-0.002037576,0.00000
20130827,-0.017500,-0.007343765,-0.000698814,0.0026703091,0.00000
20130828,0.003000,0.0016775521,-0.002196584,0.0022979431,0.00000
20130829,0.003400,0.004925184,-0.001282431,0.0057889969,0.00000
20130830,-0.004700,-0.011579371,-0.003231659,-0.001694161,0.00000
20130903,0.004600,-0.001903251,-0.004385806,0.0016296283,0.00000
20130904,0.008300,0.0017832438,-0.000999049,0.0033434323,0.00000
20130905,0.001900,0.0024407199,-0.000152207,-0.002172686,0.00000
20130906,0.000000,0.0001105343,-0.001477779,-0.002844388,0.00000
20130909,0.010900,0.0041849077,-0.002754502,0.000080621,0.00000
20130910,0.008000,0.0003717244,0.0020848828,0.000568452,0.00000
20130911,0.002800,-0.002890832,0.0060658841,0.0027754477,0.00000
20130912,-0.003200,-0.00084576,-0.001032778,0.0008242913,0.00000
20130913,0.002900,0.0019105012,0.0030154988,0.0018111241,0.00000
20130916,0.004900,-0.004991128,0.0064732961,-0.001878441,0.00000
20130917,0.005400,0.0034185742,-0.002140242,-0.0030851,0.00000
20130918,0.011000,-0.003216137,-0.00443671,0.0012418278,0.00000
20130919,-0.001300,0.0007641058,-0.004194366,0.0053100728,0.00000
20130920,-0.006300,0.0040698735,0.0023466479,0.0009505299,0.00000
20130923,-0.004500,0.0051825188,-0.004915457,0.0002287506,0.00000
20130924,-0.001300,0.0061143359,-0.001569583,0.0013267788,0.00000
20130925,-0.002300,0.0010956245,0.0004776962,-0.002984491,0.00000
20130926,0.004100,0.0002431757,-0.004503542,0.0030942804,0.00000
20130927,-0.003900,0.0013278176,-0.000341577,0.0037134043,0.00000
20130930,-0.004900,0.0063819049,-0.000856429,-0.000845421,0.00000
20131001,0.009000,0.0036970263,-0.003726456,0.0006894411,0.00000
20131002,-0.001000,-0.004040756,-0.002649007,-0.000011884,0.00000
20131003,-0.008900,-0.001848172,0.0018474537,-0.001701527,0.00000
20131004,0.007500,-0.001041281,-0.000692106,0.0002743586,0.00000
20131007,-0.009500,-0.0028998,-0.000374886,0.000888471,0.00000
20131008,-0.013500,-0.004428368,0.0058692207,-0.001594046,0.00000
20131009,-0.000500,-0.002474158,0.0036771447,0.0059491729,0.00000
20131010,0.022200,0.0010560511,-0.001318046,-0.001013091,0.00000
20131011,0.007100,0.0089309272,-0.000111157,0.0024961473,0.00000
20131014,0.004300,0.0019156977,-0.00063522,0.0040295958,0.00000
20131015,-0.007300,-0.002624561,-0.001231864,0.0022367958,0.00000
20131016,0.013700,-0.005243847,-0.001198804,-0.001596983,0.00000
20131017,0.007000,-6.428192E-6,-0.001766189,-0.001282769,0.00000
20131018,0.007200,0.00509408,-0.010256164,0.0118590014,0.00000
20131021,-0.000200,0.0015820248,0.0020357472,0.0034099297,0.00000
20131022,0.005100,-0.003802514,0.0025785397,-0.002665437,0.00000
20131023,-0.005100,0.0026752553,0.0034887485,-0.001081803,0.00000
20131024,0.004200,0.0008417491,-0.002049393,-0.000149665,0.00000
20131025,0.003300,-0.00402657,0.0029036497,-0.000600403,0.00000
20131028,0.000900,-0.001042437,0.003380358,0.000707166,0.00000
20131029,0.005400,0.0006692359,0.0030551787,0.0028050115,0.00000
20131030,-0.005900,-0.006110591,0.0021229908,0.002075538,0.00000
20131031,-0.003300,-0.004879352,0.001092088,0.0102773212,0.00000
20131101,0.002000,-0.005180703,0.002540314,-0.00562085,0.00000
20131104,0.004700,0.0077567427,-0.003992171,0.0018740135,0.00000
20131105,-0.002300,0.0012566414,0.0028107592,0.0046176584,0.00000
20131106,0.002700,-0.004867273,0.0047865241,0.0010770336,0.00000
20131107,-0.014500,0.0003032674,0.0050724059,-0.008743872,0.00000
20131108,0.014600,0.0052195536,0.000873549,-0.008943416,0.00000
20131111,0.001100,-0.000532182,0.000661113,0.0005559483,0.00000
20131112,-0.001800,0.0035444358,0.0014832629,0.0097242253,0.00000
20131113,0.009000,-0.000251367,-0.00142055,0.0016438257,0.00000
20131114,0.004200,-0.006038404,-0.003081026,-0.002885347,0.00000
20131115,0.004400,0.0006090752,-0.000805502,0.0009545829,0.00000
20131118,-0.004900,-0.002910266,0.0060174441,-0.002203349,0.00000
20131119,-0.002700,-0.004055028,0.0023900939,-0.00410219,0.00000
20131120,-0.003300,0.0026118949,0.0016896079,-0.000273792,0.00000
20131121,0.009600,0.0075954312,-0.00238315,0.0008566355,0.00000
20131122,0.004900,-0.00327242,-0.000900459,-0.002739707,0.00000
20131125,-0.001100,0.0017587327,0.0010764153,-0.003005738,0.00000
20131126,0.001700,0.0070972714,-0.005380945,0.0040720887,0.00000
20131127,0.003000,0.0046279506,0.0003382509,-0.000028531,0.00000
20131129,-0.000200,0.0026455363,-0.003228292,-0.000343913,0.00000
20131202,-0.003200,-0.00842911,0.0021421032,-0.00199182,0.00000
20131203,-0.003400,0.0001979008,-0.003733718,0.0022065792,0.00000
20131204,-0.000800,-0.000859656,-0.001380437,-0.002474995,0.00000
20131205,-0.003400,0.0061263809,-0.004945017,0.0031647803,0.00000
20131206,0.010200,-0.002186107,0.0069105785,0.0022694538,0.00000
20131209,0.001700,-0.003206669,-0.00089322,0.0003086659,0.00000
20131210,-0.003400,-0.006297808,-0.001943226,-0.001004967,0.00000
20131211,-0.011600,-0.00234672,0.0014921265,0.0018046896,0.00000
20131212,-0.002400,0.0049115851,-0.002474068,-0.005536095,0.00000
20131213,0.000900,0.0030429359,0.0014078475,-0.000830562,0.00000
20131216,0.006700,0.0071203193,0.0014331972,0.0020012031,0.00000
20131217,-0.002500,0.0028731623,-0.002471459,0.0009570068,0.00000
20131218,0.015500,-0.005616186,0.0040586782,0.0007880343,0.00000
20131219,-0.001000,-0.005155278,0.0024831439,-0.003638764,0.00000
20131220,0.006900,0.0128710929,-0.005241912,-0.000367461,0.00000
20131223,0.006200,0.0059726702,-0.002895788,-0.001550682,0.00000
20131224,0.003400,0.00175194,0.0015760038,-0.001999132,0.00000
20131226,0.004400,-0.003350746,0.0014919662,0.0029703079,0.00000
20131227,-0.000500,0.0002403574,0.0006903018,-0.005232469,0.00000
20131230,0.000000,-0.000274348,0.0009338955,0.0015775304,0.00000
20131231,0.004300,-0.001640827,-0.002855648,-0.001153872,0.00000
20140102,-0.008800,-0.004655202,0.0009713858,-0.005488163,0.00000
20140103,0.000300,0.0032851616,0.0033625246,-0.002449585,0.00000
20140106,-0.003400,-0.005521777,0.0004093916,-0.002318857,0.00000
20140107,0.006800,0.0060940149,-0.000475611,0.0034142901,0.00000
20140108,0.000400,0.0016232841,-0.00400147,-0.000962049,0.00000
20140109,0.000200,-0.002714771,0.0015905679,-0.012224378,0.00000
20140110,0.002700,0.0044048876,-0.002318035,-0.001603675,0.00000
20140113,-0.013200,-0.000740575,0.0003054515,-0.003168461,0.00000
20140114,0.011500,0.0028100499,-0.005266722,0.0053604513,0.00000
20140115,0.005300,0.0019972866,0.0004802993,-0.001849433,0.00000
20140116,-0.000700,0.0008925665,-0.005838851,0.0043002549,0.00000
20140117,-0.003900,-0.001960324,0.0025080283,-0.000741561,0.00000
20140121,0.003000,0.0001697703,-0.005964893,-0.002725481,0.00000
20140122,0.001500,0.0025979772,-0.005627602,0.0016797278,0.00000
20140123,-0.008600,0.0033697433,-0.003794799,0.0005054297,0.00000
20140124,-0.021800,-0.004772501,-0.000277324,-0.002769373,0.00000
20140127,-0.006500,-0.0074827,0.0031561761,0.0016000291,0.00000
20140128,0.007300,-0.001928511,0.0041530026,-0.004948533,0.00000
20140129,-0.010700,-0.002460439,0.0004422885,-0.000397538,0.00000
20140130,0.012200,0.0034546097,-0.005493446,0.0046463765,0.00000
20140131,-0.006600,0.0046242971,-0.008210158,0.0060013479,0.00000
20140203,-0.024800,-0.00837232,-0.000041203,0.0005547838,0.00000
20140204,0.007700,-0.002516185,-0.000271919,-0.001479804,0.00000
20140205,-0.002300,-0.005871241,0.0049398759,0.0027407737,0.00000
20140206,0.012200,-0.002707996,-0.001501764,0.0012753732,0.00000
20140207,0.013300,-0.003446162,-0.002332466,-0.003439052,0.00000
20140210,0.001600,0.001708581,-0.002656573,-0.002981357,0.00000
20140211,0.010900,-0.001036261,0.0035556289,-0.000205446,0.00000
20140212,0.001100,0.0059034346,-0.000907585,-0.00022667,0.00000
20140213,0.007200,0.0081802489,-0.004732595,0.0020240754,0.00000
20140214,0.004200,-0.001323284,0.0036770766,0.0035339931,0.00000
20140218,0.002700,0.0080087612,-0.005180534,-0.000685055,0.00000
20140219,-0.007300,-0.00300999,-0.002096873,0.0084434129,0.00000
20140220,0.007100,0.0036473061,-0.000521313,-0.000056534,0.00000
20140221,-0.000900,0.002191256,0.0001715588,-0.006243512,0.00000
20140224,0.006500,0.0010729386,-0.002462665,-0.001564943,0.00000
20140225,-0.001000,-0.002663812,-0.002074861,0.0000626736,0.00000
20140226,0.001300,0.0076769358,0.0029896083,0.001766479,0.00000
20140227,0.005400,0.0021316011,0.0030903535,-0.002558877,0.00000
20140228,0.001500,-0.005270388,0.0031850876,0.0042669989,0.00000
20140303,-0.007000,0.0002734815,-0.000890624,-0.000077045,0.00000
20140304,0.016700,0.0110837177,-0.000245157,0.0018108791,0.00000
20140305,0.000100,-0.003521976,-0.000989593,-0.000966545,0.00000
20140306,0.001600,-0.001187709,0.004243291,0.0001024402,0.00000
20140307,0.000400,0.0007620689,0.0038931416,-0.001054302,0.00000
20140310,-0.000900,-0.00009568,0.0019541227,0.0007167628,0.00000
20140311,-0.006200,-0.006018424,0.0031495621,0.0016038332,0.00000
20140312,0.001300,0.0017495536,-0.003481471,-0.001032937,0.00000
20140313,-0.012100,-0.003696527,0.001223718,-0.005156063,0.00000
20140314,-0.001600,0.0059391265,0.0001148132,-0.000969928,0.00000
20140317,0.009000,-0.00248044,0.0007843012,0.0041155897,0.00000
20140318,0.008200,0.0076502833,-0.004093773,0.0019665872,0.00000
20140319,-0.005900,0.0003806037,0.0013976654,-0.005501965,0.00000
20140320,0.005200,-0.003146988,0.0052373739,-0.004449056,0.00000
20140321,-0.003700,0.0004664007,0.0054030281,-0.002691027,0.00000
20140324,-0.006400,-0.005962542,0.0087105716,-0.002026147,0.00000
20140325,0.002900,-0.001616939,0.0015558109,0.0035600185,0.00000
20140326,-0.008900,-0.008917867,0.0059653451,0.0004695106,0.00000
20140327,-0.001800,-0.003143534,-0.00190572,0.0043630146,0.00000
20140328,0.004100,-0.002421859,0.0033410428,0.002319462,0.00000
20140331,0.009600,0.0087397691,-0.001343214,0.0019034932,0.00000
20140401,0.008700,0.0084728594,-0.003894069,0.0052035341,0.00000
20140402,0.003000,0.0028116036,-0.00040599,-0.001515905,0.00000
20140403,-0.003100,-0.006540377,0.0035212755,0.0014738073,0.00000
20140404,-0.014700,-0.013005747,0.0060157136,-0.005141853,0.00000
20140407,-0.012500,-0.004097529,0.0022938687,-0.004629465,0.00000
20140408,0.004900,0.0033035801,-0.00639235,0.0036723821,0.00000
20140409,0.012100,0.0028860243,-0.005787902,0.0048853512,0.00000
20140410,-0.022400,-0.0060366,0.0079625244,-0.004683431,0.00000
20140411,-0.010700,-0.004088576,0.0006198194,0.0032840285,0.00000
20140414,0.007100,-0.003158808,-0.001145911,-0.002578741,0.00000
20140415,0.006000,-0.003502758,-0.001717537,0.0006654004,0.00000
20140416,0.011200,-0.001867331,-0.004927861,0.0037525887,0.00000
20140417,0.002300,0.003010013,0.0008841451,0.0016123721,0.00000
20140421,0.003800,0.0012064671,-0.001148608,-0.000950428,0.00000
20140422,0.005700,0.0067133174,-0.002345261,-0.000602425,0.00000
20140423,-0.003100,-0.006098053,0.0019283986,-0.004510629,0.00000
20140424,0.000800,-0.004470626,-0.000101547,0.0014537443,0.00000
20140425,-0.010400,-0.008037712,0.0078022702,-0.003919809,0.00000
20140428,0.001200,-0.005507273,0.0064321429,0.0021520809,0.00000
20140429,0.005700,-0.002234702,-0.007540655,-0.001087526,0.00000
20140430,0.003500,0.0021860599,0.0009230635,0.0017329942,0.00000
20140501,0.000400,-0.000928762,-0.006844617,-0.003731727,0.00000
20140502,-0.000800,0.0035856815,0.0010952753,0.0021578056,0.00000
20140505,0.001300,-0.004802486,-0.00725491,0.0024411732,0.00000
20140506,-0.010300,-0.006361399,0.0053072353,0.0014318361,0.00000
20140507,0.004500,-0.00576922,0.0090034379,-0.001731989,0.00000
20140508,-0.002600,-0.005528753,0.0076048491,0.0042340692,0.00000
20140509,0.002500,0.005537187,-0.001929749,-0.001165087,0.00000
20140512,0.012000,0.0150425618,-0.004933019,0.0012889448,0.00000
20140513,-0.000500,-0.010537931,0.0013604605,-0.002748098,0.00000
20140514,-0.006000,-0.012496219,-0.00317015,-0.003984178,0.00000
20140515,-0.009000,0.0016063377,-0.002096094,0.001027229,0.00000
20140516,0.003600,0.0010503758,-0.002866108,0.0061863384,0.00000
20140519,0.005000,0.0083622778,-0.004207342,0.0012519937,0.00000
20140520,-0.007800,-0.008779556,-0.000149904,0.0003475792,0.00000
20140521,0.008100,-0.001857997,-0.00075402,0.0009542186,0.00000
20140522,0.003600,0.0059591269,-0.005658303,-0.004056116,0.00000
20140523,0.004900,0.0075012474,-0.001223854,0.0024673707,0.00000
20140527,0.006900,0.0087666844,-0.006600338,-0.004207483,0.00000
20140528,-0.001200,-0.003794828,0.0013809749,-0.002468826,0.00000
20140529,0.005400,-0.002886306,-0.00192421,0.000740377,0.00000
20140530,0.000600,-0.005865185,0.003408982,0.0005255936,0.00000
20140602,0.000600,-0.005271407,0.0027297592,0.0015339919,0.00000
20140603,-0.000500,-0.001900289,0.0019441415,-0.001752155,0.00000
20140604,0.002800,0.0010555603,-0.001110302,-0.001110264,0.00000
20140605,0.007700,0.0127465657,-0.001945464,-0.003683213,0.00000
20140606,0.005400,0.0053707259,0.0002684554,-0.003867597,0.00000
20140609,0.002200,0.0087925833,0.0016693925,-0.01136351,0.00000
20140610,-0.000300,-0.001775771,0.0013309734,-0.002031983,0.00000
20140611,-0.003400,-0.002063516,-0.004148239,0.0044255884,0.00000
20140612,-0.006900,-0.000943706,0.0002818485,-0.001578987,0.00000
20140613,0.003100,0.0004855053,0.0003067872,0.000296662,0.00000
20140616,0.001300,-0.001340534,-0.008138633,0.0015741583,0.00000
20140617,0.003400,0.0059698876,0.0000956918,-0.00634723,0.00000
20140618,0.007400,-0.005598277,-0.003275712,-0.002333336,0.00000
20140619,0.001200,-0.002398577,-0.001013239,0.0027104635,0.00000
20140620,0.001800,0.002586055,-0.001461467,0.0022759356,0.00000
20140623,-0.000200,-0.001749404,-0.001438736,-0.001644138,0.00000
20140624,-0.007200,-0.002017084,0.0021150017,-0.002402587,0.00000
20140625,0.005300,0.0025253274,-0.004164237,0.0024740188,0.00000
20140626,-0.001100,-0.001672782,-0.000098403,0.0004228223,0.00000
20140627,0.002500,0.0035866624,-0.001144682,0.0015061982,0.00000
20140630,0.000700,0.0019780378,-0.004700882,-0.00140183,0.00000
20140701,0.007400,0.0078464382,-0.00144005,0.0012177,0.00000
20140702,-0.000300,-0.003128826,0.0013376385,-0.001567978,0.00000
20140703,0.005900,0.0039453312,0.0035638267,-0.00060561,0.00000
20140707,-0.006200,-0.010155787,0.0057279283,0.0079069082,0.00000
20140708,-0.008200,-0.004784176,0.0042344086,0.0088681519,0.00000
20140709,0.004600,-0.00428993,-0.002994563,-0.00074584,0.00000
20140710,-0.004900,-0.00671482,0.0012125434,0.0021200048,0.00000
20140711,0.001200,-0.004168949,0.0014526039,-0.003048519,0.00000
20140714,0.004600,0.0008364092,-0.001160026,0.0010208949,0.00000
20140715,-0.003200,-0.00505004,0.0065939059,-0.001046157,0.00000
20140716,0.003300,-0.006047979,0.0000233567,0.0020804026,0.00000
20140717,-0.012100,-0.00399886,0.0027835435,0.0055450073,0.00000
20140718,0.011200,0.0048473773,-0.005009812,0.0002347776,0.00000
20140721,-0.002500,-0.003628371,-0.00315299,0.0013151618,0.00000
20140722,0.005300,0.0052734243,-0.001054335,0.0040882841,0.00000
20140723,0.001900,-0.003015799,-0.004068256,-0.015372603,0.00000
20140724,0.000500,-0.004515785,0.0015862766,0.0009897894,0.00000
20140725,-0.005300,-0.001407583,0.002360621,-0.002276235,0.00000
20140728,-0.000800,-0.005133582,0.0017204854,0.0050558977,0.00000
20140729,-0.003300,0.0044353303,-0.003126835,-0.005692633,0.00000
20140730,0.001200,0.0065634768,-0.002054827,-0.006200316,0.00000
20140731,-0.020300,-0.002304407,0.0050015353,0.0000756726,0.00000
20140801,-0.003200,-0.00118209,-0.00047269,0.0092323693,0.00000
20140804,0.007400,0.0009930079,-0.004144052,0.0047364416,0.00000
20140805,-0.008400,0.0063607883,0.0017804637,-0.001798469,0.00000
20140806,0.000200,0.0050709875,0.0015133095,-0.005072237,0.00000
20140807,-0.005200,0.0036984576,-0.002728188,-0.001441563,0.00000
20140808,0.011300,-0.003715123,-0.001127397,0.0003019239,0.00000
20140811,0.004000,0.0061674921,-0.004592788,0.0006418411,0.00000
20140812,-0.002300,-0.002984657,0.0054047576,0.0001797088,0.00000
20140813,0.007000,0.0004988476,-0.002819112,0.0011015208,0.00000
20140814,0.004400,-0.003925266,0.0009907714,-0.003193069,0.00000
20140815,0.000000,-0.00198777,-0.004810865,0.0036877439,0.00000
20140818,0.009300,0.0063713854,-0.00040241,-0.002424117,0.00000
20140819,0.004900,-0.000165542,-0.000742471,0.0041739154,0.00000
20140820,0.001900,-0.004170827,0.0012844209,0.0013777108,0.00000
20140821,0.002800,0.0017179021,0.0058907836,-0.008467172,0.00000
20140822,-0.001000,0.0028291139,-0.002488124,-0.000522507,0.00000
20140825,0.004900,-0.003649307,-0.001070761,-0.006850636,0.00000
20140826,0.001900,0.0073148339,-0.00053692,-0.005615694,0.00000
20140827,0.000000,-0.001653037,0.0009576869,0.0013633815,0.00000
20140828,-0.001900,-0.005670799,0.0001678396,0.0050652401,0.00000
20140829,0.003900,0.0023753125,-0.001990894,-0.002832694,0.00000
20140902,0.000500,0.0060823605,0.0006653662,0.0017092898,0.00000
20140903,-0.001400,-0.004327547,0.0024474642,-0.000703881,0.00000
20140904,-0.001800,-0.00097925,0.0024494539,0.0007224674,0.00000
20140905,0.004500,-0.002184834,0.000288414,0.0035458248,0.00000
20140908,-0.002200,0.0068059283,-0.001381372,-0.001632884,0.00000
20140909,-0.007200,-0.003503992,0.0019579206,0.0048685113,0.00000
20140910,0.004500,0.0017970865,-0.002006806,-0.007342835,0.00000
20140911,0.001900,0.0052205711,0.0001841326,-0.004456174,0.00000
20140912,-0.005500,-0.001274025,0.0052105666,-0.005128814,0.00000
20140915,-0.002800,-0.007541653,0.0099821984,0.0037567867,0.00000
20140916,0.007000,-0.004196644,-0.003970459,0.0092337906,0.00000
20140917,0.001700,0.0008295903,-0.001949366,-0.003589476,0.00000
20140918,0.005000,0.0041057776,0.0022518389,-0.000934651,0.00000
20140919,-0.001800,-0.01137041,0.000942648,-0.000414108,0.00000
20140922,-0.009700,-0.003293839,0.0070453625,0.0048236207,0.00000
20140923,-0.006200,-0.002460732,-0.002270622,0.0008585654,0.00000
20140924,0.008100,0.0000902625,-0.004407415,0.0005710941,0.00000
20140925,-0.016300,-0.002009102,0.0015461859,0.0017427311,0.00000
20140926,0.008500,0.0013528886,-0.00254751,0.0020215605,0.00000
20140929,-0.002200,0.0002344046,-0.004515469,0.0012051336,0.00000
20140930,-0.004000,-0.007517977,0.0055983787,0.003325481,0.00000
20141001,-0.013900,0.0004537816,0.0034419995,-0.001016709,0.00000
20141002,0.001600,0.0090488035,-0.003343385,-0.003265706,0.00000
20141003,0.010800,-0.003432779,-0.000512635,-0.002122755,0.00000
20141006,-0.002600,-0.003314544,0.0032034146,0.002331603,0.00000
20141007,-0.015600,0.0005012434,0.0027416521,0.0019934584,0.00000
20141008,0.017000,0.0018443831,0.0007051801,0.000058749,0.00000
20141009,-0.021700,-0.000691062,0.0051705604,0.0065074378,0.00000
20141010,-0.012900,-0.004217395,0.0085970493,0.0034839131,0.00000
20141013,-0.015900,0.0153225362,0.0100245264,-0.009531093,0.00000
20141014,0.002700,0.0069412589,0.0020974269,-0.011421755,0.00000
20141015,-0.005400,0.0106494343,-0.0166894,0.0015187759,0.00000
20141016,0.002200,0.0055289559,-0.007659768,-0.006171062,0.00000
20141017,0.011300,-0.01155186,0.0019751491,0.0064201466,0.00000
20141020,0.009400,0.0014529644,-0.00539326,0.0009899655,0.00000
20141021,0.019800,-0.001346722,-0.002227828,0.0044482584,0.00000
20141022,-0.008500,-0.004548576,0.0058618554,0.0055679006,0.00000
20141023,0.012900,0.0080355119,-0.003544328,-0.001287841,0.00000
20141024,0.006500,-0.000759194,0.0035847371,-0.001426047,0.00000
20141027,-0.001700,0.0003132564,0.0051489266,0.0030250928,0.00000
20141028,0.013700,0.0157481407,-0.005483451,-0.000891975,0.00000
20141029,-0.001700,0.0009610095,0.0059213724,0.0002093787,0.00000
20141030,0.006000,0.0014306951,0.0001815543,-0.003507327,0.00000
20141031,0.012300,0.0045683356,-0.004855402,0.004229118,0.00000
20141103,-0.000100,-0.002801718,0.0026394719,0.0032334569,0.00000
20141104,-0.003400,0.0029356982,0.0075108388,0.0105849863,0.00000
20141105,0.004800,-0.006536282,0.005866037,0.0041249696,0.00000
20141106,0.004900,0.0008469453,-0.001813145,0.0160760821,0.00000
20141107,0.000800,-0.000074359,-0.000642067,-0.010440043,0.00000
20141110,0.003300,0.0026521429,0.0022482016,0.0034742958,0.00000
20141111,0.001000,-0.002286958,-0.003843404,0.0014084556,0.00000
20141112,0.000700,0.0085594595,0.0032835958,-0.004174493,0.00000
20141113,-0.000300,-0.008968092,0.0029535134,0.009359741,0.00000
20141114,0.000600,-0.002692406,-0.002378358,-0.002878205,0.00000
20141117,-0.000500,-0.009751493,0.0030627337,0.0036161448,0.00000
20141118,0.005100,-0.000014017,-0.003329804,-0.000247115,0.00000
20141119,-0.002100,-0.009193545,0.0008467775,0.0063448241,0.00000
20141120,0.003100,0.0076396522,-0.001643003,-0.006901823,0.00000
20141121,0.004800,-0.003797669,-0.00183524,-0.00549136,0.00000
20141124,0.004000,0.009783046,-0.001075484,0.0001856964,0.00000
20141125,-0.000800,0.0012044676,0.0002517254,-0.000036199,0.00000
20141126,0.002900,0.001569825,0.0007278943,0.0035395244,0.00000
20141128,-0.003400,-0.004273784,0.0112217387,0.0189975372,0.00000
20141201,-0.009000,-0.008555727,0.0088718276,0.0099883045,0.00000
20141202,0.006500,0.0054633007,-0.001281442,-0.001649126,0.00000
20141203,0.004600,0.0037874255,-0.000865041,-0.002023403,0.00000
20141204,-0.001700,-0.002497142,0.0009397765,0.0024106129,0.00000
20141205,0.002500,0.0045639191,0.0028603016,-0.00679969,0.00000
20141208,-0.008200,-0.002807093,0.0082737113,0.0009506912,0.00000
20141209,0.001300,0.0144658273,-0.004694959,-0.003471544,0.00000
20141210,-0.017200,-0.004617215,0.0049110147,0.0079488251,0.00000
20141211,0.005000,-0.001520354,-0.000236338,0.0009152681,0.00000
20141212,-0.015500,0.0008913025,-0.002621479,0.005779076,0.00000
20141215,-0.006800,-0.0009346,0.0060663514,0.0076979107,0.00000
20141216,-0.008000,0.0049255777,-0.001229351,0.0017212369,0.00000
20141217,0.021500,0.0049682411,-0.011671268,-0.011143296,0.00000
20141218,0.023600,-0.005790668,0.0004388971,-0.005127847,0.00000
20141219,0.004300,-0.004594801,-0.004163103,-0.007057233,0.00000
20141222,0.003700,0.0021647402,0.0063264386,0.0061836579,0.00000
20141223,0.002100,-0.000816312,0.0058372971,-0.002901339,0.00000
20141224,0.000600,0.002930665,-0.002308561,0.0018358054,0.00000
20141226,0.003800,0.0031133856,-0.003869139,-0.000327972,0.00000
20141229,0.001300,0.0016649927,-0.001106265,-0.003196186,0.00000
20141230,-0.004800,0.000969909,0.0038632552,-0.001623338,0.00000
20141231,-0.009300,0.0025618498,-0.00392841,-0.001216634,0.00000
20150102,-0.001200,-0.008664023,-0.00210676,-0.004234416,0.00000
20150105,-0.018400,0.0036519557,-0.000309192,0.0090325646,0.00000
20150106,-0.010300,-0.008806648,0.002847244,0.0084645812,0.00000
20150107,0.011900,-0.001018565,-0.003024441,0.0059927667,0.00000
20150108,0.018100,-0.00255027,-0.001489829,0.0005035136,0.00000
20150109,-0.008500,-0.000396873,-0.00434775,0.003366787,0.00000
20150112,-0.007800,0.0031819969,0.0024217185,0.0065324882,0.00000
20150113,-0.001900,0.002895604,0.0010514164,0.0084215797,0.00000
20150114,-0.006000,-0.001197437,-0.00214509,0.002273517,0.00000
20150115,-0.010800,-0.012181333,0.0048579945,0.0078927567,0.00000
20150116,0.013600,0.0027562937,-0.003943361,-0.001876583,0.00000
20150120,0.001100,-0.006413705,-0.00390494,0.0064541852,0.00000
20150121,0.004200,-0.007595828,-0.003547967,-0.001162297,0.00000
20150122,0.015800,0.0073948552,0.003898173,-0.004990181,0.00000
20150123,-0.004700,0.0032122709,-0.007999856,0.006943153,0.00000
20150126,0.004200,0.0033343098,-0.005514274,-0.009376447,0.00000
20150127,-0.012200,0.0023145313,-0.004387217,-0.004091154,0.00000
20150128,-0.013900,0.0002038266,0.0048847596,0.0166485688,0.00000
20150129,0.009800,0.0041095565,-0.001448496,0.0050732764,0.00000
20150130,-0.013100,-0.011333159,-0.00271164,-0.008547292,0.00000
20150202,0.012400,-0.002205702,0.0031572203,-0.007324783,0.00000
20150203,0.014900,0.0062064581,0.0003255918,-0.012370078,0.00000
20150204,-0.003500,-0.000594577,0.000823014,0.0059700209,0.00000
20150205,0.011000,0.005006941,-0.004613847,-0.006506347,0.00000
20150206,-0.002000,0.0019590676,0.0058838147,-0.016187731,0.00000
20150209,-0.004600,-0.003160486,-0.000481486,-0.002323244,0.00000
20150210,0.010500,-0.003869018,-0.005068163,0.0060595184,0.00000
20150211,0.000300,0.0016975692,0.0017938766,0.0041408961,0.00000
20150212,0.010000,0.0018330243,-0.002112783,-0.005918309,0.00000
20150213,0.004700,0.0019434949,-0.002406468,-0.00224594,0.00000
20150217,0.001600,-0.000365016,-0.001558925,-0.007398531,0.00000
20150218,0.000300,0.0014366063,-0.004197239,0.0088853882,0.00000
20150219,-0.000100,0.0042597717,-0.00343281,0.0002558293,0.00000
20150220,0.006100,-0.00213549,-0.000075233,-0.000848819,0.00000
20150223,-0.000800,0.0013289102,0.0001150358,0.0060504553,0.00000
20150224,0.003200,0.0009158734,0.0029930478,-0.001059681,0.00000
20150225,0.000100,0.0009466559,-0.002764247,-0.007999548,0.00000
20150226,-0.000800,0.0098959334,-0.001526688,0.0069967673,0.00000
20150227,-0.003600,-0.000255401,0.00133703,0.0029568055,0.00000
20150302,0.006200,0.0042010776,0.0033276243,0.0005226669,0.00000
20150303,-0.004300,-0.004590548,-0.000571895,-0.007695206,0.00000
20150304,-0.004100,-0.001890119,-0.002903737,-0.001148006,0.00000
20150305,0.001500,0.0002212994,-0.003707115,-0.00418177,0.00000
20150306,-0.012900,0.0027089213,0.0050662258,-0.010737667,0.00000
20150309,0.003700,0.0024833852,0.0009656127,0.006909185,0.00000
20150310,-0.016300,0.000629939,-0.003955953,0.0050501675,0.00000
20150311,-0.000300,0.0057670857,-0.002242225,-0.009325521,0.00000
20150312,0.012800,0.0043076822,0.0029753352,-0.001465882,0.00000
20150313,-0.005800,0.001914695,-0.001892664,0.0020159198,0.00000
20150316,0.012400,-0.006270768,-0.001562427,0.007986561,0.00000
20150317,-0.001900,0.0044292618,-0.001714056,-0.003469191,0.00000
20150318,0.010900,-0.004457953,-0.004640217,0.0066092355,0.00000
20150319,-0.003600,0.0060299275,-0.004212604,0.0100505427,0.00000
20150320,0.008100,0.0014799072,0.0035357985,-0.000253247,0.00000
20150323,-0.001900,0.0046198016,0.0025719644,0.0022909693,0.00000
20150324,-0.005100,0.0064492714,-0.003594518,0.0028475792,0.00000
20150325,-0.015600,-0.009977842,0.0006816488,-0.001722575,0.00000
20150326,-0.002200,0.0009349688,-0.00046616,-0.00204335,0.00000
20150327,0.003200,0.0003497271,-0.004433291,0.0092748426,0.00000
20150330,0.012400,-0.002629875,-0.000524784,-0.003558767,0.00000
20150331,-0.007500,0.0046784524,-0.000814764,-0.002677456,0.00000
20150401,-0.003800,0.0030490502,0.0035166743,-0.003031004,0.00000
20150402,0.003500,-0.000669777,-0.000571567,-0.005452361,0.00000
20150406,0.006100,-0.001196193,-0.004315107,-0.000827651,0.00000
20150407,-0.002200,-0.004206843,0.0000682094,-0.003265953,0.00000
20150408,0.003700,0.0036825264,-0.004044916,0.0022791365,0.00000
20150409,0.004100,-0.006977398,0.0009354872,-0.003721412,0.00000
20150410,0.004900,-0.000595396,-0.000929581,0.0024109862,0.00000
20150413,-0.003800,0.0054453189,0.0008659378,-0.007521852,0.00000
20150414,0.001000,-0.001806339,-0.000978165,-0.002871396,0.00000
20150415,0.005700,0.0026371376,-0.002812749,-0.00732865,0.00000
20150416,-0.000800,-0.002183309,0.0003151465,-0.000612732,0.00000
20150417,-0.012300,-0.006237169,-0.000588067,-0.000372166,0.00000
20150420,0.009500,0.0000834662,0.000143491,0.0067013941,0.00000
20150421,-0.001000,0.0015930986,-0.002172674,0.0058892926,0.00000
20150422,0.004600,-0.00105819,0.0023505646,-0.004081023,0.00000
20150423,0.002900,0.001130581,-0.001016318,-0.000034752,0.00000
20150424,0.001700,-0.006750738,0.0007782187,0.0052515785,0.00000
20150427,-0.005300,-0.00130293,0.0035249479,0.0010996978,0.00000
20150428,0.002700,0.0051263013,0.0066156624,-0.006083515,0.00000
20150429,-0.003900,-0.0048101,-0.002209198,-0.017354285,0.00000
20150430,-0.011100,-0.00913128,0.0053029868,-0.002250832,0.00000
20150501,0.010100,-0.001491759,0.002054979,0.004612257,0.00000
20150504,0.003200,0.0007472085,0.0003134692,-0.003731087,0.00000
20150505,-0.011900,0.0012556536,0.0039996764,0.0017028334,0.00000
20150506,-0.003100,0.0042624762,0.0015765957,-0.000891881,0.00000
20150507,0.003900,-0.000030119,-0.000335386,0.001215357,0.00000
20150508,0.012100,-0.003946932,-0.00067556,0.0013359481,0.00000
20150511,-0.003900,0.0066782231,-0.000958045,0.0007191586,0.00000
20150512,-0.002600,0.00067143,-0.001404251,-0.004294024,0.00000
20150513,0.000100,0.0028235813,0.0024526249,-0.0002534,0.00000
20150514,0.010100,0.0012075357,-0.000696822,0.0079468677,0.00000
20150515,0.000500,-0.00416369,-0.002468934,0.0027415047,0.00000
20150518,0.004400,0.007113177,-0.005576973,0.0001749983,0.00000
20150519,-0.000900,0.0014492475,0.0033700861,0.003814181,0.00000
20150520,-0.000500,0.0010098464,-0.001384831,-0.003214266,0.00000
20150521,0.002300,-0.003952587,-0.004227593,-0.000982759,0.00000
20150522,-0.002200,-0.002159533,-0.002259708,-0.000566046,0.00000
20150526,-0.010100,-0.003154252,0.0016153046,-0.001855856,0.00000
20150527,0.009300,0.0058832793,-0.001279316,0.0057107817,0.00000
20150528,-0.001100,0.0013850481,0.002825095,0.0003720233,0.00000
20150529,-0.005800,-0.001308249,-0.0022393,-0.002135749,0.00000
20150601,0.001700,0.0007587526,-0.001011837,0.0073673975,0.00000
20150602,-0.000200,0.0044659725,0.001372778,-0.00950958,0.00000
20150603,0.003900,0.0104679514,0.0007582068,0.0014564126,0.00000
20150604,-0.008800,-0.002566279,0.0006627636,0.0015527627,0.00000
20150605,0.000600,0.010233049,-0.004422475,-0.009746939,0.00000
20150608,-0.006600,-0.000481264,0.0030259418,0.0005604333,0.00000
20150609,0.000200,-0.000341515,0.0015588012,-0.001535331,0.00000
20150610,0.011900,0.0057149558,0.0014320305,-0.001607608,0.00000
20150611,0.002100,-0.001316587,0.0024848473,0.0038602841,0.00000
20150612,-0.006300,0.0036570103,-0.000240399,0.0026171992,0.00000
20150615,-0.004500,0.0012115455,-0.004346775,-0.001352338,0.00000
20150616,0.005700,0.0015438316,0.0005962923,0.0006866973,0.00000
20150617,0.001600,-0.005832927,-0.001684328,0.003074259,0.00000
20150618,0.009900,0.0001480795,-0.002856566,0.0025833043,0.00000
20150619,-0.004300,0.0042657565,-0.002285862,0.002400412,0.00000
20150622,0.006300,0.0020959818,-0.003965056,-0.004414296,0.00000
20150623,0.001200,0.0034738389,-0.00173905,-0.005989931,0.00000
20150624,-0.007900,-0.000773007,0.0008493205,0.0025835766,0.00000
20150625,-0.002500,0.0018186193,0.0010561609,0.006564463,0.00000
20150626,-0.000600,-0.000996499,0.0063863667,-0.002251088,0.00000
20150629,-0.021400,-0.006662102,0.0020695938,0.0091830527,0.00000
20150630,0.003300,0.000343087,-0.007419664,-0.002763577,0.00000
20150701,0.006100,-0.001630271,0.008216136,0.0126039138,0.00000
20150702,-0.001100,-0.007935733,-0.001502104,0.0014507034,0.00000
20150706,-0.003700,0.0013988774,-0.000297817,0.0060907677,0.00000
20150707,0.005300,-0.007201276,-0.002230419,-0.002083651,0.00000
20150708,-0.016800,0.0029292952,0.0047709736,0.0115609079,0.00000
20150709,0.002900,0.0022417648,-0.004804349,-0.008762742,0.00000
20150710,0.012300,0.0008277752,-0.001669499,0.0053311372,0.00000
20150713,0.011400,0.0012194071,-0.002588473,-0.002447265,0.00000
20150714,0.004800,-0.001324169,-0.002801643,-0.004862435,0.00000
20150715,-0.001800,-0.004746805,0.0053788197,0.0049953764,0.00000
20150716,0.007700,-0.000174152,-0.005042418,0.0058926322,0.00000
20150717,0.000500,-0.001827355,-0.003194679,0.0074144019,0.00000
20150720,-0.000100,-0.003756235,0.0014429702,0.0130446793,0.00000
20150721,-0.004600,0.0016450333,0.0001604125,0.000650311,0.00000
20150722,-0.001700,0.0016427531,0.0008421621,0.002745777,0.00000
20150723,-0.005800,-0.003712345,-0.001947548,0.0026866688,0.00000
20150724,-0.010900,-0.010161577,0.0062221411,0.0103770585,0.00000
20150727,-0.007400,-0.001749349,0.0042704961,0.0080766366,0.00000
20150728,0.012300,-0.007394331,-0.00426105,-0.007414552,0.00000
20150729,0.007500,-0.001565681,0.0037998617,-0.003415789,0.00000
20150730,0.001000,0.0005957486,0.0002731205,0.002677208,0.00000
20150731,-0.001500,0.0092789054,-0.000706908,0.0081017795,0.00000
20150803,-0.003400,-0.004249199,0.0029291731,0.0028592369,0.00000
20150804,-0.001400,-0.001953763,-0.000356767,-0.000416884,0.00000
20150805,0.003600,0.0007132512,0.0034230304,0.0108364928,0.00000
20150806,-0.008800,-0.002982791,0.0061309299,-0.010888701,0.00000
20150807,-0.003600,-0.003933363,0.0040220089,0.0130736374,0.00000
20150810,0.013100,0.0023659188,0.0006723859,-0.015658903,0.00000
20150811,-0.009800,-0.004216477,0.0000651051,0.0083318955,0.00000
20150812,0.000700,-0.004155349,-0.008134387,-0.004297965,0.00000
20150813,-0.001400,-0.001449316,0.0020938063,0.0096923175,0.00000
20150814,0.004300,0.0045049072,0.0006214782,0.0029218283,0.00000
20150817,0.006000,0.0030884836,-0.006654663,-0.000632729,0.00000
20150818,-0.003500,-0.004756114,0.0005195984,0.0010858691,0.00000
20150819,-0.008500,-0.000418552,0.0003847212,0.0110125498,0.00000
20150820,-0.022400,-0.005126291,0.0111193788,0.009000414,0.00000
20150821,-0.029500,0.013333131,0.0013596193,-0.003322784,0.00000
20150824,-0.039100,0.0051404615,0.0023613087,0.009042866,0.00000
20150825,-0.011600,0.0041969402,-0.005909559,0.0080042859,0.00000
20150826,0.036800,-0.010682231,-0.000327665,0.0055657616,0.00000
20150827,0.024000,-0.008467553,-0.007107574,-0.023366044,0.00000
20150828,0.002300,0.0052349479,-0.00612277,-0.014601427,0.00000
20150831,-0.007400,0.006585553,0.0041372665,-0.007528349,0.00000
20150901,-0.029100,0.0003333883,-0.000781539,0.0095322479,0.00000
20150902,0.018200,-0.002741531,-0.003571625,0.0034384398,0.00000
20150903,0.001700,-0.002237242,0.0082255171,-0.001421468,0.00000
20150904,-0.013900,0.0064043058,-0.005106709,0.0034069693,0.00000
20150908,0.025200,-0.002204617,-0.000022876,0.0018671743,0.00000
20150909,-0.013400,0.0004869324,-0.000185326,0.0054829259,0.00000
20150910,0.004900,0.0007029065,-0.003808165,-0.00052611,0.00000
20150911,0.004400,-0.002452336,0.0011844032,0.0082035218,0.00000
20150914,-0.004100,0.000797371,0.000206754,0.0026973001,0.00000
20150915,0.012200,0.0002451246,0.0003897398,-0.003908417,0.00000
20150916,0.008500,-0.002465705,-0.00137098,-0.009645564,0.00000
20150917,-0.001700,0.0005042675,-0.009590597,0.0048729181,0.00000
20150918,-0.016200,0.0005878765,-0.004360244,0.0091854933,0.00000
20150921,0.003600,-0.004879098,0.0096566192,0.0076196489,0.00000
20150922,-0.012900,-0.001442651,0.0043854886,0.0056921277,0.00000
20150923,-0.002700,0.0008751574,0.0023631815,0.0153977262,0.00000
20150924,-0.003600,0.0010880576,0.0018591119,-0.005109068,0.00000
20150925,-0.002200,-0.008860024,0.0163410619,0.0074714009,0.00000
20150928,-0.026300,0.0005154227,0.0175555052,0.014953827,0.00000
20150929,-0.000600,-0.004611567,0.0136120464,0.0071703882,0.00000
20150930,0.018800,-0.006201448,-0.011796894,-0.00308055,0.00000
20151001,0.001300,-0.004456173,-0.003202679,-0.00462353,0.00000
20151002,0.014800,-0.004609428,-0.01145876,-0.013299833,0.00000
20151005,0.019300,0.0078122131,0.0028200144,-0.013647349,0.00000
20151006,-0.004300,-0.002218259,0.0078780758,-0.009456132,0.00000
20151007,0.009400,0.0073016061,-0.002883168,-0.005229255,0.00000
20151008,0.008500,0.0029368688,0.0046852235,-0.003895266,0.00000
20151009,0.001200,0.0006242778,-0.002420912,0.0048953165,0.00000
20151012,0.000600,-0.001328914,0.0034052109,0.0159484834,0.00000
20151013,-0.007300,-0.006686374,0.0068412485,0.0041552856,0.00000
20151014,-0.006000,-0.007834836,-0.001445255,-0.008898843,0.00000
20151015,0.015600,0.0059337618,-0.007299864,-0.009949726,0.00000
20151016,0.003500,-0.006033549,0.0026314477,0.0064289228,0.00000
20151019,0.000000,0.0029626744,0.0006676698,0.0138570106,0.00000
20151020,-0.001500,0.0016225669,0.0094917237,0.0012173867,0.00000
20151021,-0.007300,-0.010073215,0.0025913104,0.0109070348,0.00000
20151022,0.015000,-0.003777245,0.0113150177,0.0036926033,0.00000
20151023,0.010900,-0.001687904,-0.003582043,-0.006757958,0.00000
20151026,-0.002000,-0.004360079,0.0000149405,0.010581915,0.00000
20151027,-0.004200,-0.008849817,-0.001692232,0.0114284563,0.00000
20151028,0.014300,0.0207091869,-0.000623698,-0.013343968,0.00000
20151029,-0.002000,-0.008335888,-0.000587941,-0.003225743,0.00000
20151030,-0.004200,0.0015182132,-0.000545467,0.0006674806,0.00000
20151102,0.012500,0.0085601131,-0.003670018,-0.015129837,0.00000
20151103,0.003300,0.0008410792,-0.002569623,-0.00686625,0.00000
20151104,-0.002500,0.0016162757,-0.004761702,-0.001025603,0.00000
20151105,-0.000700,0.0050185778,0.0021088683,0.0056904163,0.00000
20151106,0.001400,0.0153316423,0.0032729645,-0.012291477,0.00000
20151109,-0.009500,-0.006791878,-0.001243971,-0.00112784,0.00000
20151110,0.001300,-0.000804241,0.0012010742,0.0082117515,0.00000
20151111,-0.004300,-0.004219141,0.0039070579,0.0125152002,0.00000
20151112,-0.014500,-0.004974053,0.0023685274,0.0098908681,0.00000
20151113,-0.010600,-0.002000825,-0.000309126,-0.016097493,0.00000
20151116,0.013900,-0.00660428,-0.002279254,-0.001585801,0.00000
20151117,-0.001100,-0.001058844,-0.000925296,0.0119898263,0.00000
20151118,0.016100,0.0013223937,-0.003277596,-0.005386829,0.00000
20151119,-0.001300,-0.000114976,0.0053863821,0.0067968673,0.00000
20151120,0.003500,0.0052001909,-0.000176741,0.0108998581,0.00000
20151123,-0.000100,0.0037546691,-0.002639914,-0.002042062,0.00000
20151124,0.002100,0.0042904281,-0.004820324,-0.010512854,0.00000
20151125,0.000700,0.0080052862,-0.002229498,-0.000631867,0.00000
20151127,0.000900,0.002100362,0.0010774586,0.0044669422,0.00000
20151130,-0.004800,-0.000542543,0.002863335,-0.007073489,0.00000
20151201,0.009700,-0.004724244,-0.001607527,0.0039900801,0.00000
20151202,-0.010100,0.0044580209,0.0028536599,0.0108240448,0.00000
20151203,-0.015000,-0.001552399,0.0071040861,0.0070915825,0.00000
20151204,0.018700,-0.005438565,0.0075554442,0.019474542,0.00000
20151207,-0.008300,-0.006084917,0.0092099096,0.0242231139,0.00000
20151208,-0.005800,-0.000671005,-0.011556842,0.0036932332,0.00000
20151209,-0.008300,-0.005268278,0.001732556,-0.010174621,0.00000
20151210,0.003000,0.0007070736,-0.001982587,-0.007223408,0.00000
20151211,-0.020200,-0.003303344,0.0059775766,0.0179206451,0.00000
20151214,0.002900,-0.0119129,0.0032394886,0.0173512014,0.00000
20151215,0.011000,0.0011738909,-0.000420216,-0.012695239,0.00000
20151216,0.014700,0.0008101303,-0.007047592,-0.004829946,0.00000
20151217,-0.014600,0.0032361078,-0.001940247,0.010163012,0.00000
20151218,-0.016900,0.0017578518,-0.00171136,-0.005046684,0.00000
20151221,0.007400,0.0014912845,0.0030562919,-0.00320675,0.00000
20151222,0.008900,0.000279321,0.0034460182,-0.003223705,0.00000
20151223,0.012900,-0.004840477,-0.005543459,-0.026926921,0.00000
20151224,-0.001100,0.00373142,0.0004181643,0.0007620829,0.00000
20151228,-0.002800,-0.001920806,0.0048786888,0.0166976118,0.00000
20151229,0.010500,0.0016203187,-0.00143238,-0.001477198,0.00000
20151230,-0.007400,-0.001273276,0.0036467767,0.0058351493,0.00000
20151231,-0.009200,-0.004049954,-0.005793038,-0.014675614,0.00000
20160104,-0.015900,-0.008787524,0.003057876,-0.006413958,0.00000
20160105,0.001300,-0.004871884,0.0042901794,0.0065139075,0.00000
20160106,-0.013400,0.0016448785,0.0028148806,0.0298150312,0.00000
20160107,-0.024400,-0.005430013,0.0056004927,0.019776878,0.00000
20160108,-0.011100,-0.005913451,0.0004662161,-0.001205367,0.00000
20160111,-0.000600,0.0030721491,0.013052848,0.0288389193,0.00000
20160112,0.007200,-0.004294892,0.0010295358,0.0164978515,0.00000
20160113,-0.026600,-0.005326649,0.0127369984,0.0169458256,0.00000
20160114,0.016500,-0.006111361,-0.011865996,-0.011649458,0.00000
20160115,-0.021300,0.0025369588,0.003223164,0.0135823622,0.00000
20160119,-0.001900,-0.008536096,0.0092605373,0.0256638438,0.00000
20160120,-0.009400,0.0153987326,-0.009254893,-0.000137869,0.00000
20160121,0.004500,-0.010401444,-0.002414532,-0.017822911,0.00000
20160122,0.020800,0.0007891906,-0.010523097,-0.009292875,0.00000
20160125,-0.017000,-0.008590972,0.0044702999,0.022338303,0.00000
20160126,0.015200,0.0055372717,0.0062354014,-0.012834206,0.00000
20160127,-0.011100,-0.002553747,0.0082122904,-0.00663794,0.00000
20160128,0.004900,-0.004617072,-0.006774134,0.0045722392,0.00000
20160129,0.025700,0.0120932626,-0.000908635,-0.002217339,0.00000
20160201,-0.000400,-0.003764241,-0.006294911,0.0070727938,0.00000
20160202,-0.020000,0.0007511097,0.0027656435,0.0200163532,0.00000
20160203,0.004600,-0.009976582,0.0022583068,-0.019983288,0.00000
20160204,0.002700,-0.000801918,0.0009328115,-0.013785646,0.00000
20160205,-0.020600,-0.008397507,0.0177636654,-0.000830489,0.00000
20160208,-0.015100,-0.001535107,0.0189362674,0.0332001461,0.00000
20160209,-0.000800,-0.002980504,0.0006833426,0.0102926821,0.00000
20160210,0.000100,-0.001441699,-0.008941477,0.0041600255,0.00000
20160211,-0.011700,0.001179775,-0.003733066,0.0190609174,0.00000
20160212,0.019800,0.0005228837,0.0028299921,-0.022272055,0.00000
20160216,0.017800,0.0056270533,0.0007514172,-0.007099397,0.00000
20160217,0.017400,-0.001559104,-0.010644107,-0.022386689,0.00000
20160218,-0.005100,-0.002470747,0.0072250737,0.0099686576,0.00000
20160219,0.000600,0.0049246304,-0.003743973,0.009271458,0.00000
20160222,0.014300,-0.005045703,-0.003694247,-0.016065047,0.00000
20160223,-0.012100,0.0044596382,0.0021216418,0.0225212521,0.00000
20160224,0.005400,0.0091296084,-0.006146214,0.0027370021,0.00000
20160225,0.011000,-0.002514411,0.0029850277,0.0024814373,0.00000
20160226,-0.000200,0.0094238238,-0.003040458,-0.021471045,0.00000
20160229,-0.006900,0.0060733438,0.0010366372,0.0006885911,0.00000
20160301,0.023400,-0.001108388,-0.001396208,-0.013459569,0.00000
20160302,0.005400,-0.000155902,-0.003553845,-0.027378171,0.00000
20160303,0.005000,0.0066516981,-0.002117034,-0.015111136,0.00000
20160304,0.003700,0.0014578476,-0.001636829,-0.006683697,0.00000
20160307,0.002100,0.0053687751,-0.001526046,-0.016735491,0.00000
20160308,-0.012700,-0.00821192,0.0079728549,0.0356183769,0.00000
20160309,0.005000,-0.00226737,-0.002493358,0.0002421355,0.00000
20160310,-0.001000,-0.005211958,0.0050690938,-0.000986084,0.00000
20160311,0.016900,0.0062580058,-0.00442775,-0.023258461,0.00000
20160314,-0.001200,-0.001495982,-0.002564637,0.0015013871,0.00000
20160315,-0.003500,-0.012033155,0.0077046807,0.0180470125,0.00000
20160316,0.006300,-0.000589546,-0.003734698,-0.002416211,0.00000
20160317,0.007100,0.0078780851,0.0042740738,-0.00907856,0.00000
20160318,0.005400,0.0076383155,-0.000769489,-0.010948826,0.00000
20160321,0.001000,-0.006012998,-0.002625843,-0.001394084,0.00000
20160322,-0.000500,-0.003242072,-0.002846281,-0.003396173,0.00000
20160323,-0.008500,-0.009971518,0.0068788304,0.0252691717,0.00000
20160324,0.000000,0.0009872451,-0.003493084,-0.001545985,0.00000
20160328,0.000400,-0.000542269,0.0031527024,0.0074671136,0.00000
20160329,0.010700,0.0143996939,-0.009373451,0.003995808,0.00000
20160330,0.004100,7.7254369E-6,0.0032111485,-0.001494997,0.00000
20160331,-0.001100,0.0023960054,-0.006746015,-0.007952901,0.00000
20160401,0.006400,0.0000731041,-0.002297095,0.0040061282,0.00000
20160404,-0.004100,-0.004430208,-0.000450563,-0.000202339,0.00000
20160405,-0.009400,-0.002293233,0.000643818,0.004013833,0.00000
20160406,0.011400,-0.000858173,-0.012296035,-0.014444719,0.00000
20160407,-0.012300,-0.00476385,-0.003402932,0.0060800439,0.00000
20160408,0.002900,0.0007121864,0.0019088833,-0.009728418,0.00000
20160411,-0.002800,0.0015293208,0.0072712723,-0.00561418,0.00000
20160412,0.009900,0.0005752477,-0.003298504,-0.016334007,0.00000
20160413,0.012300,0.0148139587,0.0018507831,-0.016013061,0.00000
20160414,0.000300,-0.002431861,-0.001312639,-0.006294335,0.00000
20160415,-0.000400,0.0010127286,0.0011818965,0.0036451802,0.00000
20160418,0.006500,0.0000928266,-0.001669462,-0.004622022,0.00000
20160419,0.002800,-0.001699428,0.008121108,-0.012589652,0.00000
20160420,0.001500,0.0029634859,0.0011292079,-0.014437309,0.00000
20160421,-0.004800,0.0021883756,-0.002467426,-0.006048457,0.00000
20160422,0.001200,0.0048988624,-0.000071985,-0.015289832,0.00000
20160425,-0.002400,-0.007118663,0.0024772827,0.0119171086,0.00000
20160426,0.002900,0.0081665666,0.00174766,-0.007034306,0.00000
20160427,0.002100,-0.00271588,-0.002008606,-0.007081491,0.00000
20160428,-0.009600,-0.003936378,0.0004938634,0.0005717499,0.00000
20160429,-0.005000,-0.005017946,0.0030888501,-0.000252921,0.00000
20160502,0.007800,0.000493547,-0.000041487,0.006473491,0.00000
20160503,-0.010500,-0.006832035,0.0013004286,0.0225243751,0.00000
20160504,-0.006600,-0.002910995,-0.001321191,0.0151605361,0.00000
20160505,-0.000800,-0.004795797,-0.001919439,-0.000667481,0.00000
20160506,0.003800,0.0036229666,0.0020835009,0.0053798072,0.00000
20160509,0.000500,0.0011463532,-0.011281243,0.0118068965,0.00000
20160510,0.012600,0.0003940127,0.0042909239,-0.014232231,0.00000
20160511,-0.008900,-0.004363712,0.0010661119,-0.006489235,0.00000
20160512,-0.001100,-0.006069868,0.0038850457,0.0107150459,0.00000
20160513,-0.008200,0.0000988206,-0.007111393,0.0036127796,0.00000
20160516,0.009900,0.0017467276,-0.00154999,-0.010231426,0.00000
20160517,-0.009500,-0.008981101,0.0030057757,-0.017126619,0.00000
20160518,0.001000,0.0081880374,-0.000837796,-0.009224723,0.00000
20160519,-0.003200,-0.006405859,0.0008666499,0.0062283002,0.00000
20160520,0.007500,0.0082355514,-0.003683521,-0.005300067,0.00000
20160523,-0.001900,0.0015079052,0.0010595723,-0.003676816,0.00000
20160524,0.014300,0.0084545703,-0.003431919,0.0037765439,0.00000
20160525,0.007100,-0.000474075,0.003998613,-0.018948813,0.00000
20160526,-0.000400,-0.001679413,-0.002592629,0.0088961372,0.00000
20160527,0.004800,0.0045153233,-0.000445476,-0.000580487,0.00000
20160531,-0.000100,0.0032031068,-0.004254069,-0.008853371,0.00000
20160601,0.002000,0.0058714906,-0.002052986,-0.000554237,0.00000
20160602,0.003500,0.0020786613,-0.002469191,-0.006313748,0.00000
20160603,-0.003800,-0.003777537,0.0012345735,0.0125592669,0.00000
20160606,0.006000,0.00579772,0.0008587063,-0.019192431,0.00000
20160607,0.001200,-0.001042591,0.0017331915,-0.003547415,0.00000
20160608,0.003700,0.0036740491,0.0009370556,0.0066222617,0.00000
20160609,-0.002700,-0.005164376,0.0002369738,0.0138597517,0.00000
20160610,-0.010500,-0.003636317,0.0023593486,0.0181162068,0.00000
20160613,-0.008400,-0.004568496,-0.002115841,0.0030431246,0.00000
20160614,-0.001900,-0.000030371,-0.00435773,0.0123262499,0.00000
20160615,-0.001100,0.0016058267,-0.000587023,-0.00654267,0.00000
20160616,0.002400,-0.005444344,0.0026477014,0.008987975,0.00000
20160617,-0.003000,0.0006672785,0.007674389,-0.013085228,0.00000
20160620,0.007100,0.0069242351,-0.000625691,-0.005194029,0.00000
20160621,0.002100,-0.003463181,0.0010487771,0.0018720173,0.00000
20160622,-0.002000,-0.002354788,0.0013351109,0.0043058674,0.00000
20160623,0.014500,0.0070030842,0.0002582534,-0.015611688,0.00000
20160624,-0.036900,-0.009192072,-0.009979519,0.0306688616,0.00000
20160627,-0.020600,-0.016140848,-0.003137386,0.0306795,0.00000
20160628,0.017600,-0.004439772,-0.006783683,-0.020942759,0.00000
20160629,0.017900,0.0048046359,-0.000896061,-0.016897579,0.00000
20160630,0.014200,0.0048725395,0.0082547002,0.0062274537,0.00000
20160701,0.002400,0.0017032934,-0.003541073,-0.006279598,0.00000
20160705,-0.008400,-0.007605461,-0.004689785,0.0243459078,0.00000
20160706,0.006200,0.0004091716,-0.003412782,-0.004987438,0.00000
20160707,0.000200,0.0050389777,0.0008279985,-0.002159361,0.00000
20160708,0.015900,0.0088734672,0.0036994103,-0.005851626,0.00000
20160711,0.004200,0.007495091,0.0030107044,-0.00077053,0.00000
20160712,0.007500,0.0067164791,0.0054250553,-0.021607078,0.00000
20160713,-0.000400,-0.003044334,0.0038180847,0.0098317978,0.00000
20160714,0.005100,0.0002863838,0.0033252563,-0.005287107,0.00000
20160715,-0.000500,0.0018097977,-0.001226414,-0.003883667,0.00000
20160718,0.002400,0.0005004682,-0.002593775,-0.003573303,0.00000
20160719,-0.002200,-0.003372144,0.0018954675,0.0081880773,0.00000
20160720,0.004800,0.0051783587,-0.005038893,-0.003958555,0.00000
20160721,-0.003800,-0.005495052,0.0023584928,-0.000213465,0.00000
20160722,0.004800,0.0021465543,-0.000656904,-0.00065002,0.00000
20160725,-0.002700,0.0027390922,-0.000668009,0.0048119282,0.00000
20160726,0.001300,0.0043732099,0.0032353038,-0.007512975,0.00000
20160727,-0.001400,0.0078386156,-0.002919846,-0.000199099,0.00000
20160728,0.001900,-0.000093568,-0.002307051,0.0025336082,0.00000
20160729,0.001700,0.0027262898,-0.002617145,-0.002439014,0.00000
20160801,-0.001600,0.0051528882,-0.00280424,0.0159399787,0.00000
20160802,-0.007000,-0.006156886,-0.000020793,-0.001521429,0.00000
20160803,0.004500,0.0011331887,-0.001484753,-0.023432616,0.00000
20160804,0.000500,0.004268027,-0.001056626,0.0063720396,0.00000
20160805,0.009200,0.0096974264,0.0077897471,-0.016427576,0.00000
20160808,-0.000600,-0.002364169,0.0019389368,-0.007595595,0.00000
20160809,0.000500,-0.000190363,-0.001834648,0.0011055753,0.00000
20160810,-0.002900,-0.002787964,0.0027859562,0.0125045626,0.00000
20160811,0.005400,0.0003490703,-0.000266598,-0.007281577,0.00000
20160812,-0.000600,-0.00268095,-0.003861685,-0.001702363,0.00000
20160815,0.003800,0.0082998207,0.0028054556,-0.010933859,0.00000
20160816,-0.005700,-0.000749964,0.0060624482,-0.003458429,0.00000
20160817,0.001200,-0.00607912,0.0012926885,0.0008475762,0.00000
20160818,0.003200,0.002440964,0.0004344084,-0.004638434,0.00000
20160819,-0.001100,0.0028788632,0.001608328,0.0032626025,0.00000
20160822,-0.000200,0.0010036276,-0.003550703,0.0008252961,0.00000
20160823,0.002600,0.0062754836,0.0006670759,-0.002053357,0.00000
20160824,-0.005500,-0.001754986,0.0051956075,0.0064945765,0.00000
20160825,-0.000800,0.0040508795,0.0024366525,-0.000813001,0.00000
20160826,-0.001500,0.0030082889,-0.002447424,-0.007098565,0.00000
20160829,0.005300,-0.001438084,0.0010811587,-0.003686043,0.00000
20160830,-0.001400,0.0032173602,-0.000745387,-0.00780105,0.00000
20160831,-0.002400,-0.001242549,0.0011561938,0.0024211971,0.00000
20160901,0.000300,0.0011201767,-0.003279828,0.0063591804,0.00000
20160902,0.005300,0.0028754894,0.0003581569,-0.002318756,0.00000
20160906,0.002700,-0.002939718,-0.007075317,-0.004948928,0.00000
20160907,0.000900,0.0049579362,-0.003158208,-0.005552685,0.00000
20160908,-0.001800,-0.002784406,-0.000577675,-0.01491651,0.00000
20160909,-0.024600,-0.001827715,0.0050226808,-0.000361217,0.00000
20160912,0.014400,-0.00035624,-0.003901232,-0.002557442,0.00000
20160913,-0.014800,-0.00132267,0.0001505872,0.0102554402,0.00000
20160914,-0.000800,-0.00029816,-0.003898262,0.0042824946,0.00000
20160915,0.010700,0.0029409494,-0.000468955,0.0006731043,0.00000
20160916,-0.003600,0.0021495477,-0.007044215,0.0016440474,0.00000
20160919,0.000500,0.0043982749,0.0022743021,-0.000750008,0.00000
20160920,-0.000100,-0.000994676,0.0014860947,-0.001603311,0.00000
20160921,0.011200,-0.001126635,-0.000782353,-0.005556721,0.00000
20160922,0.007000,0.0090652722,-0.000702589,-0.000824569,0.00000
20160923,-0.005900,6.4408212E-6,-0.001503863,0.0027431133,0.00000
20160926,-0.008800,-0.004622722,0.0001478197,0.0033295006,0.00000
20160927,0.006400,0.0009538961,-0.000674568,0.0043837625,0.00000
20160928,0.005600,0.0008288681,0.0041705841,-0.015714821,0.00000
20160929,-0.009800,-0.003742632,0.0072756754,0.0027211958,0.00000
20160930,0.008800,0.0048786314,0.0022268316,-0.008331795,0.00000
20161003,-0.002600,0.0005542225,-0.001648024,-0.001479937,0.00000
20161004,-0.004500,0.0022041556,0.0022308939,-0.002809156,0.00000
20161005,0.005800,0.0040467397,0.0037853756,-0.013449061,0.00000
20161006,-0.000600,0.0000194938,0.0050358845,0.0096684769,0.00000
20161007,-0.003800,-0.00323999,-0.000659992,0.0004938019,0.00000
20161010,0.005200,0.0030109451,-0.004530865,-0.009156923,0.00000
20161011,-0.013000,-0.003319313,0.0049835588,-0.000162125,0.00000
20161012,0.000600,0.0009216548,0.0057926496,0.0090765365,0.00000
20161013,-0.004100,-0.009745221,-0.004093305,0.0040497733,0.00000
20161014,0.000100,0.0001528813,0.0078198091,0.0061364305,0.00000
20161017,-0.002900,0.0021404095,0.0010846121,0.0047013823,0.00000
20161018,0.006000,-0.001878331,-0.003969689,-0.003770906,0.00000
20161019,0.002400,0.0021468405,0.0039685186,-0.005901116,0.00000
20161020,-0.001600,-0.003509477,-0.002974878,-0.007381872,0.00000
20161021,0.000200,-0.001643108,0.0006998083,0.0026313831,0.00000
20161024,0.005400,0.0042057208,0.0015063489,0.010359835,0.00000
20161025,-0.004600,-0.004914187,0.0026590423,0.0040199831,0.00000
20161026,-0.002300,-0.00533505,0.0062439169,-0.001591052,0.00000
20161027,-0.003200,-0.007876532,0.0009917567,-0.004405256,0.00000
20161028,-0.002900,0.0036805963,0.0024658897,0.0074391978,0.00000
20161031,0.000200,0.0026066159,0.0011171759,0.012014999,0.00000
20161101,-0.006800,-0.003653063,-0.001384877,-0.00488595,0.00000
20161102,-0.007300,-0.007750857,0.0057812902,0.009898217,0.00000
20161103,-0.004000,0.000434063,0.0114560724,0.0063235752,0.00000
20161104,-0.001200,0.0032682489,-0.00499107,-0.005769786,0.00000
20161107,0.022400,0.0011663725,0.0001197731,-0.005702655,0.00000
20161108,0.004000,-0.001707372,0.0003229155,0.0041624709,0.00000
20161109,0.014500,0.0193802507,0.0092428747,-0.034566119,0.00000
20161110,0.003200,0.0124433294,0.0113862195,-0.028779934,0.00000
20161111,0.001800,0.0255394836,0.0039170272,0.0026637166,0.00000
20161114,0.002000,0.0058536685,0.0075451621,-0.01806227,0.00000
20161115,0.008000,-0.004937122,-0.004917383,-0.001360885,0.00000
20161116,-0.001200,0.0039421453,0.0010558736,0.0140950432,0.00000
20161117,0.005600,0.000354882,-0.000639196,0.002017442,0.00000
20161118,-0.001600,0.0070707839,-0.000260232,-0.004216567,0.00000
20161121,0.007700,-0.002519202,-0.003770574,-0.003140333,0.00000
20161122,0.003100,0.0074898538,0.0068118964,0.006169366,0.00000
20161123,0.001500,0.0051499234,-0.000244516,-0.008301323,0.00000
20161125,0.004000,-0.001366002,-0.000240809,0.0034470142,0.00000
20161128,-0.006400,-0.008152706,-0.001145138,0.0154183888,0.00000
20161129,0.001200,-0.004481673,-0.002232282,0.0062200187,0.00000
20161130,-0.002500,-0.000538459,0.0082506345,-0.034140234,0.00000
20161201,-0.003600,-0.002343148,0.0101273729,-0.005647839,0.00000
20161202,0.000000,-0.000820361,-0.004907242,0.0015264087,0.00000
20161205,0.007500,0.0116544463,-0.000938764,-0.003266339,0.00000
20161206,0.004700,0.0065197736,0.0001970544,-0.005715555,0.00000
20161207,0.012600,-0.001344683,0.0064361916,0.0117552606,0.00000
20161208,0.003600,0.0145760943,0.0006864912,-0.003808028,0.00000
20161209,0.004600,-0.004444332,8.753122E-7,-0.000907474,0.00000
20161212,-0.003000,-0.007538356,-0.000780449,0.0078636064,0.00000
20161213,0.006000,-0.005343531,-0.003307034,-0.001238132,0.00000
20161214,-0.008200,-0.001093501,0.0012189479,0.008329102,0.00000
20161215,0.004600,0.0038068129,0.0004453907,-0.004092181,0.00000
20161216,-0.002200,-0.002680132,-0.005663087,-0.007416488,0.00000
20161219,0.002200,0.0027974089,0.0018913846,0.0026548923,0.00000
20161220,0.004400,0.0057345699,0.0038713756,0.0013893883,0.00000
20161221,-0.002400,-0.001825045,0.000681361,0.0037144339,0.00000
20161222,-0.003000,-0.007211313,-0.001553918,-0.000635844,0.00000
20161223,0.001900,0.0040694098,-0.005052251,-0.008363301,0.00000
20161227,0.002700,0.0041286414,0.0006577993,0.0020810906,0.00000
20161228,-0.008700,-0.002987866,0.0002063218,0.0028797639,0.00000
20161229,-0.000400,0.0006792518,-0.000872901,0.006432392,0.00000
20161230,-0.005200,0.000429384,0.0002264915,-0.003582602,0.00000
